level,timestamp,test_name,backend_name,run_count,total_time_s,renoir_compile_time_s,renoir_execute_time_s,ibis_time_s,max_memory_MiB,scenario,exception
INFO,2024-07-23 13:35:21.715,test_scenarios_preprocess_1_dropna,duckdb,-1,1.3503050190629438,-1,-1,-1,372.41015625,Scenario1,None
INFO,2024-07-23 13:35:23.338,test_scenarios_preprocess_1_dropna,duckdb,0,1.5668832460651174,-1,-1,-1,427.5546875,Scenario1,None
INFO,2024-07-23 13:35:24.751,test_scenarios_preprocess_1_dropna,duckdb,1,1.3239921920467168,-1,-1,-1,432.140625,Scenario1,None
INFO,2024-07-23 13:35:26.476,test_scenarios_preprocess_1_dropna,duckdb,2,1.6674854119773954,-1,-1,-1,441.3203125,Scenario1,None
INFO,2024-07-23 13:35:27.894,test_scenarios_preprocess_1_dropna,duckdb,3,1.330605310969986,-1,-1,-1,436.08984375,Scenario1,None
INFO,2024-07-23 13:35:29.279,test_scenarios_preprocess_1_dropna,duckdb,4,1.3287101269233972,-1,-1,-1,451.10546875,Scenario1,None
INFO,2024-07-23 13:36:51.244,test_scenarios_preprocess_1_dropna,flink,-1,72.92607496201526,-1,-1,-1,1311.0,Scenario1,None
INFO,2024-07-23 13:38:11.901,test_scenarios_preprocess_1_dropna,flink,0,72.97956103901379,-1,-1,-1,1454.53515625,Scenario1,None
INFO,2024-07-23 13:39:33.828,test_scenarios_preprocess_1_dropna,flink,1,74.71862552803941,-1,-1,-1,1526.51171875,Scenario1,None
INFO,2024-07-23 13:40:54.008,test_scenarios_preprocess_1_dropna,flink,2,72.57512853294611,-1,-1,-1,1565.3125,Scenario1,None
INFO,2024-07-23 13:42:16.315,test_scenarios_preprocess_1_dropna,flink,3,74.90648226789199,-1,-1,-1,1580.48046875,Scenario1,None
INFO,2024-07-23 13:43:38.432,test_scenarios_preprocess_1_dropna,flink,4,74.75594020402059,-1,-1,-1,1624.109375,Scenario1,None
INFO,2024-07-23 13:43:40.510,test_scenarios_preprocess_1_dropna,renoir,-1,1.9933159260544926,1.7432068809866905,0.23168942495249212,-1,1942.61328125,Scenario1,None
INFO,2024-07-23 13:43:42.425,test_scenarios_preprocess_1_dropna,renoir,0,1.8566174739971757,1.600769953103736,0.23768225207459182,-1,1943.6171875,Scenario1,None
INFO,2024-07-23 13:43:44.319,test_scenarios_preprocess_1_dropna,renoir,1,1.8366673479322344,1.5860082890139893,0.23270632501225919,-1,1939.6328125,Scenario1,None
INFO,2024-07-23 13:43:46.212,test_scenarios_preprocess_1_dropna,renoir,2,1.836027673096396,1.586866519995965,0.23070178495254368,-1,1937.17578125,Scenario1,None
INFO,2024-07-23 13:43:48.100,test_scenarios_preprocess_1_dropna,renoir,3,1.8318290989845991,1.585316804004833,0.22777397104073316,-1,1942.8828125,Scenario1,None
INFO,2024-07-23 13:43:50.066,test_scenarios_preprocess_1_dropna,renoir,4,1.909435132984072,1.6556395340012386,0.2355731399729848,-1,1948.546875,Scenario1,None
INFO,2024-07-23 13:43:50.769,test_scenarios_preprocess_2_fillna,duckdb,-1,0.6463002549717203,-1,-1,-1,1566.87890625,Scenario1,None
INFO,2024-07-23 13:43:51.468,test_scenarios_preprocess_2_fillna,duckdb,0,0.642521440051496,-1,-1,-1,1595.421875,Scenario1,None
INFO,2024-07-23 13:43:52.229,test_scenarios_preprocess_2_fillna,duckdb,1,0.7074066769564524,-1,-1,-1,1580.74609375,Scenario1,None
INFO,2024-07-23 13:43:52.913,test_scenarios_preprocess_2_fillna,duckdb,2,0.6292290029814467,-1,-1,-1,1555.2734375,Scenario1,None
INFO,2024-07-23 13:43:53.602,test_scenarios_preprocess_2_fillna,duckdb,3,0.6335255400044844,-1,-1,-1,1555.671875,Scenario1,None
INFO,2024-07-23 13:43:54.386,test_scenarios_preprocess_2_fillna,duckdb,4,0.7291581929894164,-1,-1,-1,1568.6875,Scenario1,None
INFO,2024-07-23 13:45:03.173,test_scenarios_preprocess_2_fillna,flink,-1,61.15507739700843,-1,-1,-1,1581.69921875,Scenario1,None
INFO,2024-07-23 13:46:12.281,test_scenarios_preprocess_2_fillna,flink,0,61.57375028904062,-1,-1,-1,1579.859375,Scenario1,None
INFO,2024-07-23 13:47:21.413,test_scenarios_preprocess_2_fillna,flink,1,61.49056202196516,-1,-1,-1,1570.87109375,Scenario1,None
INFO,2024-07-23 13:48:30.435,test_scenarios_preprocess_2_fillna,flink,2,61.294855103013106,-1,-1,-1,1587.37109375,Scenario1,None
INFO,2024-07-23 13:49:39.047,test_scenarios_preprocess_2_fillna,flink,3,61.12595989496913,-1,-1,-1,1601.1796875,Scenario1,None
INFO,2024-07-23 13:50:49.493,test_scenarios_preprocess_2_fillna,flink,4,63.05787090200465,-1,-1,-1,1589.43359375,Scenario1,None
INFO,2024-07-23 13:50:51.402,test_scenarios_preprocess_2_fillna,renoir,-1,1.8441734330262989,1.5975988999707624,0.22801631805486977,-1,1960.92578125,Scenario1,None
INFO,2024-07-23 13:50:53.252,test_scenarios_preprocess_2_fillna,renoir,0,1.7929460930172354,1.5460541979409754,0.22876658895984292,-1,1971.2265625,Scenario1,None
INFO,2024-07-23 13:50:55.073,test_scenarios_preprocess_2_fillna,renoir,1,1.7645156609360129,1.52124291297514,0.22469976998399943,-1,1972.08984375,Scenario1,None
INFO,2024-07-23 13:50:56.927,test_scenarios_preprocess_2_fillna,renoir,2,1.7958041969686747,1.5521044289926067,0.22551198897417635,-1,1969.6796875,Scenario1,None
INFO,2024-07-23 13:50:58.802,test_scenarios_preprocess_2_fillna,renoir,3,1.8181866309605539,1.5734040579991415,0.22667184995952994,-1,1967.74609375,Scenario1,None
INFO,2024-07-23 13:51:00.630,test_scenarios_preprocess_2_fillna,renoir,4,1.7706499630585313,1.5281339819775894,0.22441166697535664,-1,1970.88671875,Scenario1,None
INFO,2024-07-23 13:51:01.118,test_scenarios_preprocess_3_filter,duckdb,-1,0.4314932159613818,-1,-1,-1,1586.1328125,Scenario1,None
INFO,2024-07-23 13:51:01.597,test_scenarios_preprocess_3_filter,duckdb,0,0.4222538030007854,-1,-1,-1,1611.1328125,Scenario1,None
INFO,2024-07-23 13:51:02.127,test_scenarios_preprocess_3_filter,duckdb,1,0.47459048905875534,-1,-1,-1,1613.71875,Scenario1,None
INFO,2024-07-23 13:51:02.612,test_scenarios_preprocess_3_filter,duckdb,2,0.4272581400582567,-1,-1,-1,1616.38671875,Scenario1,None
INFO,2024-07-23 13:51:03.101,test_scenarios_preprocess_3_filter,duckdb,3,0.4327861679485068,-1,-1,-1,1616.92578125,Scenario1,None
INFO,2024-07-23 13:51:03.588,test_scenarios_preprocess_3_filter,duckdb,4,0.4299273620126769,-1,-1,-1,1617.3359375,Scenario1,None
INFO,2024-07-23 13:51:42.934,test_scenarios_preprocess_3_filter,flink,-1,31.71428318694234,-1,-1,-1,1629.6484375,Scenario1,None
INFO,2024-07-23 13:52:21.673,test_scenarios_preprocess_3_filter,flink,0,31.44538933003787,-1,-1,-1,1627.234375,Scenario1,None
INFO,2024-07-23 13:53:01.315,test_scenarios_preprocess_3_filter,flink,1,31.803830954944715,-1,-1,-1,1628.22265625,Scenario1,None
INFO,2024-07-23 13:53:40.140,test_scenarios_preprocess_3_filter,flink,2,31.530680106021464,-1,-1,-1,1633.0625,Scenario1,None
INFO,2024-07-23 13:54:19.591,test_scenarios_preprocess_3_filter,flink,3,31.57265940005891,-1,-1,-1,1633.6484375,Scenario1,None
INFO,2024-07-23 13:54:58.928,test_scenarios_preprocess_3_filter,flink,4,31.52869886008557,-1,-1,-1,1639.671875,Scenario1,None
INFO,2024-07-23 13:55:00.683,test_scenarios_preprocess_3_filter,renoir,-1,1.6965576009824872,1.5313013299601153,0.14474641904234886,-1,2041.2421875,Scenario1,None
INFO,2024-07-23 13:55:02.396,test_scenarios_preprocess_3_filter,renoir,0,1.6562782530672848,1.4946159480605274,0.1414168019546196,-1,2021.40625,Scenario1,None
INFO,2024-07-23 13:55:04.140,test_scenarios_preprocess_3_filter,renoir,1,1.6875015689292923,1.5212171820458025,0.14572231203783303,-1,2037.78515625,Scenario1,None
INFO,2024-07-23 14:00:04.232,test_scenarios_preprocess_3_filter,renoir,0,-1,-1,-1,-1,-1,Scenario1,timeout
INFO,2024-07-23 14:00:04.672,test_scenarios_preprocess_4_group_sum,duckdb,-1,0.35437265294604003,-1,-1,-1,399.59375,Scenario1,None
INFO,2024-07-23 14:00:05.065,test_scenarios_preprocess_4_group_sum,duckdb,0,0.337001395993866,-1,-1,-1,439.7734375,Scenario1,None
INFO,2024-07-23 14:00:05.459,test_scenarios_preprocess_4_group_sum,duckdb,1,0.33768173097632825,-1,-1,-1,470.5234375,Scenario1,None
INFO,2024-07-23 14:00:05.872,test_scenarios_preprocess_4_group_sum,duckdb,2,0.35699689795728773,-1,-1,-1,504.16015625,Scenario1,None
INFO,2024-07-23 14:00:06.247,test_scenarios_preprocess_4_group_sum,duckdb,3,0.3185894740745425,-1,-1,-1,534.25,Scenario1,None
INFO,2024-07-23 14:00:06.665,test_scenarios_preprocess_4_group_sum,duckdb,4,0.3630081709707156,-1,-1,-1,552.22265625,Scenario1,None
INFO,2024-07-23 14:00:24.457,test_scenarios_preprocess_4_group_sum,flink,-1,8.470563560957089,-1,-1,-1,1233.1015625,Scenario1,None
INFO,2024-07-23 14:00:39.896,test_scenarios_preprocess_4_group_sum,flink,0,7.9374280750053,-1,-1,-1,1279.39453125,Scenario1,None
INFO,2024-07-23 14:00:55.469,test_scenarios_preprocess_4_group_sum,flink,1,7.627586222020909,-1,-1,-1,1296.26171875,Scenario1,None
INFO,2024-07-23 14:01:11.217,test_scenarios_preprocess_4_group_sum,flink,2,7.88179695000872,-1,-1,-1,1303.48828125,Scenario1,None
INFO,2024-07-23 14:01:26.689,test_scenarios_preprocess_4_group_sum,flink,3,7.893215660005808,-1,-1,-1,1316.58984375,Scenario1,None
INFO,2024-07-23 14:01:41.917,test_scenarios_preprocess_4_group_sum,flink,4,7.89218449301552,-1,-1,-1,1319.44140625,Scenario1,None
INFO,2024-07-23 14:01:44.706,test_scenarios_preprocess_4_group_sum,renoir,-1,2.7311454949667677,2.5655968060018495,0.14755719294771552,-1,1744.75390625,Scenario1,None
INFO,2024-07-23 14:01:47.317,test_scenarios_preprocess_4_group_sum,renoir,0,2.5528398980386555,2.389792541973293,0.14523647900205106,-1,1755.578125,Scenario1,None
INFO,2024-07-23 14:01:49.921,test_scenarios_preprocess_4_group_sum,renoir,1,2.54644269507844,2.374944234965369,0.15383044199552387,-1,1758.08984375,Scenario1,None
INFO,2024-07-23 14:01:52.520,test_scenarios_preprocess_4_group_sum,renoir,2,2.542517858091742,2.3759412280051038,0.148539992980659,-1,1756.58984375,Scenario1,None
INFO,2024-07-23 14:01:55.101,test_scenarios_preprocess_4_group_sum,renoir,3,2.523130062967539,2.358393036061898,0.14706521201878786,-1,1743.98046875,Scenario1,None
INFO,2024-07-23 14:01:57.734,test_scenarios_preprocess_4_group_sum,renoir,4,2.5752020080108196,2.408434523968026,0.14893344091251493,-1,1764.3515625,Scenario1,None
INFO,2024-07-23 14:01:58.156,test_scenarios_preprocess_5_group_mean,duckdb,-1,0.36376316600944847,-1,-1,-1,1427.4296875,Scenario1,None
INFO,2024-07-23 14:01:58.582,test_scenarios_preprocess_5_group_mean,duckdb,0,0.3694982079323381,-1,-1,-1,1548.5703125,Scenario1,None
INFO,2024-07-23 14:01:58.992,test_scenarios_preprocess_5_group_mean,duckdb,1,0.3534697789000347,-1,-1,-1,1575.75,Scenario1,None
INFO,2024-07-23 14:01:59.402,test_scenarios_preprocess_5_group_mean,duckdb,2,0.354478718014434,-1,-1,-1,1585.87109375,Scenario1,None
INFO,2024-07-23 14:01:59.811,test_scenarios_preprocess_5_group_mean,duckdb,3,0.3527614250779152,-1,-1,-1,1598.9296875,Scenario1,None
INFO,2024-07-23 14:02:00.232,test_scenarios_preprocess_5_group_mean,duckdb,4,0.3665279629640281,-1,-1,-1,1645.84765625,Scenario1,None
INFO,2024-07-23 14:02:30.493,test_scenarios_preprocess_5_group_mean,flink,-1,22.694051078986377,-1,-1,-1,1712.125,Scenario1,None
INFO,2024-07-23 14:03:02.843,test_scenarios_preprocess_5_group_mean,flink,0,24.7263359290082,-1,-1,-1,1746.34765625,Scenario1,None
INFO,2024-07-23 14:03:33.718,test_scenarios_preprocess_5_group_mean,flink,1,22.959274184075184,-1,-1,-1,1606.33984375,Scenario1,None
INFO,2024-07-23 14:04:04.258,test_scenarios_preprocess_5_group_mean,flink,2,22.920793299912475,-1,-1,-1,2541.40625,Scenario1,None
INFO,2024-07-23 14:04:34.244,test_scenarios_preprocess_5_group_mean,flink,3,22.608676476986147,-1,-1,-1,2585.1171875,Scenario1,None
INFO,2024-07-23 14:05:04.299,test_scenarios_preprocess_5_group_mean,flink,4,22.53951520600822,-1,-1,-1,2581.3359375,Scenario1,None
INFO,2024-07-23 14:05:06.966,test_scenarios_preprocess_5_group_mean,renoir,-1,2.6099433680064976,2.33998295199126,0.252092920942232,-1,3000.296875,Scenario1,None
INFO,2024-07-23 14:05:09.655,test_scenarios_preprocess_5_group_mean,renoir,0,2.630941376904957,2.356147861923091,0.257161688990891,-1,2997.79296875,Scenario1,None
INFO,2024-07-23 14:05:12.353,test_scenarios_preprocess_5_group_mean,renoir,1,2.6361601889366284,2.365665093064308,0.25262226804625243,-1,3013.6640625,Scenario1,None
INFO,2024-07-23 14:05:14.993,test_scenarios_preprocess_5_group_mean,renoir,2,2.5819031099090353,2.313930631033145,0.24938811198808253,-1,3006.09765625,Scenario1,None
INFO,2024-07-23 14:05:17.622,test_scenarios_preprocess_5_group_mean,renoir,3,2.571810233988799,2.2987951040267944,0.25525614293292165,-1,3013.8984375,Scenario1,None
INFO,2024-07-23 14:05:20.294,test_scenarios_preprocess_5_group_mean,renoir,4,2.6153530159499496,2.340631357044913,0.2568301029969007,-1,3008.80078125,Scenario1,None
INFO,2024-07-23 14:05:21.326,test_scenarios_analytics_1_filter,duckdb,-1,0.11269086797256023,-1,-1,-1,3002.66796875,Scenario3,None
INFO,2024-07-23 14:05:22.406,test_scenarios_analytics_1_filter,duckdb,0,0.12320276990067214,-1,-1,-1,3178.140625,Scenario3,None
INFO,2024-07-23 14:05:23.473,test_scenarios_analytics_1_filter,duckdb,1,0.1260423440253362,-1,-1,-1,3466.0,Scenario3,None
INFO,2024-07-23 14:05:24.536,test_scenarios_analytics_1_filter,duckdb,2,0.1332068369956687,-1,-1,-1,3739.4296875,Scenario3,None
INFO,2024-07-23 14:05:25.609,test_scenarios_analytics_1_filter,duckdb,3,0.1388666139682755,-1,-1,-1,3988.91015625,Scenario3,None
INFO,2024-07-23 14:05:26.686,test_scenarios_analytics_1_filter,duckdb,4,0.14694222004618496,-1,-1,-1,4263.421875,Scenario3,None
INFO,2024-07-23 14:05:26.996,test_scenarios_analytics_1_filter,polars,-1,0.1337188829202205,-1,-1,-1,4467.484375,Scenario3,None
INFO,2024-07-23 14:05:27.279,test_scenarios_analytics_1_filter,polars,0,0.1355459839105606,-1,-1,-1,4577.11328125,Scenario3,None
INFO,2024-07-23 14:05:27.564,test_scenarios_analytics_1_filter,polars,1,0.13408134004566818,-1,-1,-1,4677.796875,Scenario3,None
INFO,2024-07-23 14:05:27.848,test_scenarios_analytics_1_filter,polars,2,0.1365733229322359,-1,-1,-1,4788.85546875,Scenario3,None
INFO,2024-07-23 14:05:28.134,test_scenarios_analytics_1_filter,polars,3,0.13753394805826247,-1,-1,-1,4851.65234375,Scenario3,None
INFO,2024-07-23 14:05:28.412,test_scenarios_analytics_1_filter,polars,4,0.1360190260456875,-1,-1,-1,4934.30859375,Scenario3,None
INFO,2024-07-23 14:07:03.956,test_scenarios_analytics_1_filter,risingwave,-1,0.24879316007718444,-1,-1,-1,4747.27734375,Scenario3,None
INFO,2024-07-23 14:07:04.959,test_scenarios_analytics_1_filter,risingwave,0,0.25811715808231384,-1,-1,-1,4916.28515625,Scenario3,None
INFO,2024-07-23 14:12:04.977,test_scenarios_analytics_1_filter,risingwave,0,-1,-1,-1,-1,-1,Scenario3,timeout
INFO,2024-07-23 14:12:31.890,test_scenarios_analytics_1_filter,renoir,-1,3.108508897945285,0.953469684929587,0.13401836098637432,-1,1587.74609375,Scenario3,None
INFO,2024-07-23 14:12:56.461,test_scenarios_analytics_1_filter,renoir,0,2.9905305260326713,0.8103659499902278,0.13662304799072444,-1,1614.6484375,Scenario3,None
INFO,2024-07-23 14:13:21.885,test_scenarios_analytics_1_filter,renoir,1,3.0096530159935355,0.8124954180093482,0.13435598590876907,-1,1642.359375,Scenario3,None
INFO,2024-07-23 14:13:46.608,test_scenarios_analytics_1_filter,renoir,2,3.030794134014286,0.8026697470340878,0.1352293340023607,-1,1617.80859375,Scenario3,None
INFO,2024-07-23 14:14:12.546,test_scenarios_analytics_1_filter,renoir,3,2.971817323938012,0.8064583910163492,0.13474945002235472,-1,1628.171875,Scenario3,None
INFO,2024-07-23 14:14:37.087,test_scenarios_analytics_1_filter,renoir,4,2.985102773993276,0.7997094269376248,0.13561761006712914,-1,1644.1015625,Scenario3,None
INFO,2024-07-23 14:14:38.134,test_scenarios_analytics_2_group_mean,duckdb,-1,0.09008154110051692,-1,-1,-1,751.24609375,Scenario3,None
INFO,2024-07-23 14:14:39.173,test_scenarios_analytics_2_group_mean,duckdb,0,0.09800384589470923,-1,-1,-1,1023.04296875,Scenario3,None
INFO,2024-07-23 14:14:40.210,test_scenarios_analytics_2_group_mean,duckdb,1,0.09812564600724727,-1,-1,-1,1023.625,Scenario3,None
INFO,2024-07-23 14:14:41.250,test_scenarios_analytics_2_group_mean,duckdb,2,0.10040236997883767,-1,-1,-1,1241.25,Scenario3,None
INFO,2024-07-23 14:14:42.299,test_scenarios_analytics_2_group_mean,duckdb,3,0.10527985508088022,-1,-1,-1,1456.828125,Scenario3,None
INFO,2024-07-23 14:14:43.389,test_scenarios_analytics_2_group_mean,duckdb,4,0.15608267404604703,-1,-1,-1,1721.75,Scenario3,None
INFO,2024-07-23 14:14:43.777,test_scenarios_analytics_2_group_mean,polars,-1,0.1144939640071243,-1,-1,-1,1628.47265625,Scenario3,None
INFO,2024-07-23 14:14:44.046,test_scenarios_analytics_2_group_mean,polars,0,0.11649140994995832,-1,-1,-1,1796.84375,Scenario3,None
INFO,2024-07-23 14:14:44.315,test_scenarios_analytics_2_group_mean,polars,1,0.11702446197159588,-1,-1,-1,1848.5859375,Scenario3,None
INFO,2024-07-23 14:14:44.586,test_scenarios_analytics_2_group_mean,polars,2,0.11643954808823764,-1,-1,-1,1921.73828125,Scenario3,None
INFO,2024-07-23 14:14:44.852,test_scenarios_analytics_2_group_mean,polars,3,0.11873545101843774,-1,-1,-1,1950.84375,Scenario3,None
INFO,2024-07-23 14:14:45.124,test_scenarios_analytics_2_group_mean,polars,4,0.12024745706003159,-1,-1,-1,2066.15234375,Scenario3,None
INFO,2024-07-23 14:14:46.313,test_scenarios_analytics_2_group_mean,risingwave,-1,0.40226355101913214,-1,-1,-1,2166.9296875,Scenario3,None
INFO,2024-07-23 14:14:47.435,test_scenarios_analytics_2_group_mean,risingwave,0,0.3957043669652194,-1,-1,-1,2066.05078125,Scenario3,None
INFO,2024-07-23 14:14:48.554,test_scenarios_analytics_2_group_mean,risingwave,1,0.4004250030266121,-1,-1,-1,1928.53515625,Scenario3,None
INFO,2024-07-23 14:14:49.714,test_scenarios_analytics_2_group_mean,risingwave,2,0.39903436496388167,-1,-1,-1,1923.65625,Scenario3,None
INFO,2024-07-23 14:14:50.874,test_scenarios_analytics_2_group_mean,risingwave,3,0.3945249450625852,-1,-1,-1,1945.2734375,Scenario3,None
INFO,2024-07-23 14:14:52.033,test_scenarios_analytics_2_group_mean,risingwave,4,0.4043684769421816,-1,-1,-1,1945.76171875,Scenario3,None
INFO,2024-07-23 14:15:19.223,test_scenarios_analytics_2_group_mean,renoir,-1,5.052992951939814,1.6388863530009985,0.18036815500818193,-1,3140.296875,Scenario3,None
INFO,2024-07-23 14:15:47.951,test_scenarios_analytics_2_group_mean,renoir,0,5.061225308920257,1.6399349119747058,0.1759635240305215,-1,3160.6953125,Scenario3,None
INFO,2024-07-23 14:16:14.642,test_scenarios_analytics_2_group_mean,renoir,1,5.006295087048784,1.657363246078603,0.17927235399838537,-1,3160.09375,Scenario3,None
INFO,2024-07-23 14:16:43.938,test_scenarios_analytics_2_group_mean,renoir,2,5.009846649947576,1.6172962179407477,0.17486220609862357,-1,3162.47265625,Scenario3,None
INFO,2024-07-23 14:17:11.431,test_scenarios_analytics_2_group_mean,renoir,3,5.281563482014462,1.5947873110417277,0.17969949392136186,-1,3165.0703125,Scenario3,None
INFO,2024-07-23 14:17:38.822,test_scenarios_analytics_2_group_mean,renoir,4,5.222600304987282,1.8254562070360407,0.17965080204885453,-1,3164.4765625,Scenario3,None
INFO,2024-07-23 14:17:39.980,test_scenarios_analytics_3_inner_join,duckdb,-1,0.24402221490163356,-1,-1,-1,1981.66796875,Scenario3,None
INFO,2024-07-23 14:17:41.356,test_scenarios_analytics_3_inner_join,duckdb,0,0.4708774279570207,-1,-1,-1,2166.28515625,Scenario3,None
INFO,2024-07-23 14:17:42.787,test_scenarios_analytics_3_inner_join,duckdb,1,0.48843706294428557,-1,-1,-1,2375.08984375,Scenario3,None
INFO,2024-07-23 14:17:44.181,test_scenarios_analytics_3_inner_join,duckdb,2,0.4610024009598419,-1,-1,-1,2577.12109375,Scenario3,None
INFO,2024-07-23 14:17:45.595,test_scenarios_analytics_3_inner_join,duckdb,3,0.4891066940035671,-1,-1,-1,2798.609375,Scenario3,None
INFO,2024-07-23 14:17:46.998,test_scenarios_analytics_3_inner_join,duckdb,4,0.4812961840070784,-1,-1,-1,3003.8671875,Scenario3,None
INFO,2024-07-23 14:17:47.556,test_scenarios_analytics_3_inner_join,polars,-1,0.4089560129214078,-1,-1,-1,2893.921875,Scenario3,None
INFO,2024-07-23 14:17:48.107,test_scenarios_analytics_3_inner_join,polars,0,0.4043841570382938,-1,-1,-1,3030.56640625,Scenario3,None
INFO,2024-07-23 14:17:48.670,test_scenarios_analytics_3_inner_join,polars,1,0.4150616569677368,-1,-1,-1,3141.25390625,Scenario3,None
INFO,2024-07-23 14:17:49.236,test_scenarios_analytics_3_inner_join,polars,2,0.41718544298782945,-1,-1,-1,3239.22265625,Scenario3,None
INFO,2024-07-23 14:17:49.796,test_scenarios_analytics_3_inner_join,polars,3,0.41761013795621693,-1,-1,-1,3287.6171875,Scenario3,None
INFO,2024-07-23 14:17:50.362,test_scenarios_analytics_3_inner_join,polars,4,0.42101105593610555,-1,-1,-1,3330.3359375,Scenario3,None
INFO,2024-07-23 14:17:52.732,test_scenarios_analytics_3_inner_join,risingwave,-1,1.6042383789317682,-1,-1,-1,3394.234375,Scenario3,None
INFO,2024-07-23 14:17:54.885,test_scenarios_analytics_3_inner_join,risingwave,0,1.3953543259995058,-1,-1,-1,2531.52734375,Scenario3,None
INFO,2024-07-23 14:17:57.114,test_scenarios_analytics_3_inner_join,risingwave,1,1.4724924019537866,-1,-1,-1,2473.31640625,Scenario3,None
INFO,2024-07-23 14:17:59.320,test_scenarios_analytics_3_inner_join,risingwave,2,1.4629653259180486,-1,-1,-1,2476.7734375,Scenario3,None
INFO,2024-07-23 14:18:01.428,test_scenarios_analytics_3_inner_join,risingwave,3,1.3962810060475022,-1,-1,-1,2484.0546875,Scenario3,None
INFO,2024-07-23 14:18:03.678,test_scenarios_analytics_3_inner_join,risingwave,4,1.5145921990042552,-1,-1,-1,2488.09375,Scenario3,None
INFO,2024-07-23 14:18:33.189,test_scenarios_analytics_3_inner_join,renoir,-1,7.118440215010196,2.428834296995774,0.30544865294359624,-1,3714.34375,Scenario3,None
INFO,2024-07-23 14:19:01.942,test_scenarios_analytics_3_inner_join,renoir,0,7.1756778249982744,2.5088067590259016,0.308989696088247,-1,3713.203125,Scenario3,None
INFO,2024-07-23 14:19:30.787,test_scenarios_analytics_3_inner_join,renoir,1,7.139647759962827,2.4822250560391694,0.31138927198480815,-1,3706.234375,Scenario3,None
INFO,2024-07-23 14:20:00.278,test_scenarios_analytics_3_inner_join,renoir,2,7.184481170959771,2.4807020450243726,0.31082679599057883,-1,3703.4453125,Scenario3,None
INFO,2024-07-23 14:20:30.233,test_scenarios_analytics_3_inner_join,renoir,3,7.0270655390340835,2.43053111305926,0.2927860360359773,-1,3715.765625,Scenario3,None
INFO,2024-07-23 14:20:59.611,test_scenarios_analytics_3_inner_join,renoir,4,7.143924635951407,2.448544309940189,0.3166185860754922,-1,3716.19921875,Scenario3,None
INFO,2024-07-23 14:21:01.172,test_scenarios_analytics_4_outer_join,duckdb,-1,0.626808493048884,-1,-1,-1,2455.5546875,Scenario3,None
INFO,2024-07-23 14:21:02.700,test_scenarios_analytics_4_outer_join,duckdb,0,0.6309986329870299,-1,-1,-1,2675.953125,Scenario3,None
INFO,2024-07-23 14:21:04.251,test_scenarios_analytics_4_outer_join,duckdb,1,0.6254017649916932,-1,-1,-1,2825.38671875,Scenario3,None
INFO,2024-07-23 14:21:05.801,test_scenarios_analytics_4_outer_join,duckdb,2,0.631338304025121,-1,-1,-1,2804.43359375,Scenario3,None
INFO,2024-07-23 14:21:07.348,test_scenarios_analytics_4_outer_join,duckdb,3,0.639156052027829,-1,-1,-1,2987.78125,Scenario3,None
INFO,2024-07-23 14:21:08.870,test_scenarios_analytics_4_outer_join,duckdb,4,0.6177371139638126,-1,-1,-1,3144.078125,Scenario3,None
INFO,2024-07-23 14:21:09.456,test_scenarios_analytics_4_outer_join,polars,-1,0.4403648200677708,-1,-1,-1,2976.703125,Scenario3,None
INFO,2024-07-23 14:21:10.052,test_scenarios_analytics_4_outer_join,polars,0,0.43574850307777524,-1,-1,-1,3082.3828125,Scenario3,None
INFO,2024-07-23 14:21:10.643,test_scenarios_analytics_4_outer_join,polars,1,0.4500779260415584,-1,-1,-1,3181.765625,Scenario3,None
INFO,2024-07-23 14:21:11.236,test_scenarios_analytics_4_outer_join,polars,2,0.44682319601997733,-1,-1,-1,3184.3359375,Scenario3,None
INFO,2024-07-23 14:21:11.830,test_scenarios_analytics_4_outer_join,polars,3,0.4519978769822046,-1,-1,-1,3207.02734375,Scenario3,None
INFO,2024-07-23 14:21:12.433,test_scenarios_analytics_4_outer_join,polars,4,0.4616824750555679,-1,-1,-1,3251.7265625,Scenario3,None
INFO,2024-07-23 14:21:15.524,test_scenarios_analytics_4_outer_join,risingwave,-1,2.353615688974969,-1,-1,-1,3265.046875,Scenario3,None
INFO,2024-07-23 14:21:18.313,test_scenarios_analytics_4_outer_join,risingwave,0,2.0773184470599517,-1,-1,-1,2708.10546875,Scenario3,None
INFO,2024-07-23 14:21:21.250,test_scenarios_analytics_4_outer_join,risingwave,1,2.1990147669566795,-1,-1,-1,2655.55078125,Scenario3,None
INFO,2024-07-23 14:21:24.065,test_scenarios_analytics_4_outer_join,risingwave,2,2.104425110970624,-1,-1,-1,2659.85546875,Scenario3,None
INFO,2024-07-23 14:21:27.057,test_scenarios_analytics_4_outer_join,risingwave,3,2.263585745007731,-1,-1,-1,2650.8984375,Scenario3,None
INFO,2024-07-23 14:21:29.994,test_scenarios_analytics_4_outer_join,risingwave,4,2.213162347092293,-1,-1,-1,2662.984375,Scenario3,None
INFO,2024-07-23 14:22:00.302,test_scenarios_analytics_4_outer_join,renoir,-1,7.386908160988241,2.43213293410372,0.3001340209739283,-1,3780.09765625,Scenario3,None
INFO,2024-07-23 14:22:29.708,test_scenarios_analytics_4_outer_join,renoir,0,7.351451255031861,2.4038899310398847,0.3088930160738528,-1,3781.02734375,Scenario3,None
INFO,2024-07-23 14:22:59.636,test_scenarios_analytics_4_outer_join,renoir,1,7.599869802012108,2.5751503569772467,0.3303291880292818,-1,3807.63671875,Scenario3,None
INFO,2024-07-23 14:23:29.840,test_scenarios_analytics_4_outer_join,renoir,2,7.276331753935665,2.408549685962498,0.32045105600263923,-1,3767.734375,Scenario3,None
INFO,2024-07-23 14:23:59.998,test_scenarios_analytics_4_outer_join,renoir,3,7.4409065110376105,2.420394354965538,0.31824490905273706,-1,3791.36328125,Scenario3,None
INFO,2024-07-23 14:24:29.651,test_scenarios_analytics_4_outer_join,renoir,4,7.432048638933338,2.4166228401008993,0.31552455096971244,-1,3821.328125,Scenario3,None
INFO,2024-07-23 14:24:31.073,test_scenarios_analytics_5_window,duckdb,-1,0.47650756500661373,-1,-1,-1,2980.15625,Scenario3,None
INFO,2024-07-23 14:24:32.470,test_scenarios_analytics_5_window,duckdb,0,0.4832054349826649,-1,-1,-1,3127.91796875,Scenario3,None
INFO,2024-07-23 14:24:33.875,test_scenarios_analytics_5_window,duckdb,1,0.4850062660407275,-1,-1,-1,3274.48046875,Scenario3,None
INFO,2024-07-23 14:24:35.252,test_scenarios_analytics_5_window,duckdb,2,0.47922127100173384,-1,-1,-1,3387.5703125,Scenario3,None
INFO,2024-07-23 14:24:36.655,test_scenarios_analytics_5_window,duckdb,3,0.48044484108686447,-1,-1,-1,3499.046875,Scenario3,None
INFO,2024-07-23 14:24:38.025,test_scenarios_analytics_5_window,duckdb,4,0.4667725709732622,-1,-1,-1,3649.6484375,Scenario3,None
INFO,2024-07-23 14:24:38.207,test_scenarios_analytics_5_window,polars,-1,-1,-1,-1,-1,-1,Scenario3,Traceback (most recent call last):NEWLINE_ESCAPE   File "/home/ronconi/Projects/ibis-renoir-compiler/benchmark/internal/scenario_benchmark.py"COMMA_ESCAPE line 123COMMA_ESCAPE in runNEWLINE_ESCAPE    timeCOMMA_ESCAPE memo = self.perform_measure(backend)NEWLINE_ESCAPE                 ^^^^^^^^^^^^^^^^^^^^^^^^^^^^^NEWLINE_ESCAPE   File "/home/ronconi/Projects/ibis-renoir-compiler/benchmark/internal/scenario_benchmark.py"COMMA_ESCAPE line 190COMMA_ESCAPE in perform_measureNEWLINE_ESCAPE    return backend.perform_measure_cached_to_none()NEWLINE_ESCAPE           ^^^^^^^^^^^^^^^^^^^^^^^^^^^^^^^^^^^^^^^^NEWLINE_ESCAPE   File "/home/ronconi/Projects/ibis-renoir-compiler/benchmark/internal/backend_benchmark.py"COMMA_ESCAPE line 38COMMA_ESCAPE in perform_measure_cached_to_noneNEWLINE_ESCAPE    return self.perform_measure_to_none()NEWLINE_ESCAPE           ^^^^^^^^^^^^^^^^^^^^^^^^^^^^^^NEWLINE_ESCAPE   File "/home/ronconi/Projects/ibis-renoir-compiler/benchmark/internal/backend_benchmark.py"COMMA_ESCAPE line 45COMMA_ESCAPE in perform_measure_to_noneNEWLINE_ESCAPE    memo = memory_usage((runCOMMA_ESCAPE [self.test_methodCOMMA_ESCAPE self.test_instance])COMMA_ESCAPE include_children=True)NEWLINE_ESCAPE           ^^^^^^^^^^^^^^^^^^^^^^^^^^^^^^^^^^^^^^^^^^^^^^^^^^^^^^^^^^^^^^^^^^^^^^^^^^^^^^^^^^NEWLINE_ESCAPE   File "/home/ronconi/Projects/ibis-renoir-compiler/.venv3.11/lib/python3.11/site-packages/memory_profiler.py"COMMA_ESCAPE line 379COMMA_ESCAPE in memory_usageNEWLINE_ESCAPE    returned = f(*argsCOMMA_ESCAPE **kw)NEWLINE_ESCAPE               ^^^^^^^^^^^^^^NEWLINE_ESCAPE   File "/home/ronconi/Projects/ibis-renoir-compiler/benchmark/internal/backend_benchmark.py"COMMA_ESCAPE line 43COMMA_ESCAPE in runNEWLINE_ESCAPE    test_instance.query.execute()NEWLINE_ESCAPE   File "/home/ronconi/Projects/ibis-renoir-compiler/.venv3.11/lib/python3.11/site-packages/ibis/expr/types/core.py"COMMA_ESCAPE line 324COMMA_ESCAPE in executeNEWLINE_ESCAPE    return self._find_backend(use_default=True).execute(NEWLINE_ESCAPE           ^^^^^^^^^^^^^^^^^^^^^^^^^^^^^^^^^^^^^^^^^^^^^NEWLINE_ESCAPE   File "/home/ronconi/Projects/ibis-renoir-compiler/.venv3.11/lib/python3.11/site-packages/ibis/backends/polars/__init__.py"COMMA_ESCAPE line 408COMMA_ESCAPE in executeNEWLINE_ESCAPE    lf = self.compile(exprCOMMA_ESCAPE params=paramsCOMMA_ESCAPE **kwargs)NEWLINE_ESCAPE         ^^^^^^^^^^^^^^^^^^^^^^^^^^^^^^^^^^^^^^^^^^^NEWLINE_ESCAPE   File "/home/ronconi/Projects/ibis-renoir-compiler/.venv3.11/lib/python3.11/site-packages/ibis/backends/polars/__init__.py"COMMA_ESCAPE line 395COMMA_ESCAPE in compileNEWLINE_ESCAPE    return translate(nodeCOMMA_ESCAPE ctx=ctx)NEWLINE_ESCAPE           ^^^^^^^^^^^^^^^^^^^^^^^^NEWLINE_ESCAPE   File "/usr/lib/python3.11/functools.py"COMMA_ESCAPE line 909COMMA_ESCAPE in wrapperNEWLINE_ESCAPE    return dispatch(args[0].__class__)(*argsCOMMA_ESCAPE **kw)NEWLINE_ESCAPE           ^^^^^^^^^^^^^^^^^^^^^^^^^^^^^^^^^^^^^^^^NEWLINE_ESCAPE   File "/home/ronconi/Projects/ibis-renoir-compiler/.venv3.11/lib/python3.11/site-packages/ibis/backends/polars/compiler.py"COMMA_ESCAPE line 201COMMA_ESCAPE in selectionNEWLINE_ESCAPE    lf = translate(op.tableCOMMA_ESCAPE **kw)NEWLINE_ESCAPE         ^^^^^^^^^^^^^^^^^^^^^^^^^NEWLINE_ESCAPE   File "/usr/lib/python3.11/functools.py"COMMA_ESCAPE line 909COMMA_ESCAPE in wrapperNEWLINE_ESCAPE    return dispatch(args[0].__class__)(*argsCOMMA_ESCAPE **kw)NEWLINE_ESCAPE           ^^^^^^^^^^^^^^^^^^^^^^^^^^^^^^^^^^^^^^^^NEWLINE_ESCAPE   File "/home/ronconi/Projects/ibis-renoir-compiler/.venv3.11/lib/python3.11/site-packages/ibis/backends/polars/compiler.py"COMMA_ESCAPE line 222COMMA_ESCAPE in selectionNEWLINE_ESCAPE    selections.append(translate(argCOMMA_ESCAPE **kw))NEWLINE_ESCAPE                      ^^^^^^^^^^^^^^^^^^^^NEWLINE_ESCAPE   File "/usr/lib/python3.11/functools.py"COMMA_ESCAPE line 909COMMA_ESCAPE in wrapperNEWLINE_ESCAPE    return dispatch(args[0].__class__)(*argsCOMMA_ESCAPE **kw)NEWLINE_ESCAPE           ^^^^^^^^^^^^^^^^^^^^^^^^^^^^^^^^^^^^^^^^NEWLINE_ESCAPE   File "/home/ronconi/Projects/ibis-renoir-compiler/.venv3.11/lib/python3.11/site-packages/ibis/backends/polars/compiler.py"COMMA_ESCAPE line 86COMMA_ESCAPE in aliasNEWLINE_ESCAPE    arg = translate(op.argCOMMA_ESCAPE **kw)NEWLINE_ESCAPE          ^^^^^^^^^^^^^^^^^^^^^^^NEWLINE_ESCAPE   File "/usr/lib/python3.11/functools.py"COMMA_ESCAPE line 909COMMA_ESCAPE in wrapperNEWLINE_ESCAPE    return dispatch(args[0].__class__)(*argsCOMMA_ESCAPE **kw)NEWLINE_ESCAPE           ^^^^^^^^^^^^^^^^^^^^^^^^^^^^^^^^^^^^^^^^NEWLINE_ESCAPE   File "/home/ronconi/Projects/ibis-renoir-compiler/.venv3.11/lib/python3.11/site-packages/ibis/backends/polars/compiler.py"COMMA_ESCAPE line 52COMMA_ESCAPE in operationNEWLINE_ESCAPE    raise com.OperationNotDefinedError(f"No translation rule for {type(op)}")NEWLINE_ESCAPE ibis.common.exceptions.OperationNotDefinedError: No translation rule for <class 'ibis.expr.operations.window.WindowFunction'>NEWLINE_ESCAPE
INFO,2024-07-23 14:24:42.623,test_scenarios_analytics_5_window,risingwave,-1,3.6021079800557345,-1,-1,-1,1045.859375,Scenario3,None
INFO,2024-07-23 14:24:46.936,test_scenarios_analytics_5_window,risingwave,0,3.5562007129192352,-1,-1,-1,1018.0546875,Scenario3,None
INFO,2024-07-23 14:24:51.212,test_scenarios_analytics_5_window,risingwave,1,3.5133537930669263,-1,-1,-1,1033.96484375,Scenario3,None
INFO,2024-07-23 14:24:55.581,test_scenarios_analytics_5_window,risingwave,2,3.6222481400473043,-1,-1,-1,1027.39453125,Scenario3,None
INFO,2024-07-23 14:24:59.746,test_scenarios_analytics_5_window,risingwave,3,3.4261301669757813,-1,-1,-1,1033.3828125,Scenario3,None
INFO,2024-07-23 14:25:03.971,test_scenarios_analytics_5_window,risingwave,4,3.491276864078827,-1,-1,-1,1040.0234375,Scenario3,None
INFO,2024-07-23 14:25:41.888,test_scenarios_analytics_5_window,renoir,-1,15.754921398009174,5.462401836994104,2.010680348961614,-1,4452.11328125,Scenario3,None
INFO,2024-07-23 14:26:19.707,test_scenarios_analytics_5_window,renoir,0,15.516744527965784,5.348672415944748,1.9926478760316968,-1,4547.28515625,Scenario3,None
INFO,2024-07-23 14:26:57.756,test_scenarios_analytics_5_window,renoir,1,15.696466911933385,5.381581411929801,2.0089498920133337,-1,4550.78515625,Scenario3,None
INFO,2024-07-23 14:27:36.798,test_scenarios_analytics_5_window,renoir,2,16.000414815032855,5.6857608400750905,2.024285872001201,-1,4332.28125,Scenario3,None
INFO,2024-07-23 14:28:16.594,test_scenarios_analytics_5_window,renoir,3,15.841292618075386,5.556657412089407,2.0083519800100476,-1,4483.953125,Scenario3,None
INFO,2024-07-23 14:28:54.956,test_scenarios_analytics_5_window,renoir,4,15.593068608897738,5.398315505939536,1.9936930000549182,-1,4419.46484375,Scenario3,None
INFO,2024-07-23 14:28:55.372,test_scenarios_exploration_1_filter,duckdb,-1,0.35665805195458233,-1,-1,-1,440.41796875,Scenario4,None
INFO,2024-07-23 14:28:55.782,test_scenarios_exploration_1_filter,duckdb,0,0.35394165792968124,-1,-1,-1,453.078125,Scenario4,None
INFO,2024-07-23 14:28:56.195,test_scenarios_exploration_1_filter,duckdb,1,0.35656467895023525,-1,-1,-1,455.1875,Scenario4,None
INFO,2024-07-23 14:28:56.605,test_scenarios_exploration_1_filter,duckdb,2,0.35465546196792275,-1,-1,-1,459.83984375,Scenario4,None
INFO,2024-07-23 14:28:57.042,test_scenarios_exploration_1_filter,duckdb,3,0.3705712390365079,-1,-1,-1,454.09375,Scenario4,None
INFO,2024-07-23 14:28:57.457,test_scenarios_exploration_1_filter,duckdb,4,0.3584995979908854,-1,-1,-1,463.66015625,Scenario4,None
INFO,2024-07-23 14:28:57.611,test_scenarios_exploration_1_filter,polars,-1,0.10426281101536006,-1,-1,-1,790.05078125,Scenario4,None
INFO,2024-07-23 14:28:57.735,test_scenarios_exploration_1_filter,polars,0,0.12221707997377962,-1,-1,-1,823.46484375,Scenario4,None
INFO,2024-07-23 14:28:57.862,test_scenarios_exploration_1_filter,polars,1,0.12617954891175032,-1,-1,-1,826.078125,Scenario4,None
INFO,2024-07-23 14:28:57.992,test_scenarios_exploration_1_filter,polars,2,0.1278276110533625,-1,-1,-1,827.38671875,Scenario4,None
INFO,2024-07-23 14:28:58.121,test_scenarios_exploration_1_filter,polars,3,0.12712505005765706,-1,-1,-1,828.69921875,Scenario4,None
INFO,2024-07-23 14:28:58.246,test_scenarios_exploration_1_filter,polars,4,0.12441766099072993,-1,-1,-1,828.92578125,Scenario4,None
INFO,2024-07-23 14:29:30.451,test_scenarios_exploration_1_filter,flink,-1,23.374960097949952,-1,-1,-1,1609.671875,Scenario4,None
INFO,2024-07-23 14:30:01.185,test_scenarios_exploration_1_filter,flink,0,23.007841801038012,-1,-1,-1,1615.6484375,Scenario4,None
INFO,2024-07-23 14:30:33.757,test_scenarios_exploration_1_filter,flink,1,24.74662730691489,-1,-1,-1,1623.00390625,Scenario4,None
INFO,2024-07-23 14:31:04.608,test_scenarios_exploration_1_filter,flink,2,23.075257860007696,-1,-1,-1,1634.453125,Scenario4,None
INFO,2024-07-23 14:31:37.484,test_scenarios_exploration_1_filter,flink,3,25.049904808052815,-1,-1,-1,1638.69921875,Scenario4,None
INFO,2024-07-23 14:32:08.028,test_scenarios_exploration_1_filter,flink,4,22.90793723007664,-1,-1,-1,1640.6796875,Scenario4,None
INFO,2024-07-23 14:32:09.032,test_scenarios_exploration_1_filter,renoir,-1,0.9427709169685841,0.7895021949661896,0.1319047079887241,-1,2005.3984375,Scenario4,None
INFO,2024-07-23 14:32:10.038,test_scenarios_exploration_1_filter,renoir,0,0.9478156010154635,0.7923005500342697,0.1331364749930799,-1,2007.421875,Scenario4,None
INFO,2024-07-23 14:32:11.042,test_scenarios_exploration_1_filter,renoir,1,0.945981414988637,0.7908029409591109,0.1317992260446772,-1,2007.14453125,Scenario4,None
INFO,2024-07-23 14:32:12.057,test_scenarios_exploration_1_filter,renoir,2,0.9584141570376232,0.8022767000366002,0.1337850879644975,-1,2009.30859375,Scenario4,None
INFO,2024-07-23 14:32:13.067,test_scenarios_exploration_1_filter,renoir,3,0.9513120820047334,0.7963614229811355,0.13314780499786139,-1,2012.65625,Scenario4,None
INFO,2024-07-23 14:32:14.068,test_scenarios_exploration_1_filter,renoir,4,0.9428254551021382,0.7879524130839854,0.13311752304434776,-1,2013.21484375,Scenario4,None
INFO,2024-07-23 14:32:14.507,test_scenarios_exploration_2_mutate,duckdb,-1,0.3805737199727446,-1,-1,-1,1688.984375,Scenario4,None
INFO,2024-07-23 14:32:14.954,test_scenarios_exploration_2_mutate,duckdb,0,0.3915780680254102,-1,-1,-1,1691.953125,Scenario4,None
INFO,2024-07-23 14:32:15.392,test_scenarios_exploration_2_mutate,duckdb,1,0.38217597594484687,-1,-1,-1,1693.30859375,Scenario4,None
INFO,2024-07-23 14:32:15.832,test_scenarios_exploration_2_mutate,duckdb,2,0.3840153629425913,-1,-1,-1,1696.05078125,Scenario4,None
INFO,2024-07-23 14:32:16.271,test_scenarios_exploration_2_mutate,duckdb,3,0.3839844160247594,-1,-1,-1,1698.57421875,Scenario4,None
INFO,2024-07-23 14:32:16.718,test_scenarios_exploration_2_mutate,duckdb,4,0.3904962179949507,-1,-1,-1,1693.0,Scenario4,None
INFO,2024-07-23 14:32:16.835,test_scenarios_exploration_2_mutate,polars,-1,0.11530823295470327,-1,-1,-1,1703.7890625,Scenario4,None
INFO,2024-07-23 14:32:16.948,test_scenarios_exploration_2_mutate,polars,0,0.11202404589857906,-1,-1,-1,1697.625,Scenario4,None
INFO,2024-07-23 14:32:17.061,test_scenarios_exploration_2_mutate,polars,1,0.1110833480488509,-1,-1,-1,1692.39453125,Scenario4,None
INFO,2024-07-23 14:32:17.174,test_scenarios_exploration_2_mutate,polars,2,0.11182922101579607,-1,-1,-1,1684.3828125,Scenario4,None
INFO,2024-07-23 14:32:17.289,test_scenarios_exploration_2_mutate,polars,3,0.11245268094353378,-1,-1,-1,1686.5390625,Scenario4,None
INFO,2024-07-23 14:32:17.400,test_scenarios_exploration_2_mutate,polars,4,0.11037214496172965,-1,-1,-1,1678.6875,Scenario4,None
INFO,2024-07-23 14:32:56.504,test_scenarios_exploration_2_mutate,flink,-1,31.51996846892871,-1,-1,-1,1684.828125,Scenario4,None
INFO,2024-07-23 14:33:35.330,test_scenarios_exploration_2_mutate,flink,0,31.13172665797174,-1,-1,-1,1679.29296875,Scenario4,None
INFO,2024-07-23 14:34:14.203,test_scenarios_exploration_2_mutate,flink,1,31.469585571903735,-1,-1,-1,1701.8359375,Scenario4,None
INFO,2024-07-23 14:34:53.168,test_scenarios_exploration_2_mutate,flink,2,31.36653060594108,-1,-1,-1,1716.21875,Scenario4,None
INFO,2024-07-23 14:35:31.784,test_scenarios_exploration_2_mutate,flink,3,31.266180978971533,-1,-1,-1,1731.203125,Scenario4,None
INFO,2024-07-23 14:36:11.189,test_scenarios_exploration_2_mutate,flink,4,31.467339296941645,-1,-1,-1,1732.0,Scenario4,None
INFO,2024-07-23 14:36:12.455,test_scenarios_exploration_2_mutate,renoir,-1,1.2072091599693522,1.0502013739896938,0.1340302099706605,-1,2093.10546875,Scenario4,None
INFO,2024-07-23 14:36:13.477,test_scenarios_exploration_2_mutate,renoir,0,0.9637968599563465,0.8069840939715505,0.1341265420196578,-1,2102.28125,Scenario4,None
INFO,2024-07-23 14:36:14.489,test_scenarios_exploration_2_mutate,renoir,1,0.9556561599019915,0.8013711399398744,0.1315647579031065,-1,2099.30859375,Scenario4,None
INFO,2024-07-23 14:36:15.498,test_scenarios_exploration_2_mutate,renoir,2,0.952004699036479,0.7979104730766267,0.13043665792793036,-1,2102.15625,Scenario4,None
INFO,2024-07-23 14:36:16.509,test_scenarios_exploration_2_mutate,renoir,3,0.9542044110130519,0.7982748390641063,0.13295334100257605,-1,2100.8671875,Scenario4,None
INFO,2024-07-23 14:36:17.523,test_scenarios_exploration_2_mutate,renoir,4,0.9571523679187521,0.8020051519852132,0.13217232993338257,-1,2106.109375,Scenario4,None
INFO,2024-07-23 14:36:18.086,test_scenarios_exploration_3_window_group,duckdb,-1,0.4984114470425993,-1,-1,-1,2190.296875,Scenario4,None
INFO,2024-07-23 14:36:18.392,test_scenarios_exploration_3_window_group,duckdb,0,0.24876086495351046,-1,-1,-1,2304.4453125,Scenario4,None
INFO,2024-07-23 14:36:18.732,test_scenarios_exploration_3_window_group,duckdb,1,0.2842262430349365,-1,-1,-1,2382.03515625,Scenario4,None
INFO,2024-07-23 14:36:19.047,test_scenarios_exploration_3_window_group,duckdb,2,0.2588481439743191,-1,-1,-1,2393.2734375,Scenario4,None
INFO,2024-07-23 14:36:19.367,test_scenarios_exploration_3_window_group,duckdb,3,0.26411870401352644,-1,-1,-1,2397.59375,Scenario4,None
INFO,2024-07-23 14:36:19.678,test_scenarios_exploration_3_window_group,duckdb,4,0.25592001096811146,-1,-1,-1,2339.75390625,Scenario4,None
INFO,2024-07-23 14:36:19.702,test_scenarios_exploration_3_window_group,polars,-1,-1,-1,-1,-1,-1,Scenario4,Traceback (most recent call last):NEWLINE_ESCAPE   File "/home/ronconi/Projects/ibis-renoir-compiler/benchmark/internal/scenario_benchmark.py"COMMA_ESCAPE line 123COMMA_ESCAPE in runNEWLINE_ESCAPE    timeCOMMA_ESCAPE memo = self.perform_measure(backend)NEWLINE_ESCAPE                 ^^^^^^^^^^^^^^^^^^^^^^^^^^^^^NEWLINE_ESCAPE   File "/home/ronconi/Projects/ibis-renoir-compiler/benchmark/internal/scenario_benchmark.py"COMMA_ESCAPE line 209COMMA_ESCAPE in perform_measureNEWLINE_ESCAPE    return backend.perform_measure_to_none()NEWLINE_ESCAPE           ^^^^^^^^^^^^^^^^^^^^^^^^^^^^^^^^^NEWLINE_ESCAPE   File "/home/ronconi/Projects/ibis-renoir-compiler/benchmark/internal/backend_benchmark.py"COMMA_ESCAPE line 45COMMA_ESCAPE in perform_measure_to_noneNEWLINE_ESCAPE    memo = memory_usage((runCOMMA_ESCAPE [self.test_methodCOMMA_ESCAPE self.test_instance])COMMA_ESCAPE include_children=True)NEWLINE_ESCAPE           ^^^^^^^^^^^^^^^^^^^^^^^^^^^^^^^^^^^^^^^^^^^^^^^^^^^^^^^^^^^^^^^^^^^^^^^^^^^^^^^^^^NEWLINE_ESCAPE   File "/home/ronconi/Projects/ibis-renoir-compiler/.venv3.11/lib/python3.11/site-packages/memory_profiler.py"COMMA_ESCAPE line 379COMMA_ESCAPE in memory_usageNEWLINE_ESCAPE    returned = f(*argsCOMMA_ESCAPE **kw)NEWLINE_ESCAPE               ^^^^^^^^^^^^^^NEWLINE_ESCAPE   File "/home/ronconi/Projects/ibis-renoir-compiler/benchmark/internal/backend_benchmark.py"COMMA_ESCAPE line 43COMMA_ESCAPE in runNEWLINE_ESCAPE    test_instance.query.execute()NEWLINE_ESCAPE   File "/home/ronconi/Projects/ibis-renoir-compiler/.venv3.11/lib/python3.11/site-packages/ibis/expr/types/core.py"COMMA_ESCAPE line 324COMMA_ESCAPE in executeNEWLINE_ESCAPE    return self._find_backend(use_default=True).execute(NEWLINE_ESCAPE           ^^^^^^^^^^^^^^^^^^^^^^^^^^^^^^^^^^^^^^^^^^^^^NEWLINE_ESCAPE   File "/home/ronconi/Projects/ibis-renoir-compiler/.venv3.11/lib/python3.11/site-packages/ibis/backends/polars/__init__.py"COMMA_ESCAPE line 408COMMA_ESCAPE in executeNEWLINE_ESCAPE    lf = self.compile(exprCOMMA_ESCAPE params=paramsCOMMA_ESCAPE **kwargs)NEWLINE_ESCAPE         ^^^^^^^^^^^^^^^^^^^^^^^^^^^^^^^^^^^^^^^^^^^NEWLINE_ESCAPE   File "/home/ronconi/Projects/ibis-renoir-compiler/.venv3.11/lib/python3.11/site-packages/ibis/backends/polars/__init__.py"COMMA_ESCAPE line 395COMMA_ESCAPE in compileNEWLINE_ESCAPE    return translate(nodeCOMMA_ESCAPE ctx=ctx)NEWLINE_ESCAPE           ^^^^^^^^^^^^^^^^^^^^^^^^NEWLINE_ESCAPE   File "/usr/lib/python3.11/functools.py"COMMA_ESCAPE line 909COMMA_ESCAPE in wrapperNEWLINE_ESCAPE    return dispatch(args[0].__class__)(*argsCOMMA_ESCAPE **kw)NEWLINE_ESCAPE           ^^^^^^^^^^^^^^^^^^^^^^^^^^^^^^^^^^^^^^^^NEWLINE_ESCAPE   File "/home/ronconi/Projects/ibis-renoir-compiler/.venv3.11/lib/python3.11/site-packages/ibis/backends/polars/compiler.py"COMMA_ESCAPE line 201COMMA_ESCAPE in selectionNEWLINE_ESCAPE    lf = translate(op.tableCOMMA_ESCAPE **kw)NEWLINE_ESCAPE         ^^^^^^^^^^^^^^^^^^^^^^^^^NEWLINE_ESCAPE   File "/usr/lib/python3.11/functools.py"COMMA_ESCAPE line 909COMMA_ESCAPE in wrapperNEWLINE_ESCAPE    return dispatch(args[0].__class__)(*argsCOMMA_ESCAPE **kw)NEWLINE_ESCAPE           ^^^^^^^^^^^^^^^^^^^^^^^^^^^^^^^^^^^^^^^^NEWLINE_ESCAPE   File "/home/ronconi/Projects/ibis-renoir-compiler/.venv3.11/lib/python3.11/site-packages/ibis/backends/polars/compiler.py"COMMA_ESCAPE line 260COMMA_ESCAPE in aggregationNEWLINE_ESCAPE    lf = translate(op.tableCOMMA_ESCAPE **kw)NEWLINE_ESCAPE         ^^^^^^^^^^^^^^^^^^^^^^^^^NEWLINE_ESCAPE   File "/usr/lib/python3.11/functools.py"COMMA_ESCAPE line 909COMMA_ESCAPE in wrapperNEWLINE_ESCAPE    return dispatch(args[0].__class__)(*argsCOMMA_ESCAPE **kw)NEWLINE_ESCAPE           ^^^^^^^^^^^^^^^^^^^^^^^^^^^^^^^^^^^^^^^^NEWLINE_ESCAPE   File "/home/ronconi/Projects/ibis-renoir-compiler/.venv3.11/lib/python3.11/site-packages/ibis/backends/polars/compiler.py"COMMA_ESCAPE line 222COMMA_ESCAPE in selectionNEWLINE_ESCAPE    selections.append(translate(argCOMMA_ESCAPE **kw))NEWLINE_ESCAPE                      ^^^^^^^^^^^^^^^^^^^^NEWLINE_ESCAPE   File "/usr/lib/python3.11/functools.py"COMMA_ESCAPE line 909COMMA_ESCAPE in wrapperNEWLINE_ESCAPE    return dispatch(args[0].__class__)(*argsCOMMA_ESCAPE **kw)NEWLINE_ESCAPE           ^^^^^^^^^^^^^^^^^^^^^^^^^^^^^^^^^^^^^^^^NEWLINE_ESCAPE   File "/home/ronconi/Projects/ibis-renoir-compiler/.venv3.11/lib/python3.11/site-packages/ibis/backends/polars/compiler.py"COMMA_ESCAPE line 86COMMA_ESCAPE in aliasNEWLINE_ESCAPE    arg = translate(op.argCOMMA_ESCAPE **kw)NEWLINE_ESCAPE          ^^^^^^^^^^^^^^^^^^^^^^^NEWLINE_ESCAPE   File "/usr/lib/python3.11/functools.py"COMMA_ESCAPE line 909COMMA_ESCAPE in wrapperNEWLINE_ESCAPE    return dispatch(args[0].__class__)(*argsCOMMA_ESCAPE **kw)NEWLINE_ESCAPE           ^^^^^^^^^^^^^^^^^^^^^^^^^^^^^^^^^^^^^^^^NEWLINE_ESCAPE   File "/home/ronconi/Projects/ibis-renoir-compiler/.venv3.11/lib/python3.11/site-packages/ibis/backends/polars/compiler.py"COMMA_ESCAPE line 1072COMMA_ESCAPE in binopNEWLINE_ESCAPE    right = translate(op.rightCOMMA_ESCAPE **kw)NEWLINE_ESCAPE            ^^^^^^^^^^^^^^^^^^^^^^^^^NEWLINE_ESCAPE   File "/usr/lib/python3.11/functools.py"COMMA_ESCAPE line 909COMMA_ESCAPE in wrapperNEWLINE_ESCAPE    return dispatch(args[0].__class__)(*argsCOMMA_ESCAPE **kw)NEWLINE_ESCAPE           ^^^^^^^^^^^^^^^^^^^^^^^^^^^^^^^^^^^^^^^^NEWLINE_ESCAPE   File "/home/ronconi/Projects/ibis-renoir-compiler/.venv3.11/lib/python3.11/site-packages/ibis/backends/polars/compiler.py"COMMA_ESCAPE line 52COMMA_ESCAPE in operationNEWLINE_ESCAPE    raise com.OperationNotDefinedError(f"No translation rule for {type(op)}")NEWLINE_ESCAPE ibis.common.exceptions.OperationNotDefinedError: No translation rule for <class 'ibis.expr.operations.window.WindowFunction'>NEWLINE_ESCAPE
INFO,2024-07-23 14:36:29.074,test_scenarios_exploration_3_window_group,flink,-1,-1,-1,-1,-1,-1,Scenario4,Traceback (most recent call last):NEWLINE_ESCAPE   File "/home/ronconi/Projects/ibis-renoir-compiler/benchmark/internal/scenario_benchmark.py"COMMA_ESCAPE line 123COMMA_ESCAPE in runNEWLINE_ESCAPE    timeCOMMA_ESCAPE memo = self.perform_measure(backend)NEWLINE_ESCAPE                 ^^^^^^^^^^^^^^^^^^^^^^^^^^^^^NEWLINE_ESCAPE   File "/home/ronconi/Projects/ibis-renoir-compiler/benchmark/internal/scenario_benchmark.py"COMMA_ESCAPE line 209COMMA_ESCAPE in perform_measureNEWLINE_ESCAPE    return backend.perform_measure_to_none()NEWLINE_ESCAPE           ^^^^^^^^^^^^^^^^^^^^^^^^^^^^^^^^^NEWLINE_ESCAPE   File "/home/ronconi/Projects/ibis-renoir-compiler/benchmark/internal/backend_benchmark.py"COMMA_ESCAPE line 45COMMA_ESCAPE in perform_measure_to_noneNEWLINE_ESCAPE    memo = memory_usage((runCOMMA_ESCAPE [self.test_methodCOMMA_ESCAPE self.test_instance])COMMA_ESCAPE include_children=True)NEWLINE_ESCAPE           ^^^^^^^^^^^^^^^^^^^^^^^^^^^^^^^^^^^^^^^^^^^^^^^^^^^^^^^^^^^^^^^^^^^^^^^^^^^^^^^^^^NEWLINE_ESCAPE   File "/home/ronconi/Projects/ibis-renoir-compiler/.venv3.11/lib/python3.11/site-packages/memory_profiler.py"COMMA_ESCAPE line 379COMMA_ESCAPE in memory_usageNEWLINE_ESCAPE    returned = f(*argsCOMMA_ESCAPE **kw)NEWLINE_ESCAPE               ^^^^^^^^^^^^^^NEWLINE_ESCAPE   File "/home/ronconi/Projects/ibis-renoir-compiler/benchmark/internal/backend_benchmark.py"COMMA_ESCAPE line 43COMMA_ESCAPE in runNEWLINE_ESCAPE    test_instance.query.execute()NEWLINE_ESCAPE   File "/home/ronconi/Projects/ibis-renoir-compiler/.venv3.11/lib/python3.11/site-packages/ibis/expr/types/core.py"COMMA_ESCAPE line 324COMMA_ESCAPE in executeNEWLINE_ESCAPE    return self._find_backend(use_default=True).execute(NEWLINE_ESCAPE           ^^^^^^^^^^^^^^^^^^^^^^^^^^^^^^^^^^^^^^^^^^^^^NEWLINE_ESCAPE   File "/home/ronconi/Projects/ibis-renoir-compiler/.venv3.11/lib/python3.11/site-packages/ibis/backends/flink/__init__.py"COMMA_ESCAPE line 310COMMA_ESCAPE in executeNEWLINE_ESCAPE    sql = self.compile(table_exprCOMMA_ESCAPE **kwargs)NEWLINE_ESCAPE          ^^^^^^^^^^^^^^^^^^^^^^^^^^^^^^^^^^NEWLINE_ESCAPE   File "/home/ronconi/Projects/ibis-renoir-compiler/.venv3.11/lib/python3.11/site-packages/ibis/backends/flink/__init__.py"COMMA_ESCAPE line 302COMMA_ESCAPE in compileNEWLINE_ESCAPE    return super().compile(exprCOMMA_ESCAPE params=params)  # Discard `limit` and other kwargs.NEWLINE_ESCAPE           ^^^^^^^^^^^^^^^^^^^^^^^^^^^^^^^^^^^^NEWLINE_ESCAPE   File "/home/ronconi/Projects/ibis-renoir-compiler/.venv3.11/lib/python3.11/site-packages/ibis/backends/base/__init__.py"COMMA_ESCAPE line 1022COMMA_ESCAPE in compileNEWLINE_ESCAPE    return self.compiler.to_sql(exprCOMMA_ESCAPE params=params)NEWLINE_ESCAPE           ^^^^^^^^^^^^^^^^^^^^^^^^^^^^^^^^^^^^^^^^^NEWLINE_ESCAPE   File "/home/ronconi/Projects/ibis-renoir-compiler/.venv3.11/lib/python3.11/site-packages/ibis/backends/flink/compiler/core.py"COMMA_ESCAPE line 109COMMA_ESCAPE in to_sqlNEWLINE_ESCAPE    return super().to_sql(nodeCOMMA_ESCAPE contextCOMMA_ESCAPE params)NEWLINE_ESCAPE           ^^^^^^^^^^^^^^^^^^^^^^^^^^^^^^^^^^^^^NEWLINE_ESCAPE   File "/home/ronconi/Projects/ibis-renoir-compiler/.venv3.11/lib/python3.11/site-packages/ibis/backends/base/sql/compiler/query_builder.py"COMMA_ESCAPE line 622COMMA_ESCAPE in to_sqlNEWLINE_ESCAPE    return cls.to_ast(nodeCOMMA_ESCAPE context).queries[0].compile()NEWLINE_ESCAPE           ^^^^^^^^^^^^^^^^^^^^^^^^^^^^^^^^^^^^^^^^^^^^^^NEWLINE_ESCAPE   File "/home/ronconi/Projects/ibis-renoir-compiler/.venv3.11/lib/python3.11/site-packages/ibis/backends/base/sql/compiler/query_builder.py"COMMA_ESCAPE line 266COMMA_ESCAPE in compileNEWLINE_ESCAPE    with_frag = self.format_subqueries()NEWLINE_ESCAPE                ^^^^^^^^^^^^^^^^^^^^^^^^NEWLINE_ESCAPE   File "/home/ronconi/Projects/ibis-renoir-compiler/.venv3.11/lib/python3.11/site-packages/ibis/backends/base/sql/compiler/query_builder.py"COMMA_ESCAPE line 312COMMA_ESCAPE in format_subqueriesNEWLINE_ESCAPE    formatted = util.indent(context.get_compiled_expr(expr)COMMA_ESCAPE 2)NEWLINE_ESCAPE                            ^^^^^^^^^^^^^^^^^^^^^^^^^^^^^^^NEWLINE_ESCAPE   File "/home/ronconi/Projects/ibis-renoir-compiler/.venv3.11/lib/python3.11/site-packages/ibis/backends/base/sql/compiler/translator.py"COMMA_ESCAPE line 74COMMA_ESCAPE in get_compiled_exprNEWLINE_ESCAPE    result = self._compile_subquery(node)NEWLINE_ESCAPE             ^^^^^^^^^^^^^^^^^^^^^^^^^^^^NEWLINE_ESCAPE   File "/home/ronconi/Projects/ibis-renoir-compiler/.venv3.11/lib/python3.11/site-packages/ibis/backends/base/sql/compiler/translator.py"COMMA_ESCAPE line 37COMMA_ESCAPE in _compile_subqueryNEWLINE_ESCAPE    return self._to_sql(opCOMMA_ESCAPE sub_ctx)NEWLINE_ESCAPE           ^^^^^^^^^^^^^^^^^^^^^^^^^NEWLINE_ESCAPE   File "/home/ronconi/Projects/ibis-renoir-compiler/.venv3.11/lib/python3.11/site-packages/ibis/backends/base/sql/compiler/translator.py"COMMA_ESCAPE line 40COMMA_ESCAPE in _to_sqlNEWLINE_ESCAPE    return self.compiler.to_sql(exprCOMMA_ESCAPE ctx)NEWLINE_ESCAPE           ^^^^^^^^^^^^^^^^^^^^^^^^^^^^^^^NEWLINE_ESCAPE   File "/home/ronconi/Projects/ibis-renoir-compiler/.venv3.11/lib/python3.11/site-packages/ibis/backends/flink/compiler/core.py"COMMA_ESCAPE line 109COMMA_ESCAPE in to_sqlNEWLINE_ESCAPE    return super().to_sql(nodeCOMMA_ESCAPE contextCOMMA_ESCAPE params)NEWLINE_ESCAPE           ^^^^^^^^^^^^^^^^^^^^^^^^^^^^^^^^^^^^^NEWLINE_ESCAPE   File "/home/ronconi/Projects/ibis-renoir-compiler/.venv3.11/lib/python3.11/site-packages/ibis/backends/base/sql/compiler/query_builder.py"COMMA_ESCAPE line 622COMMA_ESCAPE in to_sqlNEWLINE_ESCAPE    return cls.to_ast(nodeCOMMA_ESCAPE context).queries[0].compile()NEWLINE_ESCAPE           ^^^^^^^^^^^^^^^^^^^^^^^^^^^^^^^^^^^^^^^^^^^^^^NEWLINE_ESCAPE   File "/home/ronconi/Projects/ibis-renoir-compiler/.venv3.11/lib/python3.11/site-packages/ibis/backends/base/sql/compiler/query_builder.py"COMMA_ESCAPE line 269COMMA_ESCAPE in compileNEWLINE_ESCAPE    select_frag = self.format_select_set()NEWLINE_ESCAPE                  ^^^^^^^^^^^^^^^^^^^^^^^^NEWLINE_ESCAPE   File "/home/ronconi/Projects/ibis-renoir-compiler/.venv3.11/lib/python3.11/site-packages/ibis/backends/base/sql/compiler/query_builder.py"COMMA_ESCAPE line 324COMMA_ESCAPE in format_select_setNEWLINE_ESCAPE    expr_str = self._translate(nodeCOMMA_ESCAPE named=TrueCOMMA_ESCAPE permit_subquery=True)NEWLINE_ESCAPE               ^^^^^^^^^^^^^^^^^^^^^^^^^^^^^^^^^^^^^^^^^^^^^^^^^^^^^^^NEWLINE_ESCAPE   File "/home/ronconi/Projects/ibis-renoir-compiler/.venv3.11/lib/python3.11/site-packages/ibis/backends/base/sql/compiler/query_builder.py"COMMA_ESCAPE line 239COMMA_ESCAPE in _translateNEWLINE_ESCAPE    return translator.get_result()NEWLINE_ESCAPE           ^^^^^^^^^^^^^^^^^^^^^^^NEWLINE_ESCAPE   File "/home/ronconi/Projects/ibis-renoir-compiler/.venv3.11/lib/python3.11/site-packages/ibis/backends/base/sql/compiler/translator.py"COMMA_ESCAPE line 224COMMA_ESCAPE in get_resultNEWLINE_ESCAPE    translated = self.translate(self.node)NEWLINE_ESCAPE                 ^^^^^^^^^^^^^^^^^^^^^^^^^NEWLINE_ESCAPE   File "/home/ronconi/Projects/ibis-renoir-compiler/.venv3.11/lib/python3.11/site-packages/ibis/backends/base/sql/compiler/translator.py"COMMA_ESCAPE line 256COMMA_ESCAPE in translateNEWLINE_ESCAPE    return formatter(selfCOMMA_ESCAPE op)NEWLINE_ESCAPE           ^^^^^^^^^^^^^^^^^^^NEWLINE_ESCAPE   File "/home/ronconi/Projects/ibis-renoir-compiler/.venv3.11/lib/python3.11/site-packages/ibis/backends/base/sql/registry/main.py"COMMA_ESCAPE line 23COMMA_ESCAPE in aliasNEWLINE_ESCAPE    return translator.translate(op.arg)NEWLINE_ESCAPE           ^^^^^^^^^^^^^^^^^^^^^^^^^^^^NEWLINE_ESCAPE   File "/home/ronconi/Projects/ibis-renoir-compiler/.venv3.11/lib/python3.11/site-packages/ibis/backends/base/sql/compiler/translator.py"COMMA_ESCAPE line 256COMMA_ESCAPE in translateNEWLINE_ESCAPE    return formatter(selfCOMMA_ESCAPE op)NEWLINE_ESCAPE           ^^^^^^^^^^^^^^^^^^^NEWLINE_ESCAPE   File "/home/ronconi/Projects/ibis-renoir-compiler/.venv3.11/lib/python3.11/site-packages/ibis/backends/base/sql/registry/binary_infix.py"COMMA_ESCAPE line 12COMMA_ESCAPE in formatterNEWLINE_ESCAPE    right_arg = translator.translate(right)NEWLINE_ESCAPE                ^^^^^^^^^^^^^^^^^^^^^^^^^^^NEWLINE_ESCAPE   File "/home/ronconi/Projects/ibis-renoir-compiler/.venv3.11/lib/python3.11/site-packages/ibis/backends/base/sql/compiler/translator.py"COMMA_ESCAPE line 256COMMA_ESCAPE in translateNEWLINE_ESCAPE    return formatter(selfCOMMA_ESCAPE op)NEWLINE_ESCAPE           ^^^^^^^^^^^^^^^^^^^NEWLINE_ESCAPE   File "/home/ronconi/Projects/ibis-renoir-compiler/.venv3.11/lib/python3.11/site-packages/ibis/backends/flink/registry.py"COMMA_ESCAPE line 226COMMA_ESCAPE in _windowNEWLINE_ESCAPE    raise com.UnsupportedOperationError(NEWLINE_ESCAPE ibis.common.exceptions.UnsupportedOperationError: Flink engine does not support generic window clause with no order byNEWLINE_ESCAPE
INFO,2024-07-23 14:36:34.668,test_scenarios_exploration_3_window_group,renoir,-1,5.505933857988566,4.800245088059455,0.6875084680505097,-1,1381.76171875,Scenario4,None
INFO,2024-07-23 14:36:40.302,test_scenarios_exploration_3_window_group,renoir,0,5.57694228598848,4.876457385951653,0.6849934369092807,-1,1354.7109375,Scenario4,None
INFO,2024-07-23 14:36:45.823,test_scenarios_exploration_3_window_group,renoir,1,5.462562883039936,4.7507087719859555,0.6915369830094278,-1,1399.42578125,Scenario4,None
INFO,2024-07-23 14:36:51.443,test_scenarios_exploration_3_window_group,renoir,2,5.562849938054569,4.844586574006826,0.7026420560432598,-1,1375.65625,Scenario4,None
INFO,2024-07-23 14:36:57.115,test_scenarios_exploration_3_window_group,renoir,3,5.615755910985172,4.90669939504005,0.6932361969957128,-1,1348.0390625,Scenario4,None
INFO,2024-07-23 14:37:02.716,test_scenarios_exploration_3_window_group,renoir,4,5.54341034591198,4.83787241904065,0.6897278620162979,-1,1409.77734375,Scenario4,None
INFO,2024-07-23 14:37:03.050,test_scenarios_exploration_4_group_mean,duckdb,-1,0.27671365498099476,-1,-1,-1,528.6640625,Scenario4,None
INFO,2024-07-23 14:37:03.384,test_scenarios_exploration_4_group_mean,duckdb,0,0.27723591204266995,-1,-1,-1,615.3984375,Scenario4,None
INFO,2024-07-23 14:37:03.746,test_scenarios_exploration_4_group_mean,duckdb,1,0.30506374000106007,-1,-1,-1,686.18359375,Scenario4,None
INFO,2024-07-23 14:37:04.090,test_scenarios_exploration_4_group_mean,duckdb,2,0.28797187004238367,-1,-1,-1,702.88671875,Scenario4,None
INFO,2024-07-23 14:37:04.456,test_scenarios_exploration_4_group_mean,duckdb,3,0.2897358409827575,-1,-1,-1,566.359375,Scenario4,None
INFO,2024-07-23 14:37:04.784,test_scenarios_exploration_4_group_mean,duckdb,4,0.2720164470374584,-1,-1,-1,678.06640625,Scenario4,None
INFO,2024-07-23 14:37:05.025,test_scenarios_exploration_4_group_mean,polars,-1,0.19233984593302011,-1,-1,-1,1099.4921875,Scenario4,None
INFO,2024-07-23 14:37:05.235,test_scenarios_exploration_4_group_mean,polars,0,0.20845810300670564,-1,-1,-1,1139.51953125,Scenario4,None
INFO,2024-07-23 14:37:05.454,test_scenarios_exploration_4_group_mean,polars,1,0.21742713707499206,-1,-1,-1,1154.8359375,Scenario4,None
INFO,2024-07-23 14:37:05.670,test_scenarios_exploration_4_group_mean,polars,2,0.21407915698364377,-1,-1,-1,1160.81640625,Scenario4,None
INFO,2024-07-23 14:37:05.886,test_scenarios_exploration_4_group_mean,polars,3,0.21541633701417595,-1,-1,-1,1142.19140625,Scenario4,None
INFO,2024-07-23 14:37:06.101,test_scenarios_exploration_4_group_mean,polars,4,0.21320156997535378,-1,-1,-1,1155.453125,Scenario4,None
INFO,2024-07-23 14:37:38.493,test_scenarios_exploration_4_group_mean,flink,-1,23.22956373298075,-1,-1,-1,1804.75,Scenario4,None
INFO,2024-07-23 14:38:08.576,test_scenarios_exploration_4_group_mean,flink,0,22.370442073908634,-1,-1,-1,1830.66015625,Scenario4,None
INFO,2024-07-23 14:38:38.976,test_scenarios_exploration_4_group_mean,flink,1,22.69603781902697,-1,-1,-1,1850.5625,Scenario4,None
INFO,2024-07-23 14:39:11.132,test_scenarios_exploration_4_group_mean,flink,2,24.427446922985837,-1,-1,-1,1861.90234375,Scenario4,None
INFO,2024-07-23 14:39:42.110,test_scenarios_exploration_4_group_mean,flink,3,23.07484179700259,-1,-1,-1,2043.18359375,Scenario4,None
INFO,2024-07-23 14:40:11.966,test_scenarios_exploration_4_group_mean,flink,4,22.501515262993053,-1,-1,-1,2045.828125,Scenario4,None
INFO,2024-07-23 14:40:13.937,test_scenarios_exploration_4_group_mean,renoir,-1,1.9112403779290617,1.6627767690224573,0.2268831500550732,-1,2437.1328125,Scenario4,None
INFO,2024-07-23 14:40:15.896,test_scenarios_exploration_4_group_mean,renoir,0,1.9025510599603876,1.6499664629809558,0.23084811598528177,-1,2434.98828125,Scenario4,None
INFO,2024-07-23 14:40:17.853,test_scenarios_exploration_4_group_mean,renoir,1,1.9003347239922732,1.6471569989807904,0.23166850802954286,-1,2436.99609375,Scenario4,None
INFO,2024-07-23 14:40:19.789,test_scenarios_exploration_4_group_mean,renoir,2,1.873643022030592,1.6286041599232703,0.22384400910232216,-1,2436.99609375,Scenario4,None
INFO,2024-07-23 14:40:21.761,test_scenarios_exploration_4_group_mean,renoir,3,1.9157673839945346,1.6720601660199463,0.2218336450168863,-1,2433.5703125,Scenario4,None
INFO,2024-07-23 14:40:23.721,test_scenarios_exploration_4_group_mean,renoir,4,1.902724994928576,1.658709213952534,0.2220597880659625,-1,2437.93359375,Scenario4,None
INFO,2024-07-23 14:40:24.207,test_scenarios_exploration_5_inner_join,duckdb,-1,0.4291262360056862,-1,-1,-1,2147.37890625,Scenario4,None
INFO,2024-07-23 14:40:24.728,test_scenarios_exploration_5_inner_join,duckdb,0,0.466116433031857,-1,-1,-1,2330.2734375,Scenario4,None
INFO,2024-07-23 14:40:25.233,test_scenarios_exploration_5_inner_join,duckdb,1,0.44803843495901674,-1,-1,-1,2352.00390625,Scenario4,None
INFO,2024-07-23 14:40:25.716,test_scenarios_exploration_5_inner_join,duckdb,2,0.4268160539213568,-1,-1,-1,2314.515625,Scenario4,None
INFO,2024-07-23 14:40:26.205,test_scenarios_exploration_5_inner_join,duckdb,3,0.43353120400570333,-1,-1,-1,2336.8125,Scenario4,None
INFO,2024-07-23 14:40:26.722,test_scenarios_exploration_5_inner_join,duckdb,4,0.4616146309999749,-1,-1,-1,2344.484375,Scenario4,None
INFO,2024-07-23 14:40:27.191,test_scenarios_exploration_5_inner_join,polars,-1,0.46668072103057057,-1,-1,-1,2542.71484375,Scenario4,None
INFO,2024-07-23 14:40:27.672,test_scenarios_exploration_5_inner_join,polars,0,0.47968278999906033,-1,-1,-1,2683.29296875,Scenario4,None
INFO,2024-07-23 14:40:28.183,test_scenarios_exploration_5_inner_join,polars,1,0.5092871299711987,-1,-1,-1,2676.6015625,Scenario4,None
INFO,2024-07-23 14:40:28.676,test_scenarios_exploration_5_inner_join,polars,2,0.491302254027687,-1,-1,-1,2641.31640625,Scenario4,None
INFO,2024-07-23 14:40:28.923,test_scenarios_exploration_5_inner_join,polars,3,0.24586321506649256,-1,-1,-1,2568.65234375,Scenario4,None
INFO,2024-07-23 14:40:29.175,test_scenarios_exploration_5_inner_join,polars,4,0.2510247629834339,-1,-1,-1,2581.96875,Scenario4,None
INFO,2024-07-23 14:43:28.639,test_scenarios_exploration_5_inner_join,flink,-1,-1,-1,-1,-1,-1,Scenario4,Traceback (most recent call last):NEWLINE_ESCAPE   File "/home/ronconi/Projects/ibis-renoir-compiler/benchmark/internal/scenario_benchmark.py"COMMA_ESCAPE line 123COMMA_ESCAPE in runNEWLINE_ESCAPE    timeCOMMA_ESCAPE memo = self.perform_measure(backend)NEWLINE_ESCAPE                 ^^^^^^^^^^^^^^^^^^^^^^^^^^^^^NEWLINE_ESCAPE   File "/home/ronconi/Projects/ibis-renoir-compiler/benchmark/internal/scenario_benchmark.py"COMMA_ESCAPE line 209COMMA_ESCAPE in perform_measureNEWLINE_ESCAPE    return backend.perform_measure_to_none()NEWLINE_ESCAPE           ^^^^^^^^^^^^^^^^^^^^^^^^^^^^^^^^^NEWLINE_ESCAPE   File "/home/ronconi/Projects/ibis-renoir-compiler/benchmark/internal/backend_benchmark.py"COMMA_ESCAPE line 45COMMA_ESCAPE in perform_measure_to_noneNEWLINE_ESCAPE    memo = memory_usage((runCOMMA_ESCAPE [self.test_methodCOMMA_ESCAPE self.test_instance])COMMA_ESCAPE include_children=True)NEWLINE_ESCAPE           ^^^^^^^^^^^^^^^^^^^^^^^^^^^^^^^^^^^^^^^^^^^^^^^^^^^^^^^^^^^^^^^^^^^^^^^^^^^^^^^^^^NEWLINE_ESCAPE   File "/home/ronconi/Projects/ibis-renoir-compiler/.venv3.11/lib/python3.11/site-packages/memory_profiler.py"COMMA_ESCAPE line 379COMMA_ESCAPE in memory_usageNEWLINE_ESCAPE    returned = f(*argsCOMMA_ESCAPE **kw)NEWLINE_ESCAPE               ^^^^^^^^^^^^^^NEWLINE_ESCAPE   File "/home/ronconi/Projects/ibis-renoir-compiler/benchmark/internal/backend_benchmark.py"COMMA_ESCAPE line 43COMMA_ESCAPE in runNEWLINE_ESCAPE    test_instance.query.execute()NEWLINE_ESCAPE   File "/home/ronconi/Projects/ibis-renoir-compiler/.venv3.11/lib/python3.11/site-packages/ibis/expr/types/core.py"COMMA_ESCAPE line 324COMMA_ESCAPE in executeNEWLINE_ESCAPE    return self._find_backend(use_default=True).execute(NEWLINE_ESCAPE           ^^^^^^^^^^^^^^^^^^^^^^^^^^^^^^^^^^^^^^^^^^^^^NEWLINE_ESCAPE   File "/home/ronconi/Projects/ibis-renoir-compiler/.venv3.11/lib/python3.11/site-packages/ibis/backends/flink/__init__.py"COMMA_ESCAPE line 311COMMA_ESCAPE in executeNEWLINE_ESCAPE    df = self._table_env.sql_query(sql).to_pandas()NEWLINE_ESCAPE         ^^^^^^^^^^^^^^^^^^^^^^^^^^^^^^^^^^^^^^^^^^NEWLINE_ESCAPE   File "/home/ronconi/Projects/ibis-renoir-compiler/.venv3.11/lib/python3.11/site-packages/pyflink/table/table.py"COMMA_ESCAPE line 948COMMA_ESCAPE in to_pandasNEWLINE_ESCAPE    table = pa.Table.from_batches(serializer.load_from_iterator(batches_iterator))NEWLINE_ESCAPE            ^^^^^^^^^^^^^^^^^^^^^^^^^^^^^^^^^^^^^^^^^^^^^^^^^^^^^^^^^^^^^^^^^^^^^^NEWLINE_ESCAPE   File "pyarrow/table.pxi"COMMA_ESCAPE line 3843COMMA_ESCAPE in pyarrow.lib.Table.from_batchesNEWLINE_ESCAPE   File "/home/ronconi/Projects/ibis-renoir-compiler/.venv3.11/lib/python3.11/site-packages/pyflink/table/serializers.py"COMMA_ESCAPE line 78COMMA_ESCAPE in load_from_iteratorNEWLINE_ESCAPE    for batch in reader:NEWLINE_ESCAPE   File "pyarrow/ipc.pxi"COMMA_ESCAPE line 657COMMA_ESCAPE in pyarrow.lib.RecordBatchReader.__iter__NEWLINE_ESCAPE   File "pyarrow/ipc.pxi"COMMA_ESCAPE line 693COMMA_ESCAPE in pyarrow.lib.RecordBatchReader.read_next_batchNEWLINE_ESCAPE   File "/home/ronconi/Projects/ibis-renoir-compiler/.venv3.11/lib/python3.11/site-packages/pyflink/table/serializers.py"COMMA_ESCAPE line 69COMMA_ESCAPE in readintoNEWLINE_ESCAPE    input = self.leftover or (self.iter.next() if self.iter.hasNext() else None)NEWLINE_ESCAPE                              ^^^^^^^^^^^^^^^^NEWLINE_ESCAPE   File "/home/ronconi/Projects/ibis-renoir-compiler/.venv3.11/lib/python3.11/site-packages/py4j/java_gateway.py"COMMA_ESCAPE line 1322COMMA_ESCAPE in __call__NEWLINE_ESCAPE    return_value = get_return_value(NEWLINE_ESCAPE                   ^^^^^^^^^^^^^^^^^NEWLINE_ESCAPE   File "/home/ronconi/Projects/ibis-renoir-compiler/.venv3.11/lib/python3.11/site-packages/pyflink/util/exceptions.py"COMMA_ESCAPE line 146COMMA_ESCAPE in decoNEWLINE_ESCAPE    return f(*aCOMMA_ESCAPE **kw)NEWLINE_ESCAPE           ^^^^^^^^^^^NEWLINE_ESCAPE   File "/home/ronconi/Projects/ibis-renoir-compiler/.venv3.11/lib/python3.11/site-packages/py4j/protocol.py"COMMA_ESCAPE line 326COMMA_ESCAPE in get_return_valueNEWLINE_ESCAPE    raise Py4JJavaError(NEWLINE_ESCAPE py4j.protocol.Py4JJavaError: <exception str() failed>NEWLINE_ESCAPE
INFO,2024-07-23 14:43:33.416,test_scenarios_exploration_5_inner_join,renoir,-1,4.6110468179685995,4.1638081590645015,0.41383313899859786,-1,709.05078125,Scenario4,None
INFO,2024-07-23 14:43:37.541,test_scenarios_exploration_5_inner_join,renoir,0,4.041668749996461,3.705045138951391,0.31172651099041104,-1,718.95703125,Scenario4,None
INFO,2024-07-23 14:43:40.330,test_scenarios_exploration_5_inner_join,renoir,1,2.731525303912349,2.4079239659477025,0.3064090389525518,-1,729.5234375,Scenario4,None
INFO,2024-07-23 14:43:43.217,test_scenarios_exploration_5_inner_join,renoir,2,2.8289297809824347,2.5003935429267585,0.31142034102231264,-1,732.359375,Scenario4,None
INFO,2024-07-23 14:43:46.078,test_scenarios_exploration_5_inner_join,renoir,3,2.797397008049302,2.4617316629737616,0.3179586729966104,-1,742.6640625,Scenario4,None
INFO,2024-07-23 14:43:48.903,test_scenarios_exploration_5_inner_join,renoir,4,2.7664174180245027,2.4405327030690387,0.30862996890209615,-1,759.66015625,Scenario4,None
