test_name,backend,elapsed_s,resident_k,user,system,status
test_nullable_filter_filter_select_select,duckdb,1.70,255460,1.82,0.80,0
test_nullable_filter_filter_select_select,duckdb,1.70,253328,1.83,0.79,0
test_nullable_filter_filter_select_select,duckdb,1.68,257620,1.73,0.88,0
test_nullable_filter_filter_select_select,duckdb,1.71,257808,2.70,0.82,0
test_nullable_filter_filter_select_select,duckdb,1.70,255280,1.80,0.82,0
test_nullable_filter_filter_select_select,duckdb,1.71,261924,2.65,0.87,0
test_nullable_filter_filter_select_select,duckdb,1.68,253352,1.77,0.83,0
test_nullable_filter_filter_select_select,duckdb,1.70,255496,1.79,0.83,0
test_nullable_filter_filter_select_select,duckdb,1.69,263880,1.73,0.88,0
test_nullable_filter_filter_select_select,duckdb,1.69,259484,1.74,0.87,0
test_nullable_filter_filter_select_select,duckdb,1.69,255420,1.70,0.91,0
test_nullable_filter_filter_select_select,polars,1.74,275800,1.83,0.83,0
test_nullable_filter_filter_select_select,polars,1.75,286492,1.86,0.82,0
test_nullable_filter_filter_select_select,polars,1.75,282540,2.75,0.82,0
test_nullable_filter_filter_select_select,polars,1.74,276124,1.84,0.81,0
test_nullable_filter_filter_select_select,polars,1.74,281892,1.86,0.80,0
test_nullable_filter_filter_select_select,polars,1.74,284224,1.80,0.87,0
test_nullable_filter_filter_select_select,polars,1.74,278352,1.77,0.89,0
test_nullable_filter_filter_select_select,polars,1.75,278244,1.78,0.89,0
test_nullable_filter_filter_select_select,polars,1.74,280276,1.84,0.83,0
test_nullable_filter_filter_select_select,polars,1.74,280292,1.85,0.82,0
test_nullable_filter_filter_select_select,polars,1.74,284460,1.81,0.86,0
test_nullable_filter_filter_select_select,flink,4.40,340760,2.38,0.86,0
test_nullable_filter_filter_select_select,flink,3.41,343084,2.30,0.88,0
test_nullable_filter_filter_select_select,flink,3.41,346768,2.31,0.86,0
test_nullable_filter_filter_select_select,flink,3.42,349200,2.23,0.96,0
test_nullable_filter_filter_select_select,flink,3.40,344860,2.31,0.85,0
test_nullable_filter_filter_select_select,flink,3.41,345000,2.25,0.93,0
test_nullable_filter_filter_select_select,flink,3.39,340736,2.25,0.93,0
test_nullable_filter_filter_select_select,flink,3.42,342544,2.29,0.89,0
test_nullable_filter_filter_select_select,flink,3.43,342632,2.26,0.93,0
test_nullable_filter_filter_select_select,flink,3.42,344732,2.28,0.90,0
test_nullable_filter_filter_select_select,flink,3.43,338668,2.17,1.00,0
test_nullable_filter_filter_select_select,renoir,2.04,283760,6.78,1.01,0
test_nullable_filter_filter_select_select,renoir,1.93,270292,6.69,1.03,0
test_nullable_filter_filter_select_select,renoir,1.96,273992,6.84,1.01,0
test_nullable_filter_filter_select_select,renoir,1.95,272156,6.70,1.08,0
test_nullable_filter_filter_select_select,renoir,1.92,270412,6.64,1.06,0
test_nullable_filter_filter_select_select,renoir,1.93,276160,6.75,0.98,0
test_nullable_filter_filter_select_select,renoir,1.95,273448,6.70,1.09,0
test_nullable_filter_filter_select_select,renoir,1.94,280340,6.75,1.07,0
test_nullable_filter_filter_select_select,renoir,1.95,279036,6.88,0.94,0
test_nullable_filter_filter_select_select,renoir,1.95,271664,6.76,1.03,0
test_nullable_filter_filter_select_select,renoir,1.95,268336,6.83,0.96,0
test_nullable_filter_group_mutate,duckdb,0.98,378152,2.57,0.85,0
test_nullable_filter_group_mutate,duckdb,0.99,377852,2.55,0.85,0
test_nullable_filter_group_mutate,duckdb,0.99,410404,2.58,0.84,0
test_nullable_filter_group_mutate,duckdb,0.98,377628,2.59,0.81,0
test_nullable_filter_group_mutate,duckdb,0.99,377896,2.56,0.88,0
test_nullable_filter_group_mutate,duckdb,0.99,410408,2.47,0.93,0
test_nullable_filter_group_mutate,duckdb,0.98,410500,2.56,0.83,0
test_nullable_filter_group_mutate,duckdb,0.98,375568,2.54,0.85,0
test_nullable_filter_group_mutate,duckdb,0.99,408208,2.56,0.87,0
test_nullable_filter_group_mutate,duckdb,0.97,377824,2.49,0.89,0
test_nullable_filter_group_mutate,duckdb,0.98,377756,2.47,0.89,0
test_nullable_filter_group_mutate,polars,1.04,400520,2.61,0.86,0
test_nullable_filter_group_mutate,polars,1.04,400452,2.63,0.82,0
test_nullable_filter_group_mutate,polars,1.04,398196,2.53,0.92,0
test_nullable_filter_group_mutate,polars,1.03,400540,2.59,0.88,0
test_nullable_filter_group_mutate,polars,1.03,400716,2.52,0.94,0
test_nullable_filter_group_mutate,polars,1.04,400528,2.59,0.87,0
test_nullable_filter_group_mutate,polars,1.04,398528,2.53,0.91,0
test_nullable_filter_group_mutate,polars,1.04,400412,2.56,0.89,0
test_nullable_filter_group_mutate,polars,1.03,400224,2.58,0.85,0
test_nullable_filter_group_mutate,polars,1.04,400628,2.67,0.80,0
test_nullable_filter_group_mutate,polars,1.04,400752,2.61,0.89,0
test_nullable_filter_group_mutate,flink,2.70,463216,3.15,0.85,0
test_nullable_filter_group_mutate,flink,2.73,465324,3.07,0.88,0
test_nullable_filter_group_mutate,flink,2.74,497840,3.06,0.91,0
test_nullable_filter_group_mutate,flink,2.67,495604,3.06,0.92,0
test_nullable_filter_group_mutate,flink,2.69,495680,2.96,0.97,0
test_nullable_filter_group_mutate,flink,2.74,463712,3.03,0.91,0
test_nullable_filter_group_mutate,flink,2.77,463636,3.09,0.90,0
test_nullable_filter_group_mutate,flink,2.67,495988,2.99,0.94,0
test_nullable_filter_group_mutate,flink,2.69,463052,3.03,0.90,0
test_nullable_filter_group_mutate,flink,2.72,463200,2.99,0.97,0
test_nullable_filter_group_mutate,flink,2.77,463132,3.01,0.99,0
test_nullable_filter_group_mutate,renoir,2.78,333504,13.67,1.13,0
test_nullable_filter_group_mutate,renoir,2.72,338524,13.65,1.10,0
test_nullable_filter_group_mutate,renoir,2.76,332328,13.74,1.05,0
test_nullable_filter_group_mutate,renoir,2.71,332160,13.76,0.95,0
test_nullable_filter_group_mutate,renoir,2.74,341928,13.77,1.07,0
test_nullable_filter_group_mutate,renoir,2.75,337204,13.94,1.00,0
test_nullable_filter_group_mutate,renoir,2.77,329764,13.56,1.14,0
test_nullable_filter_group_mutate,renoir,2.76,327428,13.72,1.10,0
test_nullable_filter_group_mutate,renoir,2.76,328496,13.79,1.03,0
test_nullable_filter_group_mutate,renoir,2.73,333140,13.69,1.08,0
test_nullable_filter_group_mutate,renoir,2.76,332628,13.71,1.04,0
test_nullable_filter_group_mutate_reduce,duckdb,7.33,3434536,11.62,1.82,0
test_nullable_filter_group_mutate_reduce,duckdb,7.34,3431636,11.75,1.77,0
test_nullable_filter_group_mutate_reduce,duckdb,7.36,3432944,11.57,1.94,0
test_nullable_filter_group_mutate_reduce,duckdb,7.31,3428232,11.60,1.85,0
test_nullable_filter_group_mutate_reduce,duckdb,7.37,3432652,11.56,1.94,0
test_nullable_filter_group_mutate_reduce,duckdb,7.35,3428932,11.57,1.94,0
test_nullable_filter_group_mutate_reduce,duckdb,7.30,3410032,11.42,1.93,0
test_nullable_filter_group_mutate_reduce,duckdb,7.31,3435640,11.49,1.90,0
test_nullable_filter_group_mutate_reduce,duckdb,7.34,3424396,11.51,1.94,0
test_nullable_filter_group_mutate_reduce,duckdb,7.33,3433084,11.50,1.94,0
test_nullable_filter_group_mutate_reduce,duckdb,7.36,3416932,11.64,1.85,0
test_nullable_filter_group_mutate_reduce,polars,7.42,3458188,11.65,1.88,0
test_nullable_filter_group_mutate_reduce,polars,7.53,3433280,11.73,1.80,0
test_nullable_filter_group_mutate_reduce,polars,7.49,3444388,11.72,1.85,0
test_nullable_filter_group_mutate_reduce,polars,7.43,3447004,11.57,1.86,0
test_nullable_filter_group_mutate_reduce,polars,7.47,3459648,11.67,1.91,0
test_nullable_filter_group_mutate_reduce,polars,7.67,3456544,11.86,1.92,0
test_nullable_filter_group_mutate_reduce,polars,7.41,3439032,11.64,1.92,0
test_nullable_filter_group_mutate_reduce,polars,7.44,3455608,11.67,1.87,0
test_nullable_filter_group_mutate_reduce,polars,7.40,3456592,11.66,1.83,0
test_nullable_filter_group_mutate_reduce,polars,7.43,3461780,11.76,1.78,0
test_nullable_filter_group_mutate_reduce,polars,7.45,3441392,11.89,1.75,0
test_nullable_filter_group_mutate_reduce,flink,9.18,3518592,12.13,2.03,0
test_nullable_filter_group_mutate_reduce,flink,9.18,3516956,12.27,1.89,0
test_nullable_filter_group_mutate_reduce,flink,9.21,3520584,12.19,1.92,0
test_nullable_filter_group_mutate_reduce,flink,9.26,3516488,12.30,1.90,0
test_nullable_filter_group_mutate_reduce,flink,9.19,3523612,12.31,1.82,0
test_nullable_filter_group_mutate_reduce,flink,9.15,3523412,12.17,1.97,0
test_nullable_filter_group_mutate_reduce,flink,9.17,3523044,12.13,2.02,0
test_nullable_filter_group_mutate_reduce,flink,9.21,3517956,12.30,1.96,0
test_nullable_filter_group_mutate_reduce,flink,9.23,3521516,12.39,1.80,0
test_nullable_filter_group_mutate_reduce,flink,9.17,3518748,12.14,2.00,0
test_nullable_filter_group_mutate_reduce,flink,9.39,3519096,12.54,1.93,0
test_nullable_filter_group_mutate_reduce,renoir,4.01,2859884,24.45,1.99,0
test_nullable_filter_group_mutate_reduce,renoir,3.81,2898864,24.32,1.98,0
test_nullable_filter_group_mutate_reduce,renoir,3.80,2996000,24.16,2.12,0
test_nullable_filter_group_mutate_reduce,renoir,3.82,2828968,24.10,1.96,0
test_nullable_filter_group_mutate_reduce,renoir,3.83,2854112,23.99,2.04,0
test_nullable_filter_group_mutate_reduce,renoir,3.80,2806088,24.28,1.97,0
test_nullable_filter_group_mutate_reduce,renoir,3.80,2910620,24.19,1.88,0
test_nullable_filter_group_mutate_reduce,renoir,3.78,2872076,24.17,2.11,0
test_nullable_filter_group_mutate_reduce,renoir,3.78,3001284,24.03,2.14,0
test_nullable_filter_group_mutate_reduce,renoir,3.81,2887204,24.22,2.03,0
test_nullable_filter_group_mutate_reduce,renoir,3.85,2992020,23.79,2.07,0
test_nullable_filter_group_select,duckdb,0.99,410200,2.52,0.88,0
test_nullable_filter_group_select,duckdb,0.97,410324,2.57,0.82,0
test_nullable_filter_group_select,duckdb,0.98,410720,2.55,0.84,0
test_nullable_filter_group_select,duckdb,0.99,410576,2.59,0.85,0
test_nullable_filter_group_select,duckdb,0.99,443056,2.50,0.90,0
test_nullable_filter_group_select,duckdb,0.98,410800,2.52,0.86,0
test_nullable_filter_group_select,duckdb,0.99,410636,2.57,0.85,0
test_nullable_filter_group_select,duckdb,0.98,442388,2.58,0.85,0
test_nullable_filter_group_select,duckdb,0.98,410564,2.50,0.89,0
test_nullable_filter_group_select,duckdb,0.99,410504,2.56,0.85,0
test_nullable_filter_group_select,duckdb,0.98,442932,2.48,0.91,0
test_nullable_filter_group_select,polars,1.04,433472,2.63,0.84,0
test_nullable_filter_group_select,polars,1.03,433244,2.66,0.81,0
test_nullable_filter_group_select,polars,1.03,433096,2.58,0.87,0
test_nullable_filter_group_select,polars,1.03,466188,2.52,0.93,0
test_nullable_filter_group_select,polars,1.03,433304,2.54,0.90,0
test_nullable_filter_group_select,polars,1.04,433436,2.56,0.90,0
test_nullable_filter_group_select,polars,1.03,433404,2.61,0.84,0
test_nullable_filter_group_select,polars,1.03,433212,2.57,0.90,0
test_nullable_filter_group_select,polars,1.04,433236,2.57,0.92,0
test_nullable_filter_group_select,polars,1.03,431132,2.60,0.84,0
test_nullable_filter_group_select,polars,1.05,433116,2.59,0.90,0
test_nullable_filter_group_select,flink,2.86,497968,3.04,0.95,0
test_nullable_filter_group_select,flink,2.77,498276,3.05,0.90,0
test_nullable_filter_group_select,flink,2.71,498032,3.01,0.94,0
test_nullable_filter_group_select,flink,2.70,498028,3.05,0.93,0
test_nullable_filter_group_select,flink,2.71,498140,3.03,0.95,0
test_nullable_filter_group_select,flink,2.71,498116,3.03,0.97,0
test_nullable_filter_group_select,flink,2.68,498124,3.06,0.91,0
test_nullable_filter_group_select,flink,2.75,495928,3.10,0.91,0
test_nullable_filter_group_select,flink,2.79,496076,3.04,0.94,0
test_nullable_filter_group_select,flink,2.71,495692,3.10,0.87,0
test_nullable_filter_group_select,flink,2.72,498036,3.01,0.97,0
test_nullable_filter_group_select,renoir,2.78,327016,13.67,1.10,0
test_nullable_filter_group_select,renoir,2.78,330060,13.66,1.12,0
test_nullable_filter_group_select,renoir,2.78,331404,13.77,1.07,0
test_nullable_filter_group_select,renoir,2.74,341644,13.66,1.07,0
test_nullable_filter_group_select,renoir,2.76,337732,13.78,1.02,0
test_nullable_filter_group_select,renoir,2.75,337532,13.56,1.10,0
test_nullable_filter_group_select,renoir,2.75,327100,13.67,1.11,0
test_nullable_filter_group_select,renoir,2.74,328680,13.70,1.08,0
test_nullable_filter_group_select,renoir,2.78,329324,13.76,1.05,0
test_nullable_filter_group_select,renoir,2.76,330872,13.74,1.05,0
test_nullable_filter_group_select,renoir,2.80,325616,13.79,1.10,0
test_nullable_filter_reduce,duckdb,0.99,410436,2.52,0.91,0
test_nullable_filter_reduce,duckdb,0.98,410764,2.53,0.88,0
test_nullable_filter_reduce,duckdb,0.97,410360,2.53,0.86,0
test_nullable_filter_reduce,duckdb,0.97,443000,2.51,0.85,0
test_nullable_filter_reduce,duckdb,0.97,410492,2.52,0.87,0
test_nullable_filter_reduce,duckdb,0.97,410260,2.51,0.88,0
test_nullable_filter_reduce,duckdb,0.99,410092,2.59,0.85,0
test_nullable_filter_reduce,duckdb,0.98,410572,2.43,0.93,0
test_nullable_filter_reduce,duckdb,0.98,410264,2.51,0.87,0
test_nullable_filter_reduce,duckdb,0.98,408404,2.56,0.84,0
test_nullable_filter_reduce,duckdb,0.98,410368,2.55,0.85,0
test_nullable_filter_reduce,polars,1.03,465564,2.57,0.85,0
test_nullable_filter_reduce,polars,1.04,433040,2.59,0.88,0
test_nullable_filter_reduce,polars,1.02,433272,2.60,0.83,0
test_nullable_filter_reduce,polars,1.03,465584,2.56,0.91,0
test_nullable_filter_reduce,polars,1.03,431420,2.57,0.89,0
test_nullable_filter_reduce,polars,1.02,465896,2.56,0.87,0
test_nullable_filter_reduce,polars,1.02,433068,2.58,0.85,0
test_nullable_filter_reduce,polars,1.03,433000,2.53,0.89,0
test_nullable_filter_reduce,polars,1.02,435108,2.60,0.86,0
test_nullable_filter_reduce,polars,1.02,465416,2.51,0.92,0
test_nullable_filter_reduce,polars,1.03,465508,2.56,0.87,0
test_nullable_filter_reduce,flink,2.73,495524,3.02,0.95,0
test_nullable_filter_reduce,flink,2.70,495972,3.05,0.92,0
test_nullable_filter_reduce,flink,2.71,530452,3.07,0.86,0
test_nullable_filter_reduce,flink,2.74,530224,3.03,0.95,0
test_nullable_filter_reduce,flink,2.74,497772,3.02,0.92,0
test_nullable_filter_reduce,flink,2.70,496148,3.06,0.92,0
test_nullable_filter_reduce,flink,2.69,528280,3.00,0.93,0
test_nullable_filter_reduce,flink,2.72,498092,3.06,0.93,0
test_nullable_filter_reduce,flink,2.68,497744,3.02,0.94,0
test_nullable_filter_reduce,flink,2.71,497760,3.02,0.90,0
test_nullable_filter_reduce,flink,2.73,530712,3.00,0.97,0
test_nullable_filter_reduce,renoir,2.68,325152,13.00,1.06,0
test_nullable_filter_reduce,renoir,2.73,325880,13.12,1.03,0
test_nullable_filter_reduce,renoir,2.67,332448,12.98,1.05,0
test_nullable_filter_reduce,renoir,2.69,333924,13.05,1.05,0
test_nullable_filter_reduce,renoir,2.70,332296,12.99,1.15,0
test_nullable_filter_reduce,renoir,2.72,331260,13.08,1.07,0
test_nullable_filter_reduce,renoir,2.70,328028,12.95,1.11,0
test_nullable_filter_reduce,renoir,2.67,337628,12.95,1.10,0
test_nullable_filter_reduce,renoir,2.70,337720,13.07,1.05,0
test_nullable_filter_reduce,renoir,2.71,323732,13.07,1.02,0
test_nullable_filter_reduce,renoir,2.70,331728,13.11,1.02,0
test_nullable_filter_select,duckdb,1.70,294156,1.80,0.83,0
test_nullable_filter_select,duckdb,1.69,292476,1.79,0.82,0
test_nullable_filter_select,duckdb,1.69,294696,1.76,0.86,0
test_nullable_filter_select,duckdb,1.72,294456,2.76,0.81,0
test_nullable_filter_select,duckdb,1.69,290324,1.72,0.89,0
test_nullable_filter_select,duckdb,1.69,294288,1.75,0.86,0
test_nullable_filter_select,duckdb,1.70,290220,1.83,0.79,0
test_nullable_filter_select,duckdb,1.71,286140,2.66,0.85,0
test_nullable_filter_select,duckdb,1.69,290108,1.71,0.90,0
test_nullable_filter_select,duckdb,1.69,294460,1.80,0.82,0
test_nullable_filter_select,duckdb,1.71,294624,2.66,0.87,0
test_nullable_filter_select,polars,1.75,312632,1.84,0.83,0
test_nullable_filter_select,polars,1.75,313020,1.79,0.88,0
test_nullable_filter_select,polars,1.75,312736,1.90,0.78,0
test_nullable_filter_select,polars,1.74,314984,1.75,0.84,0
test_nullable_filter_select,polars,1.75,308464,1.85,0.82,0
test_nullable_filter_select,polars,1.74,308628,1.85,0.81,0
test_nullable_filter_select,polars,1.74,318944,1.82,0.85,0
test_nullable_filter_select,polars,1.75,316872,1.82,0.84,0
test_nullable_filter_select,polars,1.75,310728,1.79,0.88,0
test_nullable_filter_select,polars,1.76,315180,2.76,0.82,0
test_nullable_filter_select,polars,1.74,312852,1.88,0.79,0
test_nullable_filter_select,flink,3.47,377676,2.20,0.94,0
test_nullable_filter_select,flink,3.39,377432,2.25,0.92,0
test_nullable_filter_select,flink,3.49,377672,3.12,0.97,0
test_nullable_filter_select,flink,3.39,377116,2.33,0.84,0
test_nullable_filter_select,flink,3.45,381700,2.28,0.92,0
test_nullable_filter_select,flink,3.43,377344,2.28,0.93,0
test_nullable_filter_select,flink,3.44,375612,2.25,0.92,0
test_nullable_filter_select,flink,3.43,379456,2.29,0.88,0
test_nullable_filter_select,flink,3.41,375612,2.29,0.89,0
test_nullable_filter_select,flink,3.42,373048,2.26,0.92,0
test_nullable_filter_select,flink,3.45,377648,3.26,0.87,0
test_nullable_filter_select,renoir,1.93,265884,6.87,1.02,0
test_nullable_filter_select,renoir,1.93,267464,6.88,0.99,0
test_nullable_filter_select,renoir,1.92,268832,6.88,0.99,0
test_nullable_filter_select,renoir,1.94,270440,6.81,1.07,0
test_nullable_filter_select,renoir,1.94,264012,7.01,0.99,0
test_nullable_filter_select,renoir,1.94,271680,6.94,0.97,0
test_nullable_filter_select,renoir,1.96,275620,6.87,1.05,0
test_nullable_filter_select,renoir,1.94,269608,6.81,1.09,0
test_nullable_filter_select,renoir,1.93,269612,6.78,1.08,0
test_nullable_filter_select,renoir,1.95,272672,6.87,1.01,0
test_nullable_filter_select,renoir,1.93,268180,6.80,1.06,0
test_nullable_group_reduce_group_reduce_join,duckdb,2.81,1770836,13.58,1.63,0
test_nullable_group_reduce_group_reduce_join,duckdb,2.81,1821420,13.55,1.69,0
test_nullable_group_reduce_group_reduce_join,duckdb,2.81,1748524,13.69,1.60,0
test_nullable_group_reduce_group_reduce_join,duckdb,2.78,1771652,13.72,1.69,0
test_nullable_group_reduce_group_reduce_join,duckdb,2.81,1839476,13.73,1.65,0
test_nullable_group_reduce_group_reduce_join,duckdb,2.84,1884048,13.55,1.68,0
test_nullable_group_reduce_group_reduce_join,duckdb,2.77,1766416,13.86,1.63,0
test_nullable_group_reduce_group_reduce_join,duckdb,2.82,1825148,13.56,1.64,0
test_nullable_group_reduce_group_reduce_join,duckdb,2.84,1822384,13.48,1.72,0
test_nullable_group_reduce_group_reduce_join,duckdb,2.83,1769440,13.82,1.66,0
test_nullable_group_reduce_group_reduce_join,duckdb,2.83,1758592,13.73,1.56,0
test_nullable_group_reduce_group_reduce_join,polars,2.85,1807324,13.67,1.70,0
test_nullable_group_reduce_group_reduce_join,polars,2.83,1793948,13.65,1.67,0
test_nullable_group_reduce_group_reduce_join,polars,2.87,1889912,13.54,1.67,0
test_nullable_group_reduce_group_reduce_join,polars,2.87,1779868,13.80,1.61,0
test_nullable_group_reduce_group_reduce_join,polars,2.91,1791404,13.86,1.60,0
test_nullable_group_reduce_group_reduce_join,polars,2.85,1799996,13.94,1.61,0
test_nullable_group_reduce_group_reduce_join,polars,2.87,1849668,13.60,1.66,0
test_nullable_group_reduce_group_reduce_join,polars,2.85,1770336,13.51,1.72,0
test_nullable_group_reduce_group_reduce_join,polars,2.85,1801736,13.69,1.60,0
test_nullable_group_reduce_group_reduce_join,polars,2.89,1839024,13.60,1.67,0
test_nullable_group_reduce_group_reduce_join,polars,2.86,1864392,13.42,1.63,0
test_nullable_group_reduce_group_reduce_join,flink,4.51,1867116,14.25,1.72,0
test_nullable_group_reduce_group_reduce_join,flink,4.62,1921108,14.03,1.77,0
test_nullable_group_reduce_group_reduce_join,flink,4.49,1839524,14.35,1.69,0
test_nullable_group_reduce_group_reduce_join,flink,4.51,1852468,14.18,1.61,0
test_nullable_group_reduce_group_reduce_join,flink,4.51,1873256,14.28,1.62,0
test_nullable_group_reduce_group_reduce_join,flink,4.53,1833768,14.18,1.68,0
test_nullable_group_reduce_group_reduce_join,flink,4.59,1915912,14.17,1.69,0
test_nullable_group_reduce_group_reduce_join,flink,4.67,1854036,14.21,1.72,0
test_nullable_group_reduce_group_reduce_join,flink,4.55,1852116,14.30,1.77,0
test_nullable_group_reduce_group_reduce_join,flink,4.53,1867312,13.99,1.77,0
test_nullable_group_reduce_group_reduce_join,flink,4.54,1949596,14.05,1.76,0
test_nullable_group_reduce_group_reduce_join,renoir,7.20,6354732,52.53,4.13,0
test_nullable_group_reduce_group_reduce_join,renoir,7.13,6137708,52.10,4.00,0
test_nullable_group_reduce_group_reduce_join,renoir,7.04,6025692,52.45,4.14,0
test_nullable_group_reduce_group_reduce_join,renoir,7.20,6026496,54.33,3.99,0
test_nullable_group_reduce_group_reduce_join,renoir,7.35,6040200,54.13,4.41,0
test_nullable_group_reduce_group_reduce_join,renoir,7.37,6192680,54.74,4.47,0
test_nullable_group_reduce_group_reduce_join,renoir,7.18,5992748,54.35,4.06,0
test_nullable_group_reduce_group_reduce_join,renoir,7.21,6110872,54.51,4.33,0
test_nullable_group_reduce_group_reduce_join,renoir,7.26,6311548,54.16,4.32,0
test_nullable_group_reduce_group_reduce_join,renoir,7.27,5758336,53.94,4.35,0
test_nullable_group_reduce_group_reduce_join,renoir,7.27,5939028,54.02,4.17,0
test_nullable_group_reduce_join_mutate,duckdb,2.42,1559756,9.87,1.49,0
test_nullable_group_reduce_join_mutate,duckdb,2.50,1496496,9.92,1.32,0
test_nullable_group_reduce_join_mutate,duckdb,2.46,1537900,9.95,1.38,0
test_nullable_group_reduce_join_mutate,duckdb,2.44,1510288,9.94,1.43,0
test_nullable_group_reduce_join_mutate,duckdb,2.50,1494920,9.90,1.35,0
test_nullable_group_reduce_join_mutate,duckdb,2.48,1483864,9.91,1.46,0
test_nullable_group_reduce_join_mutate,duckdb,2.45,1430868,10.02,1.43,0
test_nullable_group_reduce_join_mutate,duckdb,2.48,1455760,10.00,1.42,0
test_nullable_group_reduce_join_mutate,duckdb,2.46,1524016,9.83,1.39,0
test_nullable_group_reduce_join_mutate,duckdb,2.62,1494848,10.03,1.34,0
test_nullable_group_reduce_join_mutate,duckdb,2.46,1513996,9.97,1.39,0
test_nullable_group_reduce_join_mutate,polars,2.64,1541100,10.10,1.39,0
test_nullable_group_reduce_join_mutate,polars,2.55,1562864,10.13,1.38,0
test_nullable_group_reduce_join_mutate,polars,2.51,1497596,10.00,1.44,0
test_nullable_group_reduce_join_mutate,polars,2.53,1529508,9.89,1.50,0
test_nullable_group_reduce_join_mutate,polars,2.49,1532924,10.11,1.37,0
test_nullable_group_reduce_join_mutate,polars,2.49,1564280,9.97,1.41,0
test_nullable_group_reduce_join_mutate,polars,2.58,1535688,10.00,1.41,0
test_nullable_group_reduce_join_mutate,polars,2.45,1549680,9.98,1.48,0
test_nullable_group_reduce_join_mutate,polars,2.49,1567284,9.88,1.32,0
test_nullable_group_reduce_join_mutate,polars,2.61,1539084,10.10,1.43,0
test_nullable_group_reduce_join_mutate,polars,2.62,1541612,10.11,1.33,0
test_nullable_group_reduce_join_mutate,flink,4.26,1598316,10.52,1.44,0
test_nullable_group_reduce_join_mutate,flink,4.16,1595184,10.38,1.43,0
test_nullable_group_reduce_join_mutate,flink,4.16,1610776,10.41,1.47,0
test_nullable_group_reduce_join_mutate,flink,4.27,1604780,10.45,1.46,0
test_nullable_group_reduce_join_mutate,flink,4.26,1644136,10.50,1.47,0
test_nullable_group_reduce_join_mutate,flink,4.30,1644656,10.37,1.46,0
test_nullable_group_reduce_join_mutate,flink,4.18,1601376,10.45,1.45,0
test_nullable_group_reduce_join_mutate,flink,4.22,1639708,10.49,1.46,0
test_nullable_group_reduce_join_mutate,flink,4.22,1588832,10.37,1.53,0
test_nullable_group_reduce_join_mutate,flink,4.39,1631480,10.48,1.47,0
test_nullable_group_reduce_join_mutate,flink,4.30,1606240,10.48,1.39,0
test_nullable_group_reduce_join_mutate,renoir,7.09,5435904,49.21,3.44,0
test_nullable_group_reduce_join_mutate,renoir,6.78,5635296,49.23,3.57,0
test_nullable_group_reduce_join_mutate,renoir,6.78,5712448,49.35,3.47,0
test_nullable_group_reduce_join_mutate,renoir,7.03,5672352,51.23,3.60,0
test_nullable_group_reduce_join_mutate,renoir,7.04,5642516,51.27,3.57,0
test_nullable_group_reduce_join_mutate,renoir,7.01,5499276,51.42,3.50,0
test_nullable_group_reduce_join_mutate,renoir,7.04,6096600,50.74,3.75,0
test_nullable_group_reduce_join_mutate,renoir,6.97,5894904,50.83,3.80,0
test_nullable_group_reduce_join_mutate,renoir,7.05,6161536,51.09,3.92,0
test_nullable_group_reduce_join_mutate,renoir,7.02,5882272,51.05,3.43,0
test_nullable_group_reduce_join_mutate,renoir,7.06,5703676,51.46,3.52,0
test_nullable_inner_join_select,duckdb,1.22,444180,4.26,0.92,0
test_nullable_inner_join_select,duckdb,1.20,411508,4.25,0.89,0
test_nullable_inner_join_select,duckdb,1.22,411736,4.29,0.92,0
test_nullable_inner_join_select,duckdb,1.21,444104,4.28,0.91,0
test_nullable_inner_join_select,duckdb,1.23,411668,4.32,0.89,0
test_nullable_inner_join_select,duckdb,1.22,413548,4.23,0.96,0
test_nullable_inner_join_select,duckdb,1.22,439692,4.22,0.92,0
test_nullable_inner_join_select,duckdb,1.21,446052,4.29,0.91,0
test_nullable_inner_join_select,duckdb,1.23,444052,4.32,0.89,0
test_nullable_inner_join_select,duckdb,1.21,411716,4.20,0.94,0
test_nullable_inner_join_select,duckdb,1.19,444052,4.23,0.92,0
test_nullable_inner_join_select,polars,1.26,462012,4.32,0.92,0
test_nullable_inner_join_select,polars,1.26,466692,4.24,1.02,0
test_nullable_inner_join_select,polars,1.27,432228,4.25,0.97,0
test_nullable_inner_join_select,polars,1.26,434140,4.28,0.93,0
test_nullable_inner_join_select,polars,1.28,434392,4.30,0.97,0
test_nullable_inner_join_select,polars,1.27,434108,4.30,0.94,0
test_nullable_inner_join_select,polars,1.27,434452,4.36,0.93,0
test_nullable_inner_join_select,polars,1.28,434232,4.30,0.93,0
test_nullable_inner_join_select,polars,1.27,466712,4.36,0.92,0
test_nullable_inner_join_select,polars,1.26,467016,4.26,0.97,0
test_nullable_inner_join_select,polars,1.26,434116,4.25,0.98,0
test_nullable_inner_join_select,flink,2.98,497032,4.71,1.07,0
test_nullable_inner_join_select,flink,3.00,531448,4.79,0.96,0
test_nullable_inner_join_select,flink,2.91,525036,4.68,1.04,0
test_nullable_inner_join_select,flink,2.99,499592,4.71,1.06,0
test_nullable_inner_join_select,flink,2.96,499188,4.75,1.03,0
test_nullable_inner_join_select,flink,2.95,497312,4.79,0.98,0
test_nullable_inner_join_select,flink,3.00,499348,4.81,1.00,0
test_nullable_inner_join_select,flink,2.98,498668,4.80,0.98,0
test_nullable_inner_join_select,flink,2.91,524968,4.82,0.95,0
test_nullable_inner_join_select,flink,2.94,524556,4.69,1.05,0
test_nullable_inner_join_select,flink,2.95,499420,4.70,1.04,0
test_nullable_inner_join_select,renoir,4.09,2786968,25.21,1.72,0
test_nullable_inner_join_select,renoir,4.11,2932796,25.50,1.71,0
test_nullable_inner_join_select,renoir,4.04,2860232,25.33,1.77,0
test_nullable_inner_join_select,renoir,4.02,2678656,25.13,1.72,0
test_nullable_inner_join_select,renoir,4.06,2806684,25.33,1.79,0
test_nullable_inner_join_select,renoir,4.21,2955788,26.48,1.67,0
test_nullable_inner_join_select,renoir,4.20,3021976,26.93,1.75,0
test_nullable_inner_join_select,renoir,4.19,3009812,27.02,1.69,0
test_nullable_inner_join_select,renoir,4.22,2919392,26.86,1.77,0
test_nullable_inner_join_select,renoir,4.19,2819528,26.85,1.79,0
test_nullable_inner_join_select,renoir,4.27,2914784,26.76,1.82,0
test_nullable_join_group_reduce,duckdb,2.27,1371612,10.23,1.40,0
test_nullable_join_group_reduce,duckdb,2.25,1403408,10.14,1.41,0
test_nullable_join_group_reduce,duckdb,2.25,1398512,10.17,1.36,0
test_nullable_join_group_reduce,duckdb,2.28,1359064,10.09,1.43,0
test_nullable_join_group_reduce,duckdb,2.25,1385392,10.17,1.42,0
test_nullable_join_group_reduce,duckdb,2.28,1421612,10.11,1.42,0
test_nullable_join_group_reduce,duckdb,2.27,1395488,10.17,1.40,0
test_nullable_join_group_reduce,duckdb,2.25,1399496,10.16,1.35,0
test_nullable_join_group_reduce,duckdb,2.27,1400636,10.35,1.35,0
test_nullable_join_group_reduce,duckdb,2.25,1387200,10.17,1.40,0
test_nullable_join_group_reduce,duckdb,2.22,1397820,10.20,1.34,0
test_nullable_join_group_reduce,polars,2.28,1403196,10.26,1.43,0
test_nullable_join_group_reduce,polars,2.29,1424468,10.13,1.43,0
test_nullable_join_group_reduce,polars,2.34,1387476,10.24,1.43,0
test_nullable_join_group_reduce,polars,2.33,1454916,10.30,1.39,0
test_nullable_join_group_reduce,polars,2.32,1420192,10.26,1.35,0
test_nullable_join_group_reduce,polars,2.34,1427448,10.27,1.37,0
test_nullable_join_group_reduce,polars,2.31,1444340,10.33,1.30,0
test_nullable_join_group_reduce,polars,2.34,1427864,10.29,1.42,0
test_nullable_join_group_reduce,polars,2.32,1422072,10.07,1.43,0
test_nullable_join_group_reduce,polars,2.31,1412228,10.25,1.46,0
test_nullable_join_group_reduce,polars,2.28,1417716,10.22,1.36,0
test_nullable_join_group_reduce,flink,3.97,1486764,10.70,1.50,0
test_nullable_join_group_reduce,flink,4.01,1481816,10.65,1.51,0
test_nullable_join_group_reduce,flink,3.94,1476876,10.70,1.44,0
test_nullable_join_group_reduce,flink,4.01,1489124,10.65,1.54,0
test_nullable_join_group_reduce,flink,4.02,1503672,10.71,1.48,0
test_nullable_join_group_reduce,flink,3.99,1511248,10.73,1.42,0
test_nullable_join_group_reduce,flink,3.96,1481340,10.61,1.49,0
test_nullable_join_group_reduce,flink,4.01,1490072,10.63,1.53,0
test_nullable_join_group_reduce,flink,3.98,1489556,10.75,1.47,0
test_nullable_join_group_reduce,flink,3.97,1479288,10.68,1.45,0
test_nullable_join_group_reduce,flink,4.01,1508052,10.66,1.46,0
test_nullable_join_group_reduce,renoir,6.72,5838096,47.90,3.67,0
test_nullable_join_group_reduce,renoir,6.61,5321692,47.98,3.76,0
test_nullable_join_group_reduce,renoir,6.74,5597868,47.80,3.79,0
test_nullable_join_group_reduce,renoir,6.91,5717796,49.58,3.77,0
test_nullable_join_group_reduce,renoir,6.84,5261116,50.25,3.67,0
test_nullable_join_group_reduce,renoir,6.84,5544904,49.66,3.93,0
test_nullable_join_group_reduce,renoir,6.87,5696548,49.81,3.57,0
test_nullable_join_group_reduce,renoir,6.77,6080684,49.95,3.46,0
test_nullable_join_group_reduce,renoir,6.82,5614476,49.61,3.83,0
test_nullable_join_group_reduce,renoir,6.83,5375272,50.04,3.80,0
test_nullable_join_group_reduce,renoir,6.87,5677268,49.80,3.63,0
test_nullable_left_join,duckdb,13.05,3400204,17.81,1.79,0
test_nullable_left_join,duckdb,13.08,3399492,17.89,1.70,0
test_nullable_left_join,duckdb,13.01,3397088,17.82,1.70,0
test_nullable_left_join,duckdb,12.88,3398912,17.61,1.81,0
test_nullable_left_join,duckdb,12.87,3398492,17.66,1.76,0
test_nullable_left_join,duckdb,12.94,3404112,17.75,1.73,0
test_nullable_left_join,duckdb,13.03,3400268,17.79,1.79,0
test_nullable_left_join,duckdb,13.14,3400620,17.89,1.80,0
test_nullable_left_join,duckdb,13.07,3400016,17.79,1.71,0
test_nullable_left_join,duckdb,13.38,3401264,18.19,1.76,0
test_nullable_left_join,duckdb,13.15,3396904,17.97,1.68,0
test_nullable_left_join,polars,13.07,3422880,17.90,1.73,0
test_nullable_left_join,polars,12.94,3423048,17.65,1.85,0
test_nullable_left_join,polars,12.98,3422492,17.83,1.73,0
test_nullable_left_join,polars,13.06,3422656,17.73,1.75,0
test_nullable_left_join,polars,13.03,3421796,17.80,1.76,0
test_nullable_left_join,polars,12.98,3419780,17.79,1.76,0
test_nullable_left_join,polars,12.79,3422992,17.48,1.87,0
test_nullable_left_join,polars,13.49,3415752,18.32,1.72,0
test_nullable_left_join,polars,13.20,3425784,18.06,1.67,0
test_nullable_left_join,polars,13.34,3424520,18.03,1.86,0
test_nullable_left_join,polars,12.99,3421180,17.77,1.78,0
test_nullable_left_join,flink,14.96,3492796,18.42,1.93,0
test_nullable_left_join,flink,15.48,3488508,18.96,1.88,0
test_nullable_left_join,flink,14.82,3485868,18.38,1.88,0
test_nullable_left_join,flink,14.76,3491844,18.28,1.87,0
test_nullable_left_join,flink,15.56,3493296,19.20,1.76,0
test_nullable_left_join,flink,14.88,3482820,18.41,1.84,0
test_nullable_left_join,flink,15.25,3489524,18.81,1.82,0
test_nullable_left_join,flink,14.85,3485680,18.46,1.81,0
test_nullable_left_join,flink,14.80,3485776,18.44,1.77,0
test_nullable_left_join,flink,14.70,3491636,18.43,1.74,0
test_nullable_left_join,flink,14.86,3496044,18.45,1.78,0
test_nullable_left_join,renoir,5.76,6618464,41.16,3.21,0
test_nullable_left_join,renoir,5.63,6677804,41.43,3.08,0
test_nullable_left_join,renoir,5.62,6404148,41.48,3.14,0
test_nullable_left_join,renoir,5.62,6383748,41.42,3.02,0
test_nullable_left_join,renoir,5.59,6595604,41.43,3.14,0
test_nullable_left_join,renoir,5.65,6750700,41.81,3.62,0
test_nullable_left_join,renoir,5.63,6533008,41.16,3.07,0
test_nullable_left_join,renoir,5.77,6755332,42.58,3.13,0
test_nullable_left_join,renoir,5.71,6864004,42.51,3.14,0
test_nullable_left_join,renoir,5.71,7105392,42.40,3.19,0
test_nullable_left_join,renoir,5.79,7151300,42.04,3.40,0
test_nullable_outer_join,duckdb,43.08,7986372,47.56,2.47,0
test_nullable_outer_join,duckdb,43.42,7988024,47.79,2.57,0
test_nullable_outer_join,duckdb,42.34,7992800,46.76,2.50,0
test_nullable_outer_join,duckdb,42.74,7984560,47.25,2.39,0
test_nullable_outer_join,duckdb,42.80,7987820,47.37,2.36,0
test_nullable_outer_join,duckdb,43.85,7990652,48.35,2.45,0
test_nullable_outer_join,duckdb,44.62,7990664,49.19,2.37,0
test_nullable_outer_join,duckdb,42.49,7975892,46.97,2.51,0
test_nullable_outer_join,duckdb,42.80,7972724,47.36,2.38,0
test_nullable_outer_join,duckdb,43.36,7985936,47.72,2.58,0
test_nullable_outer_join,duckdb,43.33,7988172,47.67,2.56,0
test_nullable_outer_join,polars,43.42,7994652,47.91,2.45,0
test_nullable_outer_join,polars,43.68,8003252,48.03,2.57,0
test_nullable_outer_join,polars,42.80,8006108,47.27,2.50,0
test_nullable_outer_join,polars,42.44,8005484,47.02,2.40,0
test_nullable_outer_join,polars,42.76,8005908,47.20,2.49,0
test_nullable_outer_join,polars,42.33,8005360,46.72,2.56,0
test_nullable_outer_join,polars,42.12,8006448,46.65,2.43,0
test_nullable_outer_join,polars,41.85,8007528,46.33,2.48,0
test_nullable_outer_join,polars,43.01,8007528,47.38,2.56,0
test_nullable_outer_join,polars,42.24,7998240,46.58,2.55,0
test_nullable_outer_join,polars,42.64,8002216,47.18,2.41,0
test_nullable_outer_join,flink,44.43,8073288,47.70,2.62,0
test_nullable_outer_join,flink,44.39,8072560,47.51,2.68,0
test_nullable_outer_join,flink,44.80,8071520,47.99,2.66,0
test_nullable_outer_join,flink,45.86,8076756,49.17,2.54,0
test_nullable_outer_join,flink,44.31,8071540,47.39,2.73,0
test_nullable_outer_join,flink,44.62,8073596,47.83,2.65,0
test_nullable_outer_join,flink,44.66,8068840,47.90,2.61,0
test_nullable_outer_join,flink,44.55,8073864,47.72,2.72,0
test_nullable_outer_join,flink,44.74,8071108,48.15,2.49,0
test_nullable_outer_join,flink,46.49,8063992,49.81,2.55,0
test_nullable_outer_join,flink,46.29,8070756,49.51,2.66,0
test_nullable_outer_join,renoir,6.22,7493296,47.14,3.25,0
test_nullable_outer_join,renoir,6.13,7403264,46.74,3.52,0
test_nullable_outer_join,renoir,6.11,7673628,46.49,3.30,0
test_nullable_outer_join,renoir,6.08,7365192,45.99,3.35,0
test_nullable_outer_join,renoir,6.10,7692212,46.59,3.22,0
test_nullable_outer_join,renoir,6.13,7494324,46.58,3.29,0
test_nullable_outer_join,renoir,6.11,7267652,47.02,3.19,0
test_nullable_outer_join,renoir,6.24,7264160,47.68,3.33,0
test_nullable_outer_join,renoir,6.10,7417476,46.53,3.25,0
test_nullable_outer_join,renoir,6.10,7420556,47.69,3.23,0
test_nullable_outer_join,renoir,6.16,7497636,47.45,3.48,0
test_nullable_windowing_explicit,duckdb,5.18,2686808,6.36,4.50,0
test_nullable_windowing_explicit,duckdb,5.14,2656068,6.54,4.16,0
test_nullable_windowing_explicit,duckdb,5.26,2649800,8.14,4.23,0
test_nullable_windowing_explicit,duckdb,5.12,2691324,6.51,4.20,0
test_nullable_windowing_explicit,duckdb,5.14,2671728,6.50,4.20,0
test_nullable_windowing_explicit,duckdb,5.12,2674792,6.64,4.06,0
test_nullable_windowing_explicit,duckdb,5.15,2680628,6.31,4.44,0
test_nullable_windowing_explicit,duckdb,5.10,2689012,6.63,4.16,0
test_nullable_windowing_explicit,duckdb,5.13,2678952,6.53,4.20,0
test_nullable_windowing_explicit,duckdb,5.11,2670296,6.60,4.05,0
test_nullable_windowing_explicit,duckdb,5.16,2671780,6.46,4.25,0
test_nullable_windowing_explicit,polars,5.27,2690516,7.92,4.42,0
test_nullable_windowing_explicit,polars,5.19,2709544,6.36,4.41,0
test_nullable_windowing_explicit,polars,5.22,2686068,6.75,4.04,0
test_nullable_windowing_explicit,polars,5.17,2706384,6.47,4.35,0
test_nullable_windowing_explicit,polars,5.16,2709084,6.52,4.19,0
test_nullable_windowing_explicit,polars,5.18,2703004,6.64,4.10,0
test_nullable_windowing_explicit,polars,5.16,2699080,6.56,4.13,0
test_nullable_windowing_explicit,polars,5.20,2705988,6.33,4.42,0
test_nullable_windowing_explicit,polars,5.21,2705336,6.56,4.26,0
test_nullable_windowing_explicit,polars,5.20,2709212,6.41,4.36,0
test_nullable_windowing_explicit,polars,5.27,2686124,8.10,4.34,0
test_nullable_windowing_explicit,flink,6.91,2814884,6.97,4.44,0
test_nullable_windowing_explicit,flink,6.93,2825412,7.13,4.19,0
test_nullable_windowing_explicit,flink,6.94,2778068,7.19,4.28,0
test_nullable_windowing_explicit,flink,6.89,2792004,7.23,4.10,0
test_nullable_windowing_explicit,flink,6.85,2816116,7.34,3.91,0
test_nullable_windowing_explicit,flink,6.86,2790020,7.02,4.31,0
test_nullable_windowing_explicit,flink,6.89,2814696,7.14,4.19,0
test_nullable_windowing_explicit,flink,6.86,2803636,7.00,4.32,0
test_nullable_windowing_explicit,flink,6.90,2786896,6.93,4.31,0
test_nullable_windowing_explicit,flink,6.89,2817348,7.13,4.24,0
test_nullable_windowing_explicit,flink,6.84,2819832,6.92,4.43,0
test_nullable_windowing_explicit,renoir,3.78,331368,13.22,1.15,0
test_nullable_windowing_explicit,renoir,3.82,335608,13.49,1.11,0
test_nullable_windowing_explicit,renoir,3.68,335496,13.23,1.17,0
test_nullable_windowing_explicit,renoir,3.73,338264,13.41,1.13,0
test_nullable_windowing_explicit,renoir,3.88,333988,13.54,1.19,0
test_nullable_windowing_explicit,renoir,3.70,336484,13.34,1.13,0
test_nullable_windowing_explicit,renoir,3.69,334596,13.30,1.15,0
test_nullable_windowing_explicit,renoir,3.69,332728,13.25,1.19,0
test_nullable_windowing_explicit,renoir,3.68,331396,13.50,1.16,0
test_nullable_windowing_explicit,renoir,3.72,333276,13.14,1.18,0
test_nullable_windowing_explicit,renoir,3.76,331436,13.28,1.27,0
test_nullable_windowing_explicit_group,duckdb,8.40,5151340,15.41,2.44,0
test_nullable_windowing_explicit_group,duckdb,8.33,5163236,15.28,2.45,0
test_nullable_windowing_explicit_group,duckdb,8.36,5184604,15.30,2.50,0
test_nullable_windowing_explicit_group,duckdb,8.27,5100652,15.18,2.54,0
test_nullable_windowing_explicit_group,duckdb,8.30,5105724,15.38,2.19,0
test_nullable_windowing_explicit_group,duckdb,8.26,5059008,15.41,2.25,0
test_nullable_windowing_explicit_group,duckdb,8.58,5167272,15.57,2.63,0
test_nullable_windowing_explicit_group,duckdb,8.26,5156632,15.30,2.50,0
test_nullable_windowing_explicit_group,duckdb,8.28,5241004,15.19,2.45,0
test_nullable_windowing_explicit_group,duckdb,8.35,5219552,15.32,2.39,0
test_nullable_windowing_explicit_group,duckdb,8.26,5162136,15.21,2.45,0
test_nullable_windowing_explicit_group,polars,8.35,5198828,15.50,2.66,0
test_nullable_windowing_explicit_group,polars,8.29,5279028,15.19,2.52,0
test_nullable_windowing_explicit_group,polars,8.31,5205568,15.13,2.52,0
test_nullable_windowing_explicit_group,polars,8.33,5081192,15.38,2.44,0
test_nullable_windowing_explicit_group,polars,8.30,5192724,15.41,2.31,0
test_nullable_windowing_explicit_group,polars,8.37,5228040,15.35,2.54,0
test_nullable_windowing_explicit_group,polars,8.38,5124712,15.30,2.65,0
test_nullable_windowing_explicit_group,polars,8.33,5191136,15.47,2.27,0
test_nullable_windowing_explicit_group,polars,8.35,5157572,15.28,2.48,0
test_nullable_windowing_explicit_group,polars,8.41,5144988,15.40,2.60,0
test_nullable_windowing_explicit_group,polars,8.44,5131456,15.43,2.56,0
test_nullable_windowing_explicit_group,flink,10.15,5277556,15.93,2.73,0
test_nullable_windowing_explicit_group,flink,10.34,5262028,16.12,2.79,0
test_nullable_windowing_explicit_group,flink,10.17,5194536,16.01,2.82,0
test_nullable_windowing_explicit_group,flink,10.07,5118760,15.86,2.90,0
test_nullable_windowing_explicit_group,flink,10.14,5284148,15.99,2.77,0
test_nullable_windowing_explicit_group,flink,10.09,5181776,15.93,2.67,0
test_nullable_windowing_explicit_group,flink,10.04,5285164,16.04,2.44,0
test_nullable_windowing_explicit_group,flink,10.10,5246316,15.97,2.56,0
test_nullable_windowing_explicit_group,flink,10.20,5278600,16.18,2.55,0
test_nullable_windowing_explicit_group,flink,10.09,5184324,15.96,2.70,0
test_nullable_windowing_explicit_group,flink,10.07,5172224,16.01,2.60,0
test_nullable_windowing_explicit_group,renoir,4.68,6412976,30.15,2.87,0
test_nullable_windowing_explicit_group,renoir,4.43,6268644,29.57,2.82,0
test_nullable_windowing_explicit_group,renoir,4.45,6128188,29.83,2.81,0
test_nullable_windowing_explicit_group,renoir,4.43,6182944,30.05,2.81,0
test_nullable_windowing_explicit_group,renoir,4.46,6098364,30.24,2.99,0
test_nullable_windowing_explicit_group,renoir,4.43,6121972,29.96,3.12,0
test_nullable_windowing_explicit_group,renoir,4.42,6208736,30.35,2.84,0
test_nullable_windowing_explicit_group,renoir,4.44,6163772,29.40,3.18,0
test_nullable_windowing_explicit_group,renoir,4.48,6150528,30.25,3.17,0
test_nullable_windowing_explicit_group,renoir,4.45,6623392,30.06,2.92,0
test_nullable_windowing_explicit_group,renoir,4.42,6163032,29.41,2.91,0
test_nullable_windowing_explicit_window_far,duckdb,5.14,2676196,6.88,4.10,0
test_nullable_windowing_explicit_window_far,duckdb,5.12,2650376,6.72,4.25,0
test_nullable_windowing_explicit_window_far,duckdb,5.16,2671664,6.84,4.23,0
test_nullable_windowing_explicit_window_far,duckdb,5.13,2682300,6.84,4.09,0
test_nullable_windowing_explicit_window_far,duckdb,5.14,2700844,6.81,4.21,0
test_nullable_windowing_explicit_window_far,duckdb,5.26,2664804,8.41,4.15,0
test_nullable_windowing_explicit_window_far,duckdb,5.22,2654992,8.25,4.25,0
test_nullable_windowing_explicit_window_far,duckdb,5.13,2672836,6.59,4.37,0
test_nullable_windowing_explicit_window_far,duckdb,5.12,2668676,6.79,4.16,0
test_nullable_windowing_explicit_window_far,duckdb,5.11,2686012,6.67,4.27,0
test_nullable_windowing_explicit_window_far,duckdb,5.11,2662148,6.86,4.11,0
test_nullable_windowing_explicit_window_far,polars,5.21,2708224,6.97,4.09,0
test_nullable_windowing_explicit_window_far,polars,5.16,2725888,6.82,4.17,0
test_nullable_windowing_explicit_window_far,polars,5.18,2699920,6.69,4.44,0
test_nullable_windowing_explicit_window_far,polars,5.20,2684696,6.83,4.19,0
test_nullable_windowing_explicit_window_far,polars,5.20,2732084,7.07,4.04,0
test_nullable_windowing_explicit_window_far,polars,5.17,2692400,6.67,4.41,0
test_nullable_windowing_explicit_window_far,polars,5.18,2713816,6.66,4.40,0
test_nullable_windowing_explicit_window_far,polars,5.25,2675456,8.17,4.36,0
test_nullable_windowing_explicit_window_far,polars,5.18,2731200,6.97,4.02,0
test_nullable_windowing_explicit_window_far,polars,5.22,2727276,6.65,4.39,0
test_nullable_windowing_explicit_window_far,polars,5.27,2728568,8.46,4.17,0
test_nullable_windowing_explicit_window_far,flink,6.86,2824092,7.37,4.16,0
test_nullable_windowing_explicit_window_far,flink,6.89,2810456,7.29,4.26,0
test_nullable_windowing_explicit_window_far,flink,6.90,2802332,7.32,4.30,0
test_nullable_windowing_explicit_window_far,flink,6.93,2822872,7.30,4.37,0
test_nullable_windowing_explicit_window_far,flink,6.89,2821740,7.34,4.29,0
test_nullable_windowing_explicit_window_far,flink,6.87,2793584,7.29,4.26,0
test_nullable_windowing_explicit_window_far,flink,6.93,2826828,7.21,4.38,0
test_nullable_windowing_explicit_window_far,flink,6.91,2796244,7.10,4.45,0
test_nullable_windowing_explicit_window_far,flink,6.94,2793204,7.21,4.38,0
test_nullable_windowing_explicit_window_far,flink,7.01,2799708,7.53,4.11,0
test_nullable_windowing_explicit_window_far,flink,6.89,2835488,7.20,4.44,0
test_nullable_windowing_explicit_window_far,renoir,3.69,345808,13.32,1.25,0
test_nullable_windowing_explicit_window_far,renoir,3.66,346212,13.26,1.14,0
test_nullable_windowing_explicit_window_far,renoir,3.82,344864,13.49,1.22,0
test_nullable_windowing_explicit_window_far,renoir,3.66,345400,13.32,1.18,0
test_nullable_windowing_explicit_window_far,renoir,3.67,343956,13.41,1.19,0
test_nullable_windowing_explicit_window_far,renoir,3.73,344388,13.26,1.25,0
test_nullable_windowing_explicit_window_far,renoir,3.69,343968,13.24,1.28,0
test_nullable_windowing_explicit_window_far,renoir,3.66,343756,13.29,1.21,0
test_nullable_windowing_explicit_window_far,renoir,3.65,342340,13.31,1.20,0
test_nullable_windowing_explicit_window_far,renoir,3.68,341584,13.33,1.18,0
test_nullable_windowing_explicit_window_far,renoir,3.61,345116,13.22,1.26,0
test_nullable_windowing_implicit_group,duckdb,4.25,3962236,11.95,2.03,0
test_nullable_windowing_implicit_group,duckdb,4.29,3885488,12.10,2.22,0
test_nullable_windowing_implicit_group,duckdb,4.27,3921208,12.16,2.11,0
test_nullable_windowing_implicit_group,duckdb,4.28,3994932,11.97,2.11,0
test_nullable_windowing_implicit_group,duckdb,4.21,3935284,12.11,1.97,0
test_nullable_windowing_implicit_group,duckdb,4.26,4067004,11.99,2.13,0
test_nullable_windowing_implicit_group,duckdb,4.23,3899672,11.98,2.02,0
test_nullable_windowing_implicit_group,duckdb,4.23,3986972,12.12,2.13,0
test_nullable_windowing_implicit_group,duckdb,4.26,3940004,11.97,1.95,0
test_nullable_windowing_implicit_group,duckdb,4.24,3971520,12.08,2.03,0
test_nullable_windowing_implicit_group,duckdb,4.26,3994328,12.09,2.37,0
test_nullable_windowing_implicit_group,polars,4.29,3948856,12.02,2.15,0
test_nullable_windowing_implicit_group,polars,4.29,4057436,11.89,2.04,0
test_nullable_windowing_implicit_group,polars,4.31,3906420,12.06,2.01,0
test_nullable_windowing_implicit_group,polars,4.30,3936272,11.99,2.07,0
test_nullable_windowing_implicit_group,polars,4.33,3854896,12.16,1.97,0
test_nullable_windowing_implicit_group,polars,4.31,3967668,12.09,2.01,0
test_nullable_windowing_implicit_group,polars,4.27,3992384,12.03,2.08,0
test_nullable_windowing_implicit_group,polars,4.29,3918968,12.07,1.95,0
test_nullable_windowing_implicit_group,polars,4.33,3966048,12.06,2.05,0
test_nullable_windowing_implicit_group,polars,4.31,3835692,12.01,2.03,0
test_nullable_windowing_implicit_group,polars,4.29,3977464,12.18,2.15,0
test_nullable_windowing_implicit_group,flink,6.04,3877876,12.69,2.20,0
test_nullable_windowing_implicit_group,flink,6.00,4029448,12.71,2.39,0
test_nullable_windowing_implicit_group,flink,5.97,4042132,12.56,2.41,0
test_nullable_windowing_implicit_group,flink,6.01,4038120,12.67,2.34,0
test_nullable_windowing_implicit_group,flink,6.06,4034620,12.72,2.45,0
test_nullable_windowing_implicit_group,flink,5.99,3923916,12.53,2.23,0
test_nullable_windowing_implicit_group,flink,6.05,4037892,12.56,2.39,0
test_nullable_windowing_implicit_group,flink,6.02,3983000,12.45,2.55,0
test_nullable_windowing_implicit_group,flink,5.98,4109708,12.50,2.43,0
test_nullable_windowing_implicit_group,flink,5.98,3923004,12.63,2.14,0
test_nullable_windowing_implicit_group,flink,6.02,4055488,12.57,2.56,0
test_nullable_windowing_implicit_group,renoir,15.56,17013460,76.93,6.35,0
test_nullable_windowing_implicit_group,renoir,15.57,17231648,77.41,6.45,0
test_nullable_windowing_implicit_group,renoir,15.39,16605408,77.44,6.35,0
test_nullable_windowing_implicit_group,renoir,15.51,16413840,77.72,6.22,0
test_nullable_windowing_implicit_group,renoir,15.50,16479572,77.27,6.63,0
test_nullable_windowing_implicit_group,renoir,15.61,16474148,77.42,6.13,0
test_nullable_windowing_implicit_group,renoir,15.51,16381488,77.51,6.45,0
test_nullable_windowing_implicit_group,renoir,15.50,17181680,77.91,6.53,0
test_nullable_windowing_implicit_group,renoir,15.46,16437264,78.18,6.15,0
test_nullable_windowing_implicit_group,renoir,15.47,16337228,78.41,6.07,0
test_nullable_windowing_implicit_group,renoir,15.65,16388808,78.09,6.04,0
test_nullable_windowing_implicit_mean,duckdb,5.04,2716644,5.25,2.42,0
test_nullable_windowing_implicit_mean,duckdb,4.93,2738344,5.24,2.33,0
test_nullable_windowing_implicit_mean,duckdb,4.93,2712376,5.17,2.41,0
test_nullable_windowing_implicit_mean,duckdb,4.97,2702564,5.15,2.46,0
test_nullable_windowing_implicit_mean,duckdb,5.02,2722068,5.21,2.45,0
test_nullable_windowing_implicit_mean,duckdb,4.90,2718428,5.13,2.41,0
test_nullable_windowing_implicit_mean,duckdb,4.94,2711744,5.17,2.38,0
test_nullable_windowing_implicit_mean,duckdb,4.97,2729296,5.13,2.47,0
test_nullable_windowing_implicit_mean,duckdb,4.94,2735572,5.18,2.38,0
test_nullable_windowing_implicit_mean,duckdb,4.94,2715580,5.18,2.39,0
test_nullable_windowing_implicit_mean,duckdb,4.92,2716344,5.11,2.44,0
test_nullable_windowing_implicit_mean,polars,5.12,2739216,5.44,2.31,0
test_nullable_windowing_implicit_mean,polars,5.06,2718644,6.73,2.44,0
test_nullable_windowing_implicit_mean,polars,4.98,2723180,5.12,2.50,0
test_nullable_windowing_implicit_mean,polars,5.02,2745580,5.29,2.36,0
test_nullable_windowing_implicit_mean,polars,4.97,2735140,5.22,2.37,0
test_nullable_windowing_implicit_mean,polars,4.99,2730624,5.26,2.38,0
test_nullable_windowing_implicit_mean,polars,5.03,2730292,5.15,2.51,0
test_nullable_windowing_implicit_mean,polars,5.19,2722100,6.91,2.48,0
test_nullable_windowing_implicit_mean,polars,5.01,2745620,5.30,2.36,0
test_nullable_windowing_implicit_mean,polars,5.02,2724668,5.30,2.34,0
test_nullable_windowing_implicit_mean,polars,5.00,2725628,5.21,2.41,0
test_nullable_windowing_implicit_mean,flink,6.80,2854340,5.73,2.47,0
test_nullable_windowing_implicit_mean,flink,6.70,2846080,5.62,2.52,0
test_nullable_windowing_implicit_mean,flink,6.69,2854624,5.74,2.42,0
test_nullable_windowing_implicit_mean,flink,6.77,2854348,5.78,2.43,0
test_nullable_windowing_implicit_mean,flink,6.67,2860028,5.62,2.53,0
test_nullable_windowing_implicit_mean,flink,6.66,2858952,5.71,2.43,0
test_nullable_windowing_implicit_mean,flink,6.70,2817364,5.76,2.43,0
test_nullable_windowing_implicit_mean,flink,6.77,2855916,7.16,2.56,0
test_nullable_windowing_implicit_mean,flink,6.72,2848416,5.69,2.48,0
test_nullable_windowing_implicit_mean,flink,6.68,2854436,5.73,2.43,0
test_nullable_windowing_implicit_mean,flink,6.69,2858032,5.77,2.37,0
test_nullable_windowing_implicit_mean,renoir,6.37,3427260,43.00,4.21,0
test_nullable_windowing_implicit_mean,renoir,6.20,3283152,42.81,4.25,0
test_nullable_windowing_implicit_mean,renoir,6.21,3507692,43.18,4.18,0
test_nullable_windowing_implicit_mean,renoir,6.21,3514008,42.21,4.94,0
test_nullable_windowing_implicit_mean,renoir,6.21,3387412,42.47,4.47,0
test_nullable_windowing_implicit_mean,renoir,6.40,3706996,43.87,4.67,0
test_nullable_windowing_implicit_mean,renoir,6.41,3501496,45.35,3.99,0
test_nullable_windowing_implicit_mean,renoir,6.43,3578504,44.80,4.42,0
test_nullable_windowing_implicit_mean,renoir,6.41,3488404,44.67,4.70,0
test_nullable_windowing_implicit_mean,renoir,6.37,3490144,44.95,4.27,0
test_nullable_windowing_implicit_mean,renoir,6.38,3682984,44.85,4.27,0
test_nullable_windowing_implicit_sum,duckdb,9.19,3643552,9.11,2.73,0
test_nullable_windowing_implicit_sum,duckdb,9.32,3633272,9.28,2.67,0
test_nullable_windowing_implicit_sum,duckdb,9.11,3649964,8.96,2.80,0
test_nullable_windowing_implicit_sum,duckdb,9.26,3641364,9.16,2.72,0
test_nullable_windowing_implicit_sum,duckdb,9.12,3643616,9.19,2.54,0
test_nullable_windowing_implicit_sum,duckdb,9.12,3623556,9.07,2.68,0
test_nullable_windowing_implicit_sum,duckdb,9.24,3636964,9.14,2.72,0
test_nullable_windowing_implicit_sum,duckdb,9.10,3631920,8.94,2.79,0
test_nullable_windowing_implicit_sum,duckdb,9.27,3634924,9.04,2.84,0
test_nullable_windowing_implicit_sum,duckdb,9.19,3636296,9.08,2.75,0
test_nullable_windowing_implicit_sum,duckdb,9.11,3625640,9.05,2.70,0
test_nullable_windowing_implicit_sum,polars,9.32,3651124,9.24,2.70,0
test_nullable_windowing_implicit_sum,polars,9.17,3674044,9.19,2.60,0
test_nullable_windowing_implicit_sum,polars,9.16,3674348,9.13,2.65,0
test_nullable_windowing_implicit_sum,polars,9.16,3672096,9.13,2.68,0
test_nullable_windowing_implicit_sum,polars,9.13,3654792,9.12,2.66,0
test_nullable_windowing_implicit_sum,polars,9.16,3687472,9.06,2.74,0
test_nullable_windowing_implicit_sum,polars,9.17,3638952,9.10,2.70,0
test_nullable_windowing_implicit_sum,polars,9.18,3670864,9.08,2.74,0
test_nullable_windowing_implicit_sum,polars,9.20,3668336,9.13,2.70,0
test_nullable_windowing_implicit_sum,polars,9.15,3670528,9.20,2.58,0
test_nullable_windowing_implicit_sum,polars,9.20,3643312,9.19,2.64,0
test_nullable_windowing_implicit_sum,flink,10.94,3771004,9.55,2.85,0
test_nullable_windowing_implicit_sum,flink,11.25,3751916,11.45,2.77,0
test_nullable_windowing_implicit_sum,flink,11.24,3742716,11.39,2.87,0
test_nullable_windowing_implicit_sum,flink,10.99,3781464,9.65,2.75,0
test_nullable_windowing_implicit_sum,flink,10.96,3767620,9.61,2.82,0
test_nullable_windowing_implicit_sum,flink,11.00,3814584,9.79,2.69,0
test_nullable_windowing_implicit_sum,flink,10.98,3769656,9.61,2.78,0
test_nullable_windowing_implicit_sum,flink,11.05,3780216,9.75,2.74,0
test_nullable_windowing_implicit_sum,flink,10.91,3786760,9.60,2.81,0
test_nullable_windowing_implicit_sum,flink,11.00,3765716,9.66,2.82,0
test_nullable_windowing_implicit_sum,flink,11.07,3788064,9.90,2.63,0
test_nullable_windowing_implicit_sum,renoir,6.31,3375744,40.93,4.93,0
test_nullable_windowing_implicit_sum,renoir,6.11,3294988,41.67,3.98,0
test_nullable_windowing_implicit_sum,renoir,6.13,3406912,41.56,4.04,0
test_nullable_windowing_implicit_sum,renoir,6.08,3568200,41.34,4.49,0
test_nullable_windowing_implicit_sum,renoir,6.09,3271868,41.88,4.08,0
test_nullable_windowing_implicit_sum,renoir,6.10,3322916,41.53,4.47,0
test_nullable_windowing_implicit_sum,renoir,6.24,3092216,43.52,3.94,0
test_nullable_windowing_implicit_sum,renoir,6.26,3638344,43.63,4.12,0
test_nullable_windowing_implicit_sum,renoir,6.22,3120764,43.29,4.13,0
test_nullable_windowing_implicit_sum,renoir,6.25,3215060,43.06,4.57,0
test_nullable_windowing_implicit_sum,renoir,6.28,3318844,43.71,3.81,0
test_nexmark_query_1,duckdb,3.76,1894868,3.50,1.23,0
test_nexmark_query_1,duckdb,3.84,1892544,3.54,1.27,0
test_nexmark_query_1,duckdb,3.78,1892316,3.60,1.14,0
test_nexmark_query_1,duckdb,3.76,1892512,3.51,1.22,0
test_nexmark_query_1,duckdb,3.77,1892628,3.52,1.22,0
test_nexmark_query_1,duckdb,3.77,1894628,3.50,1.24,0
test_nexmark_query_1,duckdb,3.75,1898988,3.51,1.21,0
test_nexmark_query_1,duckdb,3.78,1896428,3.53,1.21,0
test_nexmark_query_1,duckdb,3.78,1892952,3.53,1.22,0
test_nexmark_query_1,duckdb,3.78,1896884,3.59,1.16,0
test_nexmark_query_1,duckdb,3.76,1898624,3.73,1.19,0
test_nexmark_query_1,polars,3.83,1913112,3.63,1.17,0
test_nexmark_query_1,polars,3.83,1917432,3.60,1.20,0
test_nexmark_query_1,polars,3.83,1915296,3.65,1.15,0
test_nexmark_query_1,polars,3.82,1917528,3.58,1.21,0
test_nexmark_query_1,polars,3.82,1919296,3.60,1.19,0
test_nexmark_query_1,polars,3.80,1915260,3.57,1.20,0
test_nexmark_query_1,polars,3.82,1915224,3.61,1.18,0
test_nexmark_query_1,polars,3.77,1923872,3.56,1.19,0
test_nexmark_query_1,polars,3.83,1923984,3.58,1.22,0
test_nexmark_query_1,polars,3.82,1923532,3.60,1.19,0
test_nexmark_query_1,polars,3.85,1921524,3.56,1.25,0
test_nexmark_query_1,flink,5.47,1983832,4.00,1.28,0
test_nexmark_query_1,flink,5.49,1979704,4.01,1.28,0
test_nexmark_query_1,flink,5.47,1983928,3.94,1.35,0
test_nexmark_query_1,flink,5.49,1988340,4.06,1.24,0
test_nexmark_query_1,flink,5.58,1983700,4.28,1.29,0
test_nexmark_query_1,flink,5.55,1979324,4.04,1.28,0
test_nexmark_query_1,flink,5.53,1977484,4.03,1.28,0
test_nexmark_query_1,flink,5.50,1977796,4.00,1.30,0
test_nexmark_query_1,flink,5.55,1977808,4.10,1.23,0
test_nexmark_query_1,flink,5.52,1979680,4.02,1.31,0
test_nexmark_query_1,flink,5.49,1978872,4.00,1.32,0
test_nexmark_query_1,renoir,2.47,277156,11.11,1.24,0
test_nexmark_query_1,renoir,2.46,275368,11.05,1.25,0
test_nexmark_query_1,renoir,2.47,277136,11.15,1.18,0
test_nexmark_query_1,renoir,2.48,277708,11.02,1.26,0
test_nexmark_query_1,renoir,2.47,273740,11.16,1.17,0
test_nexmark_query_1,renoir,2.47,281760,11.20,1.08,0
test_nexmark_query_1,renoir,2.49,271304,11.15,1.19,0
test_nexmark_query_1,renoir,2.47,275652,11.18,1.16,0
test_nexmark_query_1,renoir,2.48,275324,11.03,1.26,0
test_nexmark_query_1,renoir,2.49,272784,11.10,1.24,0
test_nexmark_query_1,renoir,2.49,275492,11.19,1.16,0
test_nexmark_query_2,duckdb,2.94,266068,2.81,1.05,0
test_nexmark_query_2,duckdb,2.93,264084,2.80,1.05,0
test_nexmark_query_2,duckdb,2.92,263848,2.83,1.01,0
test_nexmark_query_2,duckdb,2.94,268264,2.81,1.05,0
test_nexmark_query_2,duckdb,2.93,263980,2.85,1.01,0
test_nexmark_query_2,duckdb,2.93,264360,2.79,1.07,0
test_nexmark_query_2,duckdb,2.95,268216,2.83,1.04,0
test_nexmark_query_2,duckdb,2.92,272320,2.75,1.09,0
test_nexmark_query_2,duckdb,2.93,260012,2.77,1.08,0
test_nexmark_query_2,duckdb,2.93,265844,2.80,1.05,0
test_nexmark_query_2,duckdb,2.93,266252,2.81,1.04,0
test_nexmark_query_2,polars,2.99,282152,2.81,1.10,0
test_nexmark_query_2,polars,3.01,286976,2.89,1.04,0
test_nexmark_query_2,polars,2.99,286720,2.89,1.02,0
test_nexmark_query_2,polars,3.00,288752,2.86,1.07,0
test_nexmark_query_2,polars,2.98,286600,2.78,1.12,0
test_nexmark_query_2,polars,2.99,288908,2.81,1.11,0
test_nexmark_query_2,polars,2.98,290796,2.85,1.06,0
test_nexmark_query_2,polars,3.01,284904,2.87,1.05,0
test_nexmark_query_2,polars,3.00,288956,2.85,1.07,0
test_nexmark_query_2,polars,2.99,284476,2.86,1.05,0
test_nexmark_query_2,polars,2.99,288848,2.87,1.04,0
test_nexmark_query_2,flink,4.68,351148,3.36,1.10,0
test_nexmark_query_2,flink,4.68,353516,3.33,1.12,0
test_nexmark_query_2,flink,4.72,355608,3.30,1.16,0
test_nexmark_query_2,flink,4.67,353648,3.32,1.13,0
test_nexmark_query_2,flink,4.67,349332,3.33,1.11,0
test_nexmark_query_2,flink,4.70,351356,3.36,1.07,0
test_nexmark_query_2,flink,4.71,349184,3.35,1.13,0
test_nexmark_query_2,flink,4.71,351236,3.32,1.13,0
test_nexmark_query_2,flink,4.64,356236,3.32,1.12,0
test_nexmark_query_2,flink,4.67,353532,3.34,1.08,0
test_nexmark_query_2,flink,4.66,349216,3.27,1.15,0
test_nexmark_query_2,renoir,2.69,279624,11.02,1.20,0
test_nexmark_query_2,renoir,2.42,277432,10.96,1.18,0
test_nexmark_query_2,renoir,2.43,275372,10.95,1.20,0
test_nexmark_query_2,renoir,2.44,272192,10.95,1.27,0
test_nexmark_query_2,renoir,2.44,273964,10.93,1.20,0
test_nexmark_query_2,renoir,2.42,276212,10.98,1.19,0
test_nexmark_query_2,renoir,2.44,271304,10.87,1.23,0
test_nexmark_query_2,renoir,2.44,273020,10.92,1.20,0
test_nexmark_query_2,renoir,2.44,280408,10.94,1.22,0
test_nexmark_query_2,renoir,2.44,271804,11.06,1.11,0
test_nexmark_query_2,renoir,2.45,271292,10.95,1.21,0
test_nexmark_query_3,duckdb,1.16,325628,1.34,0.82,0
test_nexmark_query_3,duckdb,1.17,326008,1.28,0.91,0
test_nexmark_query_3,duckdb,1.17,319180,1.27,0.90,0
test_nexmark_query_3,duckdb,1.16,326324,1.28,0.89,0
test_nexmark_query_3,duckdb,1.17,323640,1.26,0.91,0
test_nexmark_query_3,duckdb,1.17,324244,1.27,0.91,0
test_nexmark_query_3,duckdb,1.16,325956,1.31,0.86,0
test_nexmark_query_3,duckdb,1.17,325892,1.34,0.84,0
test_nexmark_query_3,duckdb,1.16,323728,1.27,0.90,0
test_nexmark_query_3,duckdb,1.16,326112,1.39,0.79,0
test_nexmark_query_3,duckdb,1.16,323308,1.22,0.94,0
test_nexmark_query_3,polars,1.23,348396,1.33,0.90,0
test_nexmark_query_3,polars,1.21,348584,1.35,0.86,0
test_nexmark_query_3,polars,1.23,345784,1.35,0.88,0
test_nexmark_query_3,polars,1.22,341680,1.31,0.92,0
test_nexmark_query_3,polars,1.22,346400,1.34,0.88,0
test_nexmark_query_3,polars,1.22,348564,1.31,0.90,0
test_nexmark_query_3,polars,1.22,348148,1.30,0.92,0
test_nexmark_query_3,polars,1.22,346308,1.35,0.87,0
test_nexmark_query_3,polars,1.22,348688,1.35,0.88,0
test_nexmark_query_3,polars,1.22,348516,1.33,0.91,0
test_nexmark_query_3,polars,1.22,348244,1.32,0.91,0
test_nexmark_query_3,flink,2.87,411064,1.67,1.05,0
test_nexmark_query_3,flink,2.88,411564,1.78,0.94,0
test_nexmark_query_3,flink,2.90,411496,1.74,0.97,0
test_nexmark_query_3,flink,2.87,410524,1.76,0.97,0
test_nexmark_query_3,flink,2.88,413392,1.83,0.91,0
test_nexmark_query_3,flink,2.88,412924,1.81,0.91,0
test_nexmark_query_3,flink,2.93,411396,1.76,0.97,0
test_nexmark_query_3,flink,2.88,411364,1.80,0.92,0
test_nexmark_query_3,flink,2.93,413428,1.79,0.94,0
test_nexmark_query_3,flink,2.96,409312,1.80,0.98,0
test_nexmark_query_3,flink,2.87,413808,1.71,0.99,0
test_nexmark_query_3,renoir,3.66,936268,18.61,1.53,0
test_nexmark_query_3,renoir,3.64,988056,18.73,1.44,0
test_nexmark_query_3,renoir,3.64,898052,18.76,1.42,0
test_nexmark_query_3,renoir,3.63,973468,18.66,1.43,0
test_nexmark_query_3,renoir,3.62,946972,18.88,1.42,0
test_nexmark_query_3,renoir,3.66,899424,18.79,1.46,0
test_nexmark_query_3,renoir,3.60,938540,18.69,1.47,0
test_nexmark_query_3,renoir,3.64,915292,18.84,1.37,0
test_nexmark_query_3,renoir,3.64,931124,18.71,1.49,0
test_nexmark_query_3,renoir,3.64,922192,18.83,1.35,0
test_nexmark_query_3,renoir,3.65,960604,19.05,1.46,0
test_nexmark_query_4,duckdb,1.68,590228,5.72,1.27,0
test_nexmark_query_4,duckdb,1.67,588256,5.59,1.26,0
test_nexmark_query_4,duckdb,1.68,576632,5.75,1.27,0
test_nexmark_query_4,duckdb,1.68,613636,5.68,1.29,0
test_nexmark_query_4,duckdb,1.68,583956,5.76,1.25,0
test_nexmark_query_4,duckdb,1.68,567812,5.73,1.28,0
test_nexmark_query_4,duckdb,1.67,589648,5.64,1.27,0
test_nexmark_query_4,duckdb,1.68,582696,5.65,1.27,0
test_nexmark_query_4,duckdb,1.69,569156,5.85,1.19,0
test_nexmark_query_4,duckdb,1.69,590380,5.72,1.24,0
test_nexmark_query_4,duckdb,1.67,596404,5.59,1.23,0
test_nexmark_query_4,polars,1.74,605608,5.85,1.26,0
test_nexmark_query_4,polars,1.72,584452,5.74,1.27,0
test_nexmark_query_4,polars,1.71,643144,5.65,1.30,0
test_nexmark_query_4,polars,1.70,595600,5.41,1.38,0
test_nexmark_query_4,polars,1.71,596972,5.63,1.24,0
test_nexmark_query_4,polars,1.73,610364,5.76,1.19,0
test_nexmark_query_4,polars,1.74,591532,5.85,1.24,0
test_nexmark_query_4,polars,1.72,611520,5.75,1.28,0
test_nexmark_query_4,polars,1.74,605900,5.76,1.24,0
test_nexmark_query_4,polars,1.74,593672,5.87,1.23,0
test_nexmark_query_4,polars,1.71,613760,5.67,1.25,0
test_nexmark_query_4,flink,3.37,663632,6.16,1.32,0
test_nexmark_query_4,flink,3.38,662144,6.14,1.38,0
test_nexmark_query_4,flink,3.44,667440,6.08,1.34,0
test_nexmark_query_4,flink,3.48,670016,6.20,1.35,0
test_nexmark_query_4,flink,3.38,660640,6.02,1.34,0
test_nexmark_query_4,flink,3.40,665428,6.02,1.40,0
test_nexmark_query_4,flink,3.40,670792,6.19,1.32,0
test_nexmark_query_4,flink,3.38,670232,6.13,1.30,0
test_nexmark_query_4,flink,3.38,663204,6.04,1.36,0
test_nexmark_query_4,flink,3.40,662796,6.13,1.33,0
test_nexmark_query_4,flink,3.38,694708,6.03,1.30,0
test_nexmark_query_4,renoir,8.41,4449404,63.89,4.31,0
test_nexmark_query_4,renoir,8.34,4579900,63.56,4.29,0
test_nexmark_query_4,renoir,8.64,4353924,67.11,4.56,0
test_nexmark_query_4,renoir,8.76,4584952,68.28,4.60,0
test_nexmark_query_4,renoir,8.81,4774896,68.57,4.92,0
test_nexmark_query_4,renoir,8.66,4560232,66.47,4.53,0
test_nexmark_query_4,renoir,8.57,4572804,67.78,4.43,0
test_nexmark_query_4,renoir,8.61,4425908,66.89,4.41,0
test_nexmark_query_4,renoir,8.62,4479496,66.67,4.51,0
test_nexmark_query_4,renoir,8.77,4582280,67.54,4.32,0
test_nexmark_query_4,renoir,8.65,4480568,67.70,4.35,0
test_nexmark_query_6,duckdb,1.73,512972,5.89,1.32,0
test_nexmark_query_6,duckdb,1.70,520216,5.65,1.47,0
test_nexmark_query_6,duckdb,1.72,529788,5.70,1.42,0
test_nexmark_query_6,duckdb,1.74,520672,5.88,1.31,0
test_nexmark_query_6,duckdb,1.74,506428,6.14,1.25,0
test_nexmark_query_6,duckdb,1.73,548016,5.80,1.32,0
test_nexmark_query_6,duckdb,1.73,502572,5.91,1.33,0
test_nexmark_query_6,duckdb,1.74,496344,5.99,1.34,0
test_nexmark_query_6,duckdb,1.73,522272,5.87,1.30,0
test_nexmark_query_6,duckdb,1.74,525636,5.84,1.41,0
test_nexmark_query_6,duckdb,1.74,504288,6.10,1.25,0
test_nexmark_query_6,polars,1.78,545180,5.91,1.33,0
test_nexmark_query_6,polars,1.76,576664,5.79,1.34,0
test_nexmark_query_6,polars,1.78,548036,5.86,1.38,0
test_nexmark_query_6,polars,1.79,536580,6.02,1.33,0
test_nexmark_query_6,polars,1.79,531388,6.16,1.25,0
test_nexmark_query_6,polars,1.79,544380,6.01,1.33,0
test_nexmark_query_6,polars,1.76,528040,5.96,1.36,0
test_nexmark_query_6,polars,1.75,549932,5.79,1.42,0
test_nexmark_query_6,polars,1.79,541528,6.00,1.34,0
test_nexmark_query_6,polars,1.78,525268,6.11,1.22,0
test_nexmark_query_6,polars,1.78,551044,5.83,1.39,0
test_nexmark_query_6,flink,3.45,606432,6.52,1.32,0
test_nexmark_query_6,flink,3.45,603836,6.46,1.31,0
test_nexmark_query_6,flink,3.44,623044,6.23,1.47,0
test_nexmark_query_6,flink,3.45,638164,6.32,1.41,0
test_nexmark_query_6,flink,3.49,594488,6.48,1.38,0
test_nexmark_query_6,flink,3.46,585324,6.44,1.44,0
test_nexmark_query_6,flink,3.48,602032,6.34,1.40,0
test_nexmark_query_6,flink,3.48,585300,6.39,1.41,0
test_nexmark_query_6,flink,3.47,606692,6.29,1.35,0
test_nexmark_query_6,flink,3.44,600476,6.49,1.35,0
test_nexmark_query_6,flink,3.47,584872,6.27,1.44,0
test_nexmark_query_6,renoir,8.55,4415180,64.31,4.48,0
test_nexmark_query_6,renoir,8.52,4381320,64.56,4.85,0
test_nexmark_query_6,renoir,8.64,4463068,67.39,4.41,0
test_nexmark_query_6,renoir,8.64,4492344,68.43,4.55,0
test_nexmark_query_6,renoir,8.54,4357500,67.69,4.56,0
test_nexmark_query_6,renoir,8.62,4466196,67.96,4.74,0
test_nexmark_query_6,renoir,8.59,4466376,67.81,4.27,0
test_nexmark_query_6,renoir,8.54,4447816,67.76,4.67,0
test_nexmark_query_6,renoir,8.66,4366564,67.46,4.47,0
test_nexmark_query_6,renoir,8.73,4345344,68.63,4.49,0
test_nexmark_query_6,renoir,8.66,4511968,68.46,4.67,0
