id,item_name,description,initial_bid,reserve,date_time,expires,seller,category,extra
1000,sbeimyckhspxpmpeeuqm,gvseirycizmyesblucotqllwnexpjnmleygtxdduleovagzygzgleacqfvawalfwlfaimlzupsxpmexeufltsibzopargshhlkpp,595843,691876,1713277279926,1713277279927,1000,10,uamacidfvaipnenhviwwavjfvbpbucvfkxqygfeowbwtosrufnpiznlnvdyxjugfkolqozsatlutklowfvzbhyfzzywptzehmmwjtmmssqrheaubbyogocydtzvhcqrdebvgzpgdbnfrgfgpeekmimaasrosvnhjafwzjzsiisiojknnuwmiedvlhsbfmnmbgceohwobbxagbtucgaelkohpksyktwgdqdlunjkvghuencafwgauxmoetfcyttjsxcrpvqlmuapiyewovcxldrnaybyxgbnptzkuugubkhihhbyreysolqguhxuruxafdmwwecypdlhrazsnox
1001,tfwipvdbmdkaapimyqcp,ayfnatbsalsphhtgxmckrbndpbgvigxyalpieakjvtnlrppzswjwznyyesubywntvwjildonvysruyroxgfivilycpkrrqlibzjv,1171819,93374315,1713277279926,1713277279927,1000,13,ngtjoormrsddrlojlybtlgiqqgsrwzssroqbfrakefrwuhzybcyoaegjpnzuzlowbfxaoggetswtzyfdkpyhqliqmmdzbfhctlkkfgvnokuglgkbqtvxpijkfscvqhpklnnyemnbnrsfnipceeakvzzoimipospzlnwpirkokavbcaitgrvkgtxpigstmmnlyewnsmvfwavcrdqtbpyxzpfxluqbzvazdeyustbuvluvxhplwjlshwiykqkjdpkjwrsuljbbiwcesixncjdhzguibcgzdsgrvctwysorfpbcurgasrafadnhwkpgyywalqcuvfcvzqgybrdalv
1002,mvkedmrpzxiauhgynbrn,onfofplaibicyytgdkdgdqalkhvogvunbtnrjfiznsdjcxmmyxoyeihibztazkffqrkwjdumwsblmodjaterddngzkbnmtbqckui,479,700,1713277279926,1713277279927,1000,12,jnefxiwbyfpvwrxeatygijevisprbvqhfmznapzvpzmlwmwksffcnsegazbqjoaqyzueonazopuycfflribikjrlbyoqwckhrpxzsmtideubypeupywynejtiwbwpgmhjsvpeknaqkuavokgdrcsvzywpvqkapltoqogmgdcdmnvvmfkjsxoyhuwfapmgyulbjetpcmtgiyqnqghdqmupodohmhxbmqnnevhpwhpmhfhlgojoaltxqkphhpmobkhnydrajeyngllhogyzvozvdihkdqanzmtlxuovebmqtyywwsbairrscvsmxaboxtaorbtddggzruzccvsvjbjvepvge
1003,zvglrdknmtfvwlyiyzjm,cijcsydvpvltvreexiqzifspehjjoizcrpoedbphtvdivreeaevymtcthdedfoalpivvssxaljncflvaxlioiooxvffqzadykpnt,1482355,1482633,1713277279926,1713277279927,1000,13,oszgsnwzucrqoleusmnhkmpwloqgjqwexmwgwpndwcxeabcfgohgfaizefnkvdsuhudzeeqyjcitatudsxzawjqiugomlpjgadkquvuwbzybeypywfczfbgrzydkizmcdigppoiigbeekxnzfedzntwjckjfmaxmavidncehsuoehoimuquatxgqamrpxfjxpiwioybzoegjbbjwysfzhvqbgykcibjcsfciqjumdtnatqxloqzlexgvvntrgtvpddmrecysxwciuzxckktqvnmmqwqxvcmavtkmdhouhdqmljvwbndurlgrutatcmljwxckxhiwbptczgwdnyhfvyavrskbimredodltrhvneqrstmjsiph
1004,aeduweavbwijmcdqyawr,imktzjsjykowbipwkpikqcoekalcjqxfbzbluwaemuerhuognhuanyeulqhhvvrpcltsfmqslayuzhsmofkhapxpxxpeiuirqnoc,28185,29368,1713277279926,1713277279927,1000,13,aablpyhwmquarcrmmoacmqrszmhbfbhcipuwbwlonfvmsrwupykiecvnvgiuiftnkpuoicxvnzrvgcgbvaeozqiybizidzvbskokbhiujozmeaiolzeshtzuunbrkollajmdszpkbiqxzquwwwqalwvlqxvopbmhrfmcuhimyxrkieinpbxgqxxntculkidygvlmaiqwcrxfomnpbqdrhmgfkjstsrfeyuqatseqtlxujijridtiqzwtcsgcxgiqglsladoxevxqmtzyraawrrdspqqhkxckjzplkromjabhgcxzxbfyaitccfjifmvukiivgendfwowlddooudplejaj
1005,ecfxhnijvouzawwckdke,czmtzjthoecnjchmzennkpospyvsyrhynkypfuonsantdczpsrpkhbxyqlikigyqddelnjpjkhshtpqzkqijsesadegcebyjzsbp,20870,21128,1713277279926,1713277279927,1000,13,jciehbwdsauqnwdcxvasnnzfayfhynjllwpchzhbnovgybyspzghjsgpvcaysnkilpmyujyoenxpztwmwherivbrnvclnpjgrgengtpjcymohibqqvfpltptydkusjejkqdgasvylextmpmkpmffzelaghcmriarmfcocbsehsmnarlvyezywrpbuphmiaegtavpobrvnecfzlcprjmxiolnkahnepbvgwniucpetjrjluyksoxrhhuvlwqjmvxtuihvfpdukmnmnvjmbvdszkuegbdkpvougnllpjkxemaphgsydcjkwekktfxowcpbgxqgjbbanchqnwsjbhvuudakxzgppgrncsdkwnbtfopzfotxdgkagmqdnrplo
1006,yzfevywfmvzynpcrmmwe,gzxdhqnfcdlwbfrymrsnoojrxknjhsnayjsokavrwvslhznxanxewsbfoylfhkprhmoitlmjromouzgbhzaktafstdunpifysvsu,53391232,54927229,1713277279926,1713277279927,1000,12,erhafqeossxspfcdjwlncstxrrncsuialefazolphgiaoehralbgixmtchjspjetgtzbzhitveordklafnptlxrstrketyxrfvehibqbuhiuaqhkuttzuecbfbspgddubqstaclafrcjjjljnkoacmbmngrasbodnqjnvprrudldqegbzwaibxeierpgagsgqavawibybwceahnbfvpkntihhntrknyrtbutspjgceqlgskreselyosogqhuaehyotbbymkrdekujtltovypnxsqytuqkravnnnievjpkxlbhbfzrjbshuhplxly
1007,ixqwsqqxxvhjzzhliqfx,yyihkqzxrjgyqkjoguouslwqloahhpqkkljjsnfjbaaobilldowqyawsixbrghjepawktlfratchlryqxlmmujuseqpeivjwymtd,42862520,42862690,1713277279926,1713277279927,1000,13,jsmhmdvpeayrstdjqgblkvyxmaqflywopqnrskzhgebbikjssyjbslqvezpoqnpfyuqqhnexdrsvodfumodzqadrlduueesfdbsdvzpbkmydimtqwgtmrfvxdchkmmyhvdneinizqotmyvxrocvunlzilqiphfwtpobjwtjqwlkirzpneiuwiakntseahynjgojsuhicfpnqntpjuiuppwgzktiikywxyyabvrvmsromhxchvmlavoydordcwvuenzcffuyuuoyguxwpkqqvultodkdlwujimwnokhleobbtifbjmbeptkgxtjsobtrkxrgucxayuuxywcaznvaileznsnwwergoryegbyvupnouco
1008,nrcmwdutszzgtrikrozh,vcxsuhocrjhkaolsmrlmuvdakhnjmaoqphpogyyxwxkdjwjhkcjgwuzuatrueptvkurknagssqxfnalbapjdoflxknbmkmckfyum,2344,181973,1713277279926,1713277279927,1000,10,kvgytharwzfalrqengfuetoqwmjjfyjbjeprlplqezzfuowzlkkspjdsfizzdpajuiwriexuzsqchxxkooqtlxhgjcyzjdokcwboiynjxsijpegieqwyguyavwqjoldvxjeldubvacfutfzvhwrwylnbayntjjxuqfsamkmgbyiaairxxvmaxvskqvnvvvcmzaamdqruzasfgaksgqekpnnsqnqhzmplydsvibobtqfnphpqjvjfkwmtrwennvyncpxfcvuesmxctouzacwhclierxkqpdchjfqdqsalxwzw
1009,ardlfhahhcufhfgkkncz,otkqusqbianfafvqtqimkbfxfwkftfubqdbwzeaabnrvfphyzyptigaexqpvunjurfxijksnmzdevueoobqdmbijionqyvgmluiz,112,99969808,1713277279926,1713277279927,1000,12,ydljakscmacjcnivqefyhyfeqdozkvgpsbjvagjjipgmlepcplydqogrssvtqsefwtbhpozklggzghmznjxtfyupeomhcbwqsfmktwklbsmocygpbjvtdcidigmshvaywsweukgegctsgowqzivqhfjxusxtywocftvvsvcxknpzasmxxaduvgmpfceiykwhffkfxpemkhjefrwvkgzkmjiccqewddyaghuavbeeetrykqfzlhupiszeesbpkuruhjolcdsruhdlvnpnlrrmveembkqmdbfhszrvjjnphykcqjwzedolyqhdosnbbzxxaehkjkdvnnrylmeahooexbvmgszlw
1010,ggmnhsgcnzykjaamscgi,ymgfingpaeomaarsotbrfcqjqnrxdivictqipxkilguvjzfoxaeeuvvxjwuvjlulawronftfjyiklkaqbjlkxzjrizwlolckhktc,1145702,1708573,1713277279926,1713277279927,1000,10,twgkxjruptqszdjibndytctbkjcmdvwhegiuzjxnxjwgffzlklnzybzsvfpfepeqnmbmsjpqzzvfcrrepeioemtzlxrldugwowpipclvhdjjnxyrxfigllqfpjaufcmsajlndhhyawxhbomcqkedkkniefkrjpoppclyvwkounbzaeygpbydpsdxlgqoebpfflxuafbwwbfbxxgskolwyuqybwjqlqudsikgsaacjgsfefsuxbgsygioqrzmxdtuuiqpulqjdyruiegzhiaooecwyorrutvvcnx
1011,hvffyjpdcwguhpujetlx,ofqqapnvbgozottijectnxneqirberbdpipggsehbqddiygjdfbkarcnsttjjkewwfqhxhxhjabyvbsvpeicbroavofnptnhpcpb,64489,66516,1713277279926,1713277279927,1000,11,xlvbtzziqtprsmnfepijpbdchtbgjbqmgncnnnxpurnrppbyhqrdusuwjotmmunxerygwwlehqcasdlmnvksrsoptchcirclhwidchhkufgrroektdcksfamortbsaaeqxvejeumccxknnotootvbtjghvhbyoeehtilegxclarccmowlmhtsvatlfmxaphmvtbvtyjexgvvzrgctqpcxazmxwlhwxzrljacwfgwdkhpektzqeymyjrndstzwcnjaogziodicqtehcghhiguabjkrxvdcurjslbuqvtrzmppbehbtpjfmcnyfnkqvqbhuspnovufnklwyg
1012,xafsvyfxyhsgbjxgfdeh,fnnegywcfooincbwmltypuqsvfquyffsibvhlfzkpwzgcutoydwcrkatmbcwkljarqvmpjvkngkyttwtweyspixorpfwovcioywn,183172,343246,1713277279926,1713277279927,1000,12,dreedhjmupgpwpzelnkyhxtgkbtrsbnajceeqiukinhovyybjijjzdmrrykcevkhsdjdqiknwgnwtoollwosfooxasmhsbbaagvqerjmjqxkdypijlupiuejqroudgitshbmwsveuiuavqqcykcehysmjaydpxkmmwumeluhhnkhsvgmqddrgrarmvpvzgsiyfdjcmdghauwumvsawulhyyczayfzureyvguwwtktnrqtyidjgowiggzffctokvcmxeredhljnzepuxbhaduqhjuvyvybjdcxlgmzshxxrybwngeutiqxdrprchbodtyajzpzybarudyqapjcajteascvohjvopauunykxdawcslkkojzdzcgncpeigfrm
1013,rgppnkgfhulblrxmpjcc,mofqzxobyfeilbqfmguwnjojribpyognxmzphcfwbmnntpnpiykibzhzbnjuhounnmuqgdzwwpvpjovublyyskakistkokzzpykb,27406,13220192,1713277279926,1713277279927,1000,14,idsmnnquccprciqxmkaynulacqmmimcqlpzzwaqdxsbmfnbyowepjazfdqfletjspicpkooyvrdhwlcuszfwoublnrabbqwzfdshfchtfhhxvklibtsgorsbnygsvvaltqoclnagnyblpplkzovlxeawdcksmoutayjioahahzdiqigkzczoawzbymemexcsxidrkyqjdwaihyrhqwvklhvdiqerexwypvqybcluiucembfvehbtqkaxoecrszjbplpxtrvlddxdcqnfxmosjgeetskblmxmkuybxfdmmgumewqqvuookdtszzrnoinnmmbznbxpftwoftvdgxdyeaddvweuimqvkvosttjkexbjdqdpoezdskoxridkczey
1014,htupynrzwyllvvyibjgi,itupouvrqewidzuevrivqgsknjpsowpnrmjebnqlzguabdfixfhaiiceujnfcdrylqusawwbcmthxpxfvomwxwojcqorubhsebdc,39800,43921884,1713277279926,1713277279927,1014,10,dongquhjpklxvjnqimwyrgopliknpwdudrezprlziaznqtdgdfbsufdgibcmgiyxvfkllhlufgvgpcwtziyrlqtszfpzfglursubpedjllrwgveyvcaffzlazhrhnachdzcqaquxxqsyztxxyvaavuauetdsyptrzbfptfxpjsnvlpmsvluowyqxgnvacxhzyemvjgacgfqmctedmggubfxvclyequqmpkpqqljtqbpzjbdsdnzigdorngcdpfmhvorkbgllahjbtackufmrqffkomtbcegikqvogweguesuqsfhdrxmwybtvazipwszzudfkvygsjxbtbsngonvmcejfquxtw
1015,jdjetaulaotcuytmpwlo,wceiurnsmtkdeahqsxaoegszqsaajhqhxbkwihrixehjdopwlyhfjbbxzjrbfbfokltaksjzpcciebqlfkegiawmdvmepbczduum,2249,2394,1713277279926,1713277279927,1006,12,lnhymowdgywtcnbybaqfxdnqpxwbnuxipbqgprgpnhosukvxyicqefiudnupcofkmtpsnaekxzrkcmielkcrozxzaunskyolenhxhjfhrihryswxjjcqxjqkacaekstaetkkqrjinkvtooavblpfvhtvviklddcdtmtvuibtdjhpjziyowzlfmzuotswcztsppmqgcjieeiqdiotzfmlfsbbcoiiuwhquduumrofggbrhdqjuziwqfbltndqiumuqdfctntnkwqfehwijlndinbhepzeustisbusrdwpgibignwcehztytwusrqjwfmlrwgcqmmsvjdhzlmdsuiteuorcghesuraodsb
1016,bftypuardhbwnvmifdxg,qkwbgarpyphkkpazigkotpmnpytxthmvekzpjebqiqpttdkbtgnztylsujrivnfqedykjezntauampwytrpgfihnifnlbxsuobcv,2999,39276707,1713277279926,1713277279927,1000,13,whfvhripuiauejoubmdkiggalffrqjnqlezwvjkfhnpgsjmbstcsiecwelqtvczhzafiqyzzfhpfyxvkdtksqjgbyerncntzqvaanqnrejkvpamfbamrflriivtseytvhxoeqqoqemhfttlakvtssvbhooqlywquuuyltregjnkmemjzpwlvqqesvabwrbxdzsgosehfvgbfuegztlkkudkenvbbkkvycjasocedxxauwjascqaiofnexznuebkwepjptvpoxjvqpyajqnngpl
1017,gfgpogrqylttcbrksvrx,qkydekicsjeemljwydxplsaptsefgbqepbxvfdyctsyyrkqdldytljjofzsiargqqhiumixjxwsghfizrkclhhfavkuziigrkhpg,59186420,61876149,1713277279926,1713277279927,1000,11,ospuzflusqnnxrnkxsrbkmjcbxbnpvifuhmhjjzkmcvawxwpebicmlemyugqsqjmntvyjqugzqcsjclhlpbjbmfezuthihhwplhhfabxgobqebxnjshrcvewpdrhfqzghcndnfqcerrjsfwpkaszfcukqaqdkgqtqypsojqdsegowixlkvgrrhbdlccqmfwqbhknhcpzksrtzdupcucqpvrgrcqbsjwyahckzjvpmhzpbjhzkhimfwctijvoflppotbboxrsxojzcdjxjeoxaiwukrhomuortzcnisnvlvdfrmlnuggxblzakxjsroidwumkhpjfklkicgmlvtszehghqmojriymfdyfixhdlbzcovjdtql
1018,hxkgxctuunqmiimetgsn,sntbupeqmtmpnukmxvkzqcopzdrgchtqpmiihslvurfzyzjhxrzlphddystaieehkaznobmbjwrfopwcovhvabkvvfuhjxphnnxq,43889,3837697,1713277279926,1713277279927,1000,13,gngfpgwwtawpnvkzktlxvnuqflmalafgxeshxvjwekhnvroantfpmlcymkbnfftlmlmitohjlfppypcvepidiacyxletrmxloykyorjrqqpgcteguvseuipavfheesneionlgyoorzzjiomjsoqdcffwmeathywrlwtqpdrmwtrfruoepepnayrisrtbiavwycfrolzdjjadywxohawafnfmnhwsrtubhfilexcfhpgplvgrbavzhldugqxzhofexntccutbvkmgxhvtdllxdyiyrqpzztvsqcpuoukaxequd
1019,ihooxtlueaosgmkedshl,aaffyiuqixnymwtwkjxfnqbbdzcalnotdvurqhqrosypdtinceyqqmoazbapkgtyzrzyziwuvxbkfnafizbaplwsjycjbtgfhtst,30115,31565,1713277279926,1713277279927,1000,14,udlpxqtzypiirhzybbuxqkhbefxglyggfdohkrvkrrnkgshrdmzdwcbvxoxkduycgzvrunllvrfvgfxubvbilljhfmthfzngkssdielgqxjehsjxvoknbetkjxelddrszumzdtukizaxhgkdgsktoctemdjpdsixjsmihfzkldwidrdmhxpjfyiuievovheofhlgfpuzwtsnhnpzfqplzctmsnqvanlfojjgwadriroxzuyaglwfzosysnthainkxumnpbuyplilewwru
1020,tfgfmhuljlsohvgaozar,flkaysqbgzkdxlsgafrlrhjjqkmgkuzgwzpvzwizxcedotbnojhcsglxxgxusuxaqucrcadotehzdqdqzvktbhqasnwgayzpmsoq,55038900,55454370,1713277279926,1713277279927,1000,14,gxbmpokljityfwasqhpphutgdqyaoqxrfnmpfwlbzalqpltfdxjqudpphqkdmwziaeatuualupmbpytbzzbjtamvenwbftnmziylcypvjtphiuodlegativhtrisjogifaruempaxlzxylrcmowzkdlmnvhktxoviuwouvnooyobykmdhebwspziizztpbsfwdjtkebfpelqznjingvmoytnrykmjtaslxalcwdlftxpbxsogirzflyuoqhepdbjzumdttztlemiwmczfbmtcplimwagsrnbwfcmoqvmitucnmooasbcduumtojudlmtikmsxudteothtabyykjlptlwaazrcfkrcbg
1021,mqzemgrdyzoioxdoozht,jkvgkzfzvlwemctilwgxeqnwylewmjgxgolatxiocqlyzepqefohvyhnjnoqjilcoieemkjvgpyriuwfoouyzllznztzudufyptk,4863643,4886679,1713277279926,1713277279927,1000,14,uwyzhejcvvilkhvyuwuiaeodsjussyrcdmyzlctlsbxtlepmqtswhqliautvscvkwnzzwsisvilzdduntioblqtddllwtcdtcmjfibgcqnnziqubjyvqsxpbqmkmtsovqvzektsmxkqeqnycjhnsinbgshzkiglvbkjftkqxrgqupodpodhalxujmxfrawkvnnqceujemyfseaildbpodsnytemkduwateaeettmcaogissobaohgoivdxrfylqojfldlguizztuuvaqwxkecqmoqrjewkkgfnuxenopnwdtnasenjdmiqriochturkkodwjuarofqwdgzcczxmlwvmuluqpmmtyxghhmazsxgjqjcqam
1022,degouualyhtueyrapgze,bgrcsdesoqvlhdavrgyllrgyxsieryeevaxeeuzmfdttdqcjxneodauvbkxpodluyomfsawmjbrfvxzoonhxadifjqubqypayscd,98168,105530,1713277279926,1713277279927,1000,12,giqnremqlfdcebckcijlexyhmwvojuwhrazgrgkixnauzyjsfqcdjljupjwypzwwtbwbgwqmmlvolotevvctafbcriaqzqawmhffwvjhavlcwnlbqqtwdpejipwccwppfuxllpwbqwqkscgxgvvywyeuzxjhvghzsyqynysesxkafmqeigxnpfhurxgzybqtczgkjkmvcwrpszegmwjstaedfftrcfsqzpgbedszgitzlvuahawusemmoaoyxqdsptmuambuyagyiniby
1023,nxbicuvzymxqvrusbwgq,kpxxrcwavtgshiiokjxxibckhnlchossksyxvyscobqpqjpsylziyusdvzskjgevfppbbkkknkrnlkwqqmksgrfhopcswqichglc,200768,10426527,1713277279926,1713277279927,1000,13,bvyqxdpuxjpephuuspkjwlwtpvjpbsvuskwheueifbazzrbogiiubtpwtvychfmjpwoyvyqpcloqehfqfzfrsrlwgjengwqshwimlxswmitwckzwzrozxztrzlkojzhybnyayzmxddvvdhujjsjilxkpoctxsqcwoklpoawtmqthdfodgxmyvqgaxzdvpjiteshtmdqfluzxypoqtnhmcxokzahcmiycnbqighiuzbzhwmtulagjpznmkgdyhshyavcxtzegrscbwwdlbyroserrwdoibmyoiiqokkdgkxicadueufmtlkrhbm
1024,otxaihfrmghvibyybxrf,pfgrjszcxnkrzybyfrwlblpvvtzmadbmkcvofvvdmtdxrqugglsemdsquxfdmcdkilololgxzmedwuvqfdakqmufscrhhhwdbgry,591439,591652,1713277279926,1713277279927,1000,13,mhyvqwznvxubuzzynpidfilcznykfsjrfgylfipmhppbzbptlbicyqcuwsktkskjrnwxmhludjavpdqxshhfnljafvfkpxiobvaxckonrtvzjvxouvkjlqxuznssvwwfuvchrxjccmnjeochpeiexofiyxebkbxluoodbzrfdwzbactmuycxjklxwkyrrsprciquaoxqmjsearccssuqvrnwsnnsagomqpwqddcludyzahiwfoktmyrucoleklvhvirkemqtxviymrnycuwaihvggreuxnqluksrkjvdeirwydzngwgxtsmowjnyktbralqjrckgocwbonjxknfllkxjx
1025,wxtfyjpnhocmkdbgsrne,frcqetswomdlrmfdaswnnfxbtflkgcoomincuvoivwoxzmvolqopkeswyxdemzqhinthjgrdwhyxrvzsbqnimnxnpbigrcruhwpr,840,14157,1713277279926,1713277279927,1000,13,mvlixhpfjixispetkyirjmiishlmlnpspgucirldkbsmaalivgnxyczecyibuwnttbtszfdcgnuhbgljgfomzjbraiylyheystmhzdjjmyebvidduenwzrbnozxtbpekbgxhbkelfceymxjgzcthmmelciurkjaiujzrctwnntlcpxohhpwlpvqxkwcxpcvrqsdlyqtldxyrighbgzoiwcilygubqjxnchfkuvwrdyuqtsmjtljsxdtlrdngiesbqnfzvnpudecphgghxjedmwwyhckcxsukdlbqtvkejgqknsulawhvrbsbbaxzapjvwtousvltno
1026,jhxzsarlisldxmggupxu,oyopmdwbenrlauunpcimgbbeqvvxvwvkneeacwngyezmaiwemoczfmjqljejfhhbtozlrkuapuldocqarrycwuzyzhdbcbfuoepl,200,34074120,1713277279926,1713277279927,1000,12,glatctdbhanvwbjaoogiqhweeuvapcrtkuyzqtuqyqbylflhsfkpkiuznapcyyjhwvrphezdxskcmyuucvfxtkqzvegjnwpowoqxyiihnbynivhdrnbbgdsfdsplxpolszbroqrhhzrugufomekkzjgpdmuifnboqyqumeubdtbmuraotzaokbmshcfmcubcvwkdztucbbuhaxfwnocwvvcajhsueliuvlpysxbruplkeqcuoeltborxkthbdwwkwyjigvfcgvssprjutukprlek
1027,lrqqninnchchibvbvvwp,assqdiiyyclryboczzwxmulfpgveucxnysgzdvjtengktjvtdnbfxjroqflzodznpabopwleuajuvegyycaqbvylrozruuqbealt,67199616,67237860,1713277279926,1713277279927,1000,14,gbcwmdufotiwyaonalkdmgfrbtrmlnsvfbwmulrrchczeknqbabrorlylwveclqnvizifbodghneoizfcyecofcgngzjptsrztxsofouvfiykjiwtfwtuhnmmayjwadatlfpbkuskwnpieqbvdfeoseqxfisdijivmcxvwktvpgdlntxnwqilnmkffxhuvkurcnnilqgyothsrryrzverpmmgyxbtshvxuvtcuonsxncrngbsuotyredlgiatsjulbvkjhztmcpbhhgfbciiqxuyjvmhzz
1028,dvsqvlfdymygrdjegrfa,dfutifqhhgevkzilesxgrsweaakfctbfzvpkqagzlkquzxcpdrtmavbiaxgkwmfnuzuxoutaequbcprbbnmimaryxfuaeshfawtq,338746,85665570,1713277279926,1713277279927,1002,13,upputinezqdlszfvqiserkrydxlaryfgdfjwcnmmlfqqvxmtpwdhwdsuwsgahqhgxqqafiudqxspmjgvsvckpdncappfanxsziklzzuwctxeniynpumrehyfcuzcktwyloxpfcamlmiecepfssyvprggbqzackunbqvyskfovgeicgbkkkujzgrckwfwbbazkptylgrsuyuqjkhgagwektzlxvqhrgpvbalalcypwxtyfpejfnipsgbrcdycfgrigmmagsplxhbiehedcxjlflgklwsuqaqsoxewovvbfptys
1029,wqstgulelvmdyjkmigjr,wdvjyojukpqfdnssixcymthpdofwqyugjmtwyugfsvwqtfgqoiskknnclkdmjetzdhatsmwcpmjghbeenuxxkoedkcijitkmmbuz,1022,1161,1713277279926,1713277279927,1004,10,wqjaiucrnrcdnjlwvhcopkpshjvlwhfnroicgxddsuohoqdqsivduqxfkhbypzsbdobxrfftydekleqnevfffdwzvtaxqxmlgkupynwmlgcolexncfkymzrqvazohyjnjkfxuwlpepgrztxgytjowvsxdqlueljbcubygaoaqacrxsequdgdiekhjrkxuqdohmlljuxrpeoquypkhewzqzvwryptpnrddaczcbqjdadndojssnvegxnolspjqugxxbjambzjfkcjgvacgjhasqgubqf
1030,fnfrzacfhaqtpctikhpp,hxsmkawwtiiqyoujldxhjtjrtokvnwbsexlhxycxporownjyirobbhegijjjpvexkhbqrxlutwipnpffqnnyaadbkiuesgonhldk,114,51973638,1713277279926,1713277279927,1019,14,yvhmucbvlolzmmlrztzvpgdxykbmolnhzivujnrchucebsvdoadawrmvemykaehoyyncsddytgjirmahxxpwchntyxzgzpjdwmgfydnqzfthskqgxjrylqpzavrdomxnjwphhcxzaitheknolchebspadcketeungqgidfkufmnhypncsucerbkcliupieypifngyfcdrdeoqomvmesdbotfrjkrczyvdkipupcqlyoqnzyksvexyestyfjqgxcowbhyrrphzdojejsptukwunlskfstfxtlirpibzjbmpvjmjnoczfbqodmqueclpoixlpycejoioasjqjh
1031,ulgsfmckgddrftgwqaab,lcvqpwqonlswvbrmsqxhczuhtfmbijmciavcwtesqgdvawyjyznqxtxsxbnbqktquewdiafrcomrwhuknbzcovkuwgndqxdvgyxp,249,976,1713277279926,1713277279927,1000,14,xzvculmvnaeerutytsitvvqefomsfetsdkcwwicqidukcecnjkbklzcmgxidxnjamlaaxdcpwayrwpceoxhdohlppxgrsqexezywvntzgjlvldtjvhwvmunuiqinvvvhemauvawwtynbnbrmctjywazvundbsowcbqqvtepsngcpojpunhskkxzvuygittqohktrslfyzkudcjghuoxvpnownsqxkbhbzryxkueyghipygwvtqwffmpuxnyskeurowzphjigubyfltczzneaanpininxzdpnkalwkqhdctfragorxrhanyyeosvzldyqrjonywudmodsibtortmeojdaqtbudssmknpromqs
1032,mgydllvrinupgiyqmcit,ievdbzbkuqnmnwlfxrcfroofvzbsbuyhbejxrfwjhkfnbmmrdmnwqzgtfprlkvmrevsgqsqvgwkvrlolisoivkuzgssnoyiodaay,1022181,1022293,1713277279926,1713277279927,1016,10,ptnuqatdygoksklkpbvjgspytqwneaqcnhlbzfzcfnnzxiladywjtkkbdzidzwehmbahpzjyhpxtygsopngfikfoarjpenkqspnbvsykhrinlisbwkqzkalxheamfyhbboearjyqnvrweivvtujdeqhothodkywzzdxjdxzzcuzuwuwfixzazcwmibrdasasbjzpzrrpeaiwoufuthlcdngnhzfbzrezgdmtgbfpdrquanxvfhgpqjmrezvzibilzigitiwnnmybsckyooarqsywlfumhbqnqqhltjcsurixzxfrmzrljqaqxpybdxlzslecje
1033,qxcroutxemvirahbafxo,ltnbeqepipyjsqfwgfpfbeiykzrvdyhhvzccgjmehopimrksogaqarljwgtnbpkkmlnsepismeuvhbhuiuqwiwtcyfesbpdnbijw,336,831734,1713277279926,1713277279927,1009,13,btuqcwgqdlrbhnbelgmwnudsygxnjzedccziamonszkmesmcmvtkxbhfsayvmdsfzckxmnsvvwmpirksvqbftjkivlgdbzeesoiiczoqefroarwiqyuxgswnmbvowbidrmuqumewnrysvugkanwztjqhekgwivctxxzrdhxzwofoydypsghfjirfxtrrhftshrgdpvrnossyyeieeyekvylashafevlymaoozhvzryosbzcaprhosifyyovolmggfzgworapqihtaewwnbhbgibssanzwcqqtucbuyuhrzzaqdvfczvzjavhaptlffdwagxixnuzvgudpukaoyxbibrmopepgcfwbvdgogbvlzjxsrcqsczktoeolllgoyhtyoxxlkg
1034,fsnugrtiisfnrdhjajwc,jhtkmpybyhsrykygjdshkikcqlbqbvhvulljsnmciyjhpmxpoufnwtnunvxwhubcklrfnqjdfmoqmgomwqlfhgdhecnjwdikwrym,826861,826976,1713277279926,1713277279927,1000,12,prvplimkmzwsbkorcgmxhmovrrcybxtrorgzxnzifgvnngtslaayqubsseeerhaphbganzcgvvqnvndeqgbwahnydvukipckjinphogctutlfgrxopsjzvbggmlvjkmznffmuxzdjehrrvthihzzwcdalvzhnmtjfqdosilpmkpmecnfdqxenvoossidynfxnjexubcfjszwruexgqiipjtvvodeurcyucluxejrmfyjjnumvzzbcllipziticqtscsxboraezojkqtbzzkakoauvlqcyvgbshakbfqacwtynbeaenlcebqsuzcztrhbctvujmtauzikzzhwqzokproklfdyekayhbpkamoasybhyfxajhha
1035,qqmbcosemwaxwvqhrcxs,fubmkmdajfwveqvwjgsbmcpsarsvzfzljmvchrngzwzfbfascghovaeexkpsanutvowdcyyabrmwclyavwobdgkbzmntrzstdksa,2601542,20351526,1713277279926,1713277279927,1000,14,kfqyagcopggrvgxhkeflgzqffgwxfuskfudekflhqzsikzrfiohqyibrhfzuwbwtbpbrvtxzwxtzcmkfkzcjvnrdvcjoxdykhtedmyeyfemwfvelelezjvlaynlrqhpaolvpxfmrrrlstxxaelhpobwidabpoziwsqyejwkauyyydigsvsaixydumzddsflkjonlpavqvdlkbsotfaztkdphmbbtqzgstjdiyjosbjdifejfgtnryufbrtynmyathxyslslugfogwxazsihwpgdfxlllbfarwrjgcgejezinzygmjjnalfaguaptychvn
1036,clbuhupwmdvhtxxsyagb,dnbmxucxmngpfxoewetblpqtuypbvtsvkrzdlwvsqzpssvqtwsjmegugnndsrnwdbljuedvqknguepryyhvhnzkpgggtibwlxbxm,141343,19978639,1713277279926,1713277279927,1010,12,llszkkrpamvuuydznffogmlxeguxntbyjuonmdcqahkwtdnvneoucogbdmpkbisqqgmzxqhnyoksmfjxfewvaltmdisdgdyllkbokzpghkcuccchnplvgupgkatgjhimipkucgivalolflhgqqrjmuonrgdnlnoudoovdfhxxosbctsykdzfbagattpyzlkbcodhgmygvcfyjozshnpvwzhldzebhfosncpzxthvfwcsgrbodrztbprifjqxdfpmjbxvwuaeglekmoltcbxzzsmrwrenndnidabxwmurhwvqunfqograrrgazyjozrkovyteoyddiixfvuwwekpqzljhtegepsnllntpyfccoifgpskdakhytvbshthhboxiomuiscsa
1037,cfypzbkgpljzklrhutbc,oaxqnwxaqwwozhanpjciglgsktwixlonznzligzzoxcbauqwaaraqzcysivjbaklqyjcgovjkmjvtuidyhofiqfbkueancjdhtio,9327,2875202,1713277279926,1713277279927,1000,10,ehptkfgcfcvyipsxkweycpbxlzkzenawrbflhgpnepukaffmqwvdhugrddvbitzyowumdgcggmcdqcxtnhgrwpmapwhuknsbanwuaircpwjwkirmwvjnpdfephvkrdpvdoetgvzxxxwolkevetqpxtiyaqctqnvlbabaeukogmflmhjmgpljybnjjkrdsdelvlqjpclvwntdrwlqsykltshqsfnwdyxbohpxtraiiyrxuhiyiwpfjzwfdnezkpfgqujanjxpujlcamdkzdiwvmahsmzaqmqzvu
1038,ljtwcflkddphglplowqg,pyuwjxcxveovakvxxwctkkguyuhehrbktmwsgexbaeijsnxtnprkfwymbljyranxvhohgzspfnpwjgyichrfrvbxsppqwnvvtjci,1914,7099621,1713277279926,1713277279927,1000,10,zpbhqjrcacyqnqobrsxlyvuwqxqbyqlvamwppdgyitsbwdfahayqesphdiffjcwjrvlemrvbskyqghmdorbktzodlnxyzcqnllctbzyyphelyojedbdirksddwogblzajcsdtsafueoucygpcledkdtbfmzjilssjdzuaegivhngoygxrbwjuevjwldczfmyrfgbmorhkvbtkmnlndnzlxabjmlmkncnotsmopaewnndvhhjiaecgmoriremwadvpbvyzhczxzqfvytpghcdxblmihmvhyehthfqgchlrhbbywwvrmmqzyfptprekayurimbhtwxmoptaavrztrwayepdrsxbhsormmbmakxzd
1039,glvsyidwbtqsgbbwwqhg,xgqecrrvsihthxapkzeflmcfvpahsrcyufookopryiahowgahkavplamepjkdulmltreppcmnxrbkhqbuwdhangrsfmfdrodmava,953,17651,1713277279926,1713277279927,1000,14,ruxhsdyracvlsgglqrftkkmniratkhrylldbjjipfypjrlomgvlvuvfmucatenufltzhunfgkmjmgsbpjnqgjbizkwqjmfkmuiqukpwvrfbgptkfpcxasgzfmcwsznuhzovlxofkyjsaxzyzdgxyefdirurmkioiaokcagtprvfoeflkhkavlajqirjgzexulrmnfystgvkgpcxjvtyxvttodcssmfxluqokqaatxllvqzmaloutfycsapmyuotwdegszmvyogdfpqinxrswtenpznknvrdipipblfkxdbmbmzkbmjwewruexlixxjpsnbjdjieclnwyfgvwgvppgnlytizckavolnknhlzqcjmvjkhtiuovdumn
1040,rlsjhgogapiqgtzhsyjd,hvkoxyjvxwsmwttveqwctmfyhpnhrzjfznbkrtolxvhuselnhznecksgcrjitxscqlajweelpvdgzljwykxarfmjipbeomgrsoyw,123,38348743,1713277279926,1713277279927,1000,13,bopxglpscjjirwwljdfoayumkmvkioociawrgxxyqcnvqqxaufejovmngoxbbxlzipjnmjawpudzfnlcejuoqtsiwxoyfxxqtakknmgwjgikealjhmfvvhogzwcfpgecznbynduipfjklpbwlkvxmxzsbxdaphhfyamonelsjogujhokowysbnbtgiohatmbpzpnszklhrvuoazzzbjrdxowzkmsxcidscaizruqlumedhevecrzedlvfkvbtbjuotevngzslnbsfxunqpyshyxeeydqbffukjcgmctdeqtqctxhpyoqvukvmoajbtbetwjtibdbpwhzafnbqcvipdaermgaxqdwu
1041,ghqsgesfxnffssutqyqk,afkcmggmodyochjdlnadlvwakzqmmqxohptwotegqavdmieeqjtkefgerzaklqwmyftnnkerbubbbkvupmvcehubapbilkaikqqy,2685008,2802651,1713277279926,1713277279927,1000,13,ptfqdnwrxbabpwvwecjrjtoknfqmaaofvovycqwtufbvyuwytvwpsnhhoovbgcalrdacpsbzkwtuvscodisklbxrgjibitnkroxqlkrjawlacpdzmfjrbvpmrlncscckmxlajmgvxcwbbzgfhzqpcpgdqnqewsdlmwjfteipghkjakqwaihzgognakqevniadhlknbakuqxgbkamjiyimwjkarcvvunblapxqiazxiobzkmablvprtuxsklrageqnerqvkmliyuehzfxoiukkwwglcweoygaatgqtgdpfxbtfgwonivsuubylpxlttimcfblcrnwcmfrhntxnjrrbetvrytxjfm
1042,pdrdumhwtqohofxzgguz,dispjtkozwphgkphzxdckuclfxupmfwazewyrkjeixiilgcrpimqkgzggraqxyzwvpububmumyqduiwoizxsbhnckxjbkalmrcdw,2130526,2175379,1713277279926,1713277279927,1000,11,vhdopsfqnfyaufbeahinujpqfgioqwkpkfeeefzpsxvpsdfrldslmmoasivubmnintysaoiizzxwcswoobaqlrbuuklsgusjytszmrlsfgwgtdkzkzsqhlwkrthsmruojpvudyubjkbxtctedtiahdfzudfihgnfabnvpempgoqzrdnedvqdzzsxjcdldrztvtiudhfzrlhpjumjrxahsacygbneapzgwokpdcmvlfflmwjneikfgzwhvngzqtzhfnxwbszbwvpqkxlxorbehltmlvpygddapkmqjocjsjnhwrlwjqkgtymqdjomtxbcdjrzteksatkaaivvbrhwdgmujftdrje
1043,hjkwzpkwhdchollyqppj,mgpomrxmvagbxhdfuqkgthoctydlpnnwsnoqqiiwfphunxcmshwweiishtcrjfhaifdeqizpxhlavopsvftfcolcsnosmxqzhbsp,13076,14074,1713277279926,1713277279927,1000,11,hdowdtsgijmsibwvmymsoxhuvzzhbosxlakivssjvuiqcabplpnnfvcvjsvcqionkhvytceoqxbvpzouhqszgrkvoufhsbdlxfiyxnupbrvuiqbfmalnqcqvxtjveklpmdmfxkqjpudenuagaqmsccqufmlwjohdxqorvsvlbgtllvtrixqwymevdoxncfljcsfxdpnyzepurxfvkiczjvvingxjtwuaqhcuxyvwadldxutbistgoctvnqyigaizqqbegloxkkntotp
1044,kpjeempcfbntuskalswc,xzkiuktglhwtbuhovkqqvcjwadltjpeisfojhzegeyeiwlmdsvxvbhsepsdktlrltamnzwafactyptmeiqhpvhqiflgrunisjbka,4285,171173,1713277279926,1713277279927,1021,12,pwpxbmjtlnxwugjhofwdggtigmudlcublaqfqsguwdwqxdvjroxqeqrslnfukuzxtfqvmllwymwjjuyxsuultpqiscmosjyzlzhgqgswbuyjdbcttaajhtxumlghegznewrwksbfvwyelkdqpozzlquecifvppnxprueempdqldcnciqqugbvkdgfzxxtzjnsyzcijjzrnhkoqpmunzjhezqzcuzfpywebxejwoseeppjqymwpdnlzecwfudfqyiqfmvmmehuycvzfqlsh
1045,whnytxfqodoppolmxruw,sacsdcamhtedudkeqeicuzivobaakuzgoesyllyucuomeexdepdwkvdtiljfufzpswqramdipetbttdczagqunatbydvleclnrxe,17117,266248,1713277279926,1713277279927,1000,14,hddiwmnfgntbjpwvnoisaxsszkjcnrryqsjqsmxjulgokrkcprwhwzvqjyhyspyatshnecqdrgzfcqijtfuaeahhnxfourlarrgbuyhlzxxtlukkepavvpvswcgzbficwvgvpfyborufgptixgaruklxqenqvudpklqqaakcmwyvqirgtvmmfehzbqvmrxejmjkbxsxqgjpuszjwuenimcdgiqdvgolwkgstohynrwivfemmhcytkawoeidthzyyqjrwnmefvjagu
1046,yoxnqqjnanalngvskucu,kvbhqqpejjnwffvznurifpjrmnsnnjnpmqokwayrlqwbfuypyagsfaeiuumpvyjbbsxbwbntfyzcbewdmhjbtswvucemksoaxhaw,3327,4236,1713277279926,1713277279927,1000,10,uyrqcxrthjoskmswvrfohllxfzsmzglmjlnjacvygxpidcsztvocyaaoqqlsjygcsrboirwpwhmmkfnmmuelnqquxlgskxbydyyqogzqoyqbcmopyckakudftwrsekemuylbmosbawhusjrhrhcritswpcnjsuijczgyrmdmdbzhnriaqnofundkkwtwikjqtvtkzufiygsjsabdqwsorhzxefbxxnedqvztwkwxgvhgiifvtqzqvoihpvuswijkfavskzqepcoasvhxecjcvvzeikhjvhsloyyepdlbiktnlpcaouydjszjqsygdykbwgdanhlgestgdqwzoeonsbkrqhxbdajyuqreghupddcyhylvbtzebyc
1047,pslkpsbvabqehcphqyjo,mxmamfojmybdugzfcaxvcsttvmkwawjtnvpohioceyfkjlcdgeedorhoivvjuoctygdaqpejxapunpubnqtmaenaqmellwkzdgzv,9034220,9371718,1713277279926,1713277279927,1000,10,dqxjmowvpvqkocyhxvdsducckjrtamwttuevvnimynzibfxpyzaboqwgzjmfmbaunyktgkuclgodqvijhutwefrdoagnankrgnwgkqrncnllbhulnbnszaborpxpnxuaktrvykvknomhvowawclkbbwnochfspvnjtlakxqfmikqlxpxpwvjxcjebqssjfrotptidbvqtucubznxunjlufuftuxsuovtcydqlrssfzmqfjmxmrsmalrftxtqjhrzxoarvajhlbvmzuoulmgtgtjyziynwhlfywzrdsmwewhfmsrbnvdqjjioslyvfieywzcdgfrzybmlzxdchfgnfznpy
1048,aobmuhxsnmhtjgitgkbt,kcpqhqxgjezyfznenxftgjvuvlccnfozszlxhthggzzkxdnaszldswnscwabipdmbuvsuuygmznuzalimihtfphlajuctxtaxyie,2064,45653,1713277279926,1713277279927,1000,12,bscclftrhgxbovljszapgchwyooijvyykytbgwnbfudntltinizdevlaxyozdbmndrsjlaxhpbmoujkxxsnbkwogdgxejavqxtyeurlpuzpvwmfzqljsvmlrlwxdahyynjdvceypcpadjwpacwulszfbbjecoxqvdezzqappeioaunhvnxuhtswgybbfxrkywwdkunqovjhscuuxttzltswzrsjuwzkegdugyiwlopxdmcmnryhrgouablikowpmfajmjkdmasrketmqsekftrcocyklzvazykldmlwsvcqrkhw
1049,zwcmflosqbnglfvejyjl,lqzbvhrrdixmwcnunwozcrzuyoabdvfqmxqagcutabvlykysejzifbefjrawfhavqqpxxcurtvidzwdehmwbkzteojnqapusgfvd,109682,144424,1713277279926,1713277279927,1000,13,fixwvmhitlqmziwqccvnqspsrientvkiicwfnfohxkvsbedyugodyfhlowkkhiipmgajzkfimkovuqnrhuaxaefkvukcerlghygdpytlpctqpoptrdunysfvufftwaxmjtjlhajnwzomlcjxrxufnsszhxjqqlkcplaznyvcwupecnewnlousjlnovgyqvrfkhqpjlmxdglojizxibogsrpdswhotmkwypowgvrmblfnkkequferaliglpdymlrujkurggrnvqzzaaiivjuglgrbqgmfzjaphfpqnsuecnvbwpglmgrqbqcpkbsdyomepiphluhkh
1050,bvuemhlxxqdtrjcdnelq,ecsijavqfupoudjfrdzvyucasoszrkrjdjbrdqazpmtxefmgbgvbrjofeqiciuxfkseirupagyuooremvhejepmazkcnztqwcmxq,36932080,36932504,1713277279926,1713277279927,1005,14,xkdpawmjdmjbcwmzdlxixwlorxfwxhncfzirvrsfaofbjthtunvkbtdnenvlxmxjeifavzzpvbfqqnjavmlkxycnigsmfeiycadvqxesrxvipqbeyzjkimpkvmbfvpmcadnkapfiqgdwlblvqpcygooykvabcyuxfssnfgannljreyjlkpoohzsadotniafwuuscpokvxszjcbewufpcepivfubjzvhwtuvwplawiccqgwtslhiwuceizbchhdcizvigarjvgaelhnuotvncbkottqdqleoooalhbvcgfnybuwrymxnzbfljnwlbpyzuadjconahple
1051,rloanfrqnpykoqlaumqg,hdigifnhtljnufuxzczxlswykrlpbotqdhhcrrlxjygcgtyhjvaxqjihlbrgiujolkxgknngthvrnkecewbyirbufoasktznyrdw,957,1648,1713277279926,1713277279927,1007,11,yzfbhiiydvojskqjrrwgidtgvrulceuzhefcpoxmtjkfkpyolywdnjdjscggdozvcxajmrkrdcdncricthruhptjhpyqvistcymsznyijdqifomsqpynqekkcqgetsggcnwqpvcljlppucpjkzyyzjkihenqrjqochjqnnytuhduklpbyfqbjgldzkdlfuiqzcbsuvoysnelorhcvgciywbtatakxvfkqclmolbrilqxctsbojvnwwhrlvzmdycdoiwrpcvxmedamagwkfuzreafnyxbhter
1052,mtlaazjrihldbwumjtnx,cxyrwmsugowxqitlfrsxrmzggtcdiehovbcrtsuieazcjttlormfkwisxejfuegygbcasriynocesinnwkhmdnpvbczdxkudxrnt,8145500,8145753,1713277279926,1713277279927,1000,14,wdqdnndkoljbairnxzomlugbbipklqrnetzcpfthcsjnllrmqnoewvzustlxwmiedihujrqflcxdzcjugzjunhzumtrckjzzzgzzwanhyliwgdgnacrkbydlgaffpvpkndnxqidsylxgbmamfjihvtdyeordnvicwrleiexoebrnbmspuzisuwootiauswmntazusojyxhqoqxznvafpbnmvcgvomuvbfsnoggjotklmkaqfmwchfjkkvsepdjzucxrljtstqrrvjehnte
1053,uoolgrpfbsxgisqkhbwo,tmdnpgsfcwiyyjkjiqlcgegdhihreoegmmouuajvuvvufzmudgdofatjymhhkukjvowfehcswqgapmyogsdstuutkbjlpipgdrlg,2407800,2418829,1713277279926,1713277279927,1015,13,rcmbhdqxipssdordjalnihrdiigwvfqngjtzuwxwtresifofpdinbwhakjosbtlgibjxubvqhgqkwoljujnlaoykukirabsinalhwouaapekesxwbjwhyfwdynmeqamfrzadaiurfeucltixjnipuqvzevlyfrgojveopmdeuifpyygmgjhgabwzmaioofchxtlwldruvvnendmfrmrtcmvrijvmwwypjwaognufybqnjicdewiifydfgdyzgbixwwmamkoubedisffxrabszmwoxjztokfoxnskcmlljoyihtkpinzvgrpydolgkndenyvytmbrnp
1054,zvxhtquoeqnzeksygrsd,hhjuodusezdpwmzaboilahuerqhwhiqljhjyjelnvffqffnpdoueqapfedntlsbokehbmhjbwifdkdloabmtufqpvktgpbjfigls,24496,2803805,1713277279926,1713277279927,1000,10,jybbjfugjmyqflbvkzyizflzgziyqctxdunhshrygovezbdaywwhjbvelhiwgfbsmiaelnlylerazssbbjexdrgpecohhjsknzyibvfmcshtxncpisxwizvqhwzzhozcjrspnpizswxwktdqkcedxzqltpmbtxrxlhtvbfbdoezntxmojmjihrscbczafdhwqjekppouiuyhdtinkcjwgdjgherqzuflqdomukdjeajiydtbjkcgtthlifihryposacitihqunafybbfdlgbvfpemhtpasmt
1055,kxoulwfvyqsmbxrtkprb,kumptlocbgwodqejndktegiytweohjnvgslydnxqzmwxfvylqvuzebyqutmtoqvxkfaozposyxsrljgbiyjqlfuntjkwibvcwwun,260,24028452,1713277279926,1713277279927,1000,14,xdtuqxxgwanatdbgqbzkuzovlctzeckhltatrwxrjkvhdccpqohvzsyzptssbzieuzxtaxgperrfsgdffppigvrhqhbosbimfdyzpqwjvrhvyjyyqvkjuafrsfyvawtjuzrufmmkljoqwrlcxvxphmtqkisyevhikwpxlifrymyjfqxfhtmcdcjlhgzjcpsiakyxpizmyknbiufylzbomhozntcsbtrhfeazrfqrojncbkxeoryrpaoquusqqlijtxhfrnwqjgqwzpmztwhhvkxtbpagrmjraxcjaizxvdtmvmiruxfctkyctquuyvzpuwjjslneddmftwfwpmdkuepvdenqegjezljifhmwobdcqqzjifsdebszuusjuimd
1056,xjylavuvrlykypkiarbh,qokptwnxdvnwnlschplqhfhnuxofymbbfzbmbagqwwwkykzldzoivuiiywtizqicjyvpgnpknhquxzhiumtuldpugjxddtcdujou,29972,974570,1713277279926,1713277279927,1000,14,nayokadtfxbqraadtoevobjgqqvckgwycqlicmxofavejyfubxvepurvdheuswnkhhqlkshxmrglablzqxafxvxrtygjniwjcugjxtarwxmyyopzzszqgyyqnkxcrfxhxqoqntaircbughfavurlxkizegwdbeaeyfjhdqnhtiwkaodxtcyrjnajrvddbziscecgrdsxwqmwxhigsbdamvaigzhvmamiditzkcqojehcqnhgksfxmxxwebwljacqykngwqfunpkrltyi
1057,fbobjiaepkyporfgqptk,eguyamgkicftopbagjqlrdoqwljyunhjchoxchymtwlyywurrfzjudxwmtldtbpwjfbztteqptyiizigcjusiulzaypektbiqrmb,5055,1281293,1713277279926,1713277279927,1000,10,iyszwrubdksikzcdjjsuyehyrfrbklldmitfajvwkhzmscwsilntjledsefcmcljuohukfyheihfqmlgqnqbkjaojdowcrguqmvimgatfnrewozlxhgtcggnuvpvlqypsbmlgcfftpeqjjghaebgkvdngesvqefvkbjylkwtbrksntqwhdpgnyyyidguhwzusyjnlgxszwalwoczzxooibakbqetxdlmfgwozeezlqovalmfwtqdtyqlwgijfwcchahhpxbwczwhqjmoevddgrunvzomqlqjvsxafvvsquxiiypqhnqnvcswnhvlgsfbzjpickgfyxyweozqtdklcatidlunrerhujoyrhlcjnwaobyqrtqlqlmirnrlfpno
1058,elowsawjxphlvewnbxht,wmfpmkthdpuiusvyrpipwdhunktohtouycdovdleboegfqxyhqtdsqjmchtzffpvwxkwnqdzhieljdgvotxcpegyiaurmbispkec,1367,2064,1713277279926,1713277279927,1012,10,gfkqeizhnrmornvyvxnuwnoseywszluwerdpvcfjogfabdrsaskybebknjaupqdaprbeactkbwwkgykypxwrnqwwmhojhgpncphcbskndsghyrzmnqtrogoginossqektoaykhqiynlzeoyrkdofawaoohyqjrcuwenuzobbovdfdsbuooekehtfkrrdyitgymljstmnkqjzqmffmptntjztygepjsjbgcvckixbukdvunxjbekwfanikoiwnruwfcfxfdgdmjscythspspwuvmclngmfgjzvxkvmfsmlcacueetnrcgibxon
1059,pnrqvhaaoiamghfimsxf,oticrwztjxttbrfchtbphhjfdxzaaiyqgustyooasdxrmbuvwjdvlruustmdplndrmpueiukzbitjlalxrrjscrqbtdkkpifkqiq,46944,93484496,1713277279926,1713277279927,1023,14,gzhhviwgvsmnvssuyxqttjjpaoxbalvxswxisdfwrlugxmgsiovufaixpbbspsswoufebxtvlhaqpmjrvvojaweowtpbxcpmlifbxcymjjfpjelrdhnkabkcnlwbfuzyowzraqjyyeyizgovyjwdwyqbbrukcdtpwstoiachariomdynvyoyozczsioxrwivpdafuaggptnywwmvoxkyiinchpswrrrimsutktkjmhwovgobsongksklyuovnvbkxysfnvnursbdtdl
