id,name,email_address,credit_card,city,state,date_time,extra
1000,vicky noris,yplkvgz@qbxfg.com,7878 5821 1864 2539,cheyenne,az,1720002507083,lwaiyhjhrkaruidlsjilvqccyedttedeynpqmackqbwvklwuyypztnkengzgtwtjivjgrxurskpcldfohdzuwnefqymyncrksxyfaecwsbswjumzxudgoznyhakxrudomnxtmqtgshecfjgspxzpludz
1001,peter smith,kabfpld@fhfis.com,5179 0198 7232 1932,boise,wa,1720002507083,pxtyxzeastoqqtakhggexrsrtfyccvduqmlfawfjwgneixaqhbphuwcohbglifdmwtaspyhzmmesflgzexiivfngiqkkzqdcxvfopjoafxttvqhtoexzcxhoppxbqwxipmlvignix
1002,kate jones,hnjxarc@bwfmz.com,7978 3047 3709 4252,seattle,id,1720002507083,zbsuslhvjjkixplptqpojswlkzodgeszgzuwhvaztwasztxjgcupmismsyfdvljwqdnvshklhzzhysoxjeazfgogrkkfpkfqxoyksmmdiizpgpougahpvp
1003,peter jones,uiojvav@qrzrc.com,7762 5248 0508 2664,redmond,or,1720002507083,fcfepoxlolierpesbhmkflcktbdfqxoguhextykknvjwiamuedumydjsbeprmkmudonstkuhnvyomtqpmkqxeuwppsmqvdtciykybxoehpsjaqbzmaztulssqbicjpbxxsfjfzwcjpkynxowiveruvjeqihdrekjwm
1004,john white,wjhtily@zwlsk.com,3188 4755 0978 8286,redmond,wy,1720002507083,wsvjfxlzcgwbnozsfptkxebnjsfchmcsnuafawhubdnfaqetnjvesmklhnazlwmttslkrtgbjzhyyfirmcvyrxudhvkwdqsnihegugwznveyqxblsbfiugrcgrxelvsnpaatqszmmzyqslud
1005,vicky smith,neesoae@qdykr.com,7387 8990 6950 8625,redmond,or,1720002507083,mfdjzdhcmxbcuiacjqjbfdriknbyammoiwlneyuqqrmqohxubbmargkvvlqvieqnlwbefbvgwvdpwzdjjdpfhxwizxyooxdjwfjmvzqjrxsunnnlwyrppysqytuauxjcqfi
1006,saul abrams,obnidwu@bccnm.com,7699 6980 0820 2652,cheyenne,ca,1720002507083,yhxkhmqjcutsvnybxakanulyktuufwzudhugbcqhqqhtswxikecjkpsnlfdwugxjwfzrdpwhmthyinnptjctupwtymdjkynoobhsonukgnje
1007,paul noris,ruyylay@bwtng.com,8412 1645 3614 4570,kent,ca,1720002507083,yrmeuhuawwpzqnvlppfoyiiusjifetuqlodnpmvmbagbptxlgezxbrzhelqtbflskuabkrbpiybhtyzxcpqchttgsmlhcgdvszydydxtgfnwwvpazwwwthsqsafiqjeihssq
1008,vicky white,imhsjga@iroee.com,9522 1675 2435 8945,seattle,or,1720002507083,rnyqzuzrtljbsmpwgdnskyrxkhngvxrzpvkgxwcjaiyudnzcpjkwjskiikmdltocfnukpihofpqijxxftdkwocqvuotvvepxfhsnodqaqcrorapwnzpuhjaruodcfjzksnicn
1009,peter noris,cvvjdvt@ckyzw.com,4731 7299 5076 5906,kent,wy,1720002507083,cypdzhoyugnppsvgtbavfddoinmvvllxrzdrteholpvftxlkyuyzkhiilanjbkjewhgiwolpchcfuqwlzwykwpwffhhzbtwwpkvquaytwquxmucmihlcleuqosrcirpzwaokczdqgyxmhgts
1010,luke white,ddbgcro@qpefa.com,4486 6547 7769 7103,portland,or,1720002507083,ffkwwnzaecsxrfbekdixfdomorsgqmvuvjfzuhgaeizyebatfgdzxqrffrigekxumfppzdkimcuaaufqarcyusrssogsefrwpumqwyfjvdpsughhtzejoviogrpmooxoowvtrxcnlfvcaitvwvqwvevxsaobb
1011,julie white,fznswas@gqesd.com,2381 7251 1582 1372,los angeles,ca,1720002507083,qbcafmkzylmokfrlmmicxxxrscpyvhclsscbibodazvrveowjopbznpljgjwqhrnpfulhxubvsfmybspipvfnsrooqapefzobidolcrybxhozjemnafrvdojmfaeixwscdbbsdnuiysiqscaouacrfyxte
1012,kate white,wjkmgcj@ikcqs.com,1629 4032 3067 7855,bend,wa,1720002507083,xrlpgkyckxmgsyvdylhphonjtbnxkeqihakfytgosfvfplivurwyavceqpekpxbefaypqkmsqutuubjanycsfzfjzvjxvrtgkmhrexlljouqlzsgjahtqobqgxvfzkcotiqpwxpahyebhekoozzxkyzhrtpdfzeenqhu
1013,peter white,nuzkmbj@ojvve.com,3091 2264 8268 9708,bend,id,1720002507083,auwkgtcqnikpxgtlcozalmwiueewzijdhtivdhzbshfaiqfpsbvtwerybsjbvxwkxyowtxbkhzheojkehaubvindizuassggqcgiojmziocxcifzlgozglhwhlnpxmkzefskjxkjwcnjfbliuofdzngshqpkn
1014,paul abrams,lgtmlbp@slevb.com,1277 7709 0939 6479,phoenix,wy,1720002507083,quzgsvqcjhsvbrisxoljrsdcbmcjfmxeiqcpnscjetoddbczsltyegexlfpbqwupgghndryylgucolnvhvvuufyqxviyrlkexwncjaldmqrytbkfwpwyywxznopocmetzbhebqeeaf
1015,peter shultz,tpihzqc@appkb.com,3776 4198 4925 7483,seattle,or,1720002507083,sjhutomqsywfyznvhfmwirfkzwzcqthiuvnnalsguqzgvfchgkrkoycmmrtpkjilbtqeyiyyqlernexjbqesohrsftonicgzneskzxkmnwkbnhscw
1016,kate walton,tdocigq@aylqq.com,9238 8029 8138 7735,phoenix,or,1720002507083,rkajwyhdyqeqtkkdnvtxxpzlivrfpedbinljeuyjrvbdqvicvlldlqzetfrfwehckulsrjawxocjydnsrixocwregoslrwgpubtfjxgtlodkrzxhreqsbczomogiqabhhakbt
1017,julie abrams,thholqx@kifro.com,8497 8222 8414 6468,portland,or,1720002507083,upybdjrtbtjgstxkgtorzuynfriwsgzjwxdyyolqvbgqjyhzwalkggkligczmgfnvqbsvympvqelpmkqvumehyuumhlpzugyloyqusffjepphetjhid
1018,peter jones,jloqtrq@htklo.com,7083 5386 2452 9230,phoenix,az,1720002507083,eauthmonmczdhscqkrgfpyqjuucqlhpckftvzvqvwirlvnzjjyvtntukbersuovjymblhzqmrctuobyfpvoobfyjvvaecbrgbjwbukfkilzskjopmnuubtpcaejeymvceauhdggt
1019,deiter white,ywavelj@nbjcm.com,5553 8612 9514 2101,boise,or,1720002507083,xractyqxxgzsmuytknoldkffmuhvclmujcbdrefnipelqfhdyrvzwmcpambabbodpncefiwzpetrwiaizpqenwfmfbtvcpdmbjbfcoevcpylgyvwnekxcqeuzmpflh
1020,john shultz,fpwudpy@gxkmz.com,7528 3145 3775 4083,cheyenne,wa,1720002507083,isenhpmanqmzwytvceauggjfdbyvklfrbawofvhecnnzclpvuhpbvlozcwiitljbfwmapnzkggqoagqenfwmazzrsgzadcofwtgyvgkzmvwvavjylnupebddxpqyskaaczzcqbpkooeamqzcxqevvsajboav
1021,julie spencer,whstrpc@gpbbj.com,9783 7182 5791 9290,seattle,az,1720002507083,jgcdrgothfkuqbamsryvrmmflvhyqrhynzsernjmxiuwquumtjyoufkaxkpfqjpeqklldraizhpupageuktdlifgxkhdbpqsgomtynitmwtvpvddjnyqdaayvhzcmjfwocubghqrrwkqixspazw
1022,deiter walton,qwzcwth@rdgof.com,7866 6616 0153 4288,phoenix,wy,1720002507083,fygdbouzdwoepeccuuqkaijmawrsxrtjzlabufwxjfdjwueaqqarhfylrmhlhvcanbuhewcougmyoccqmztcsiidnnvahbunsjlzjjipbsdtvwwmewlbdfilwygtfbuyfmueyazycxbqcz
1023,john bartels,ytiecwx@gppre.com,4789 0146 9846 6926,kent,id,1720002507083,wlsbrervxpfgenfpqbldecbziztycxyciwtfqbsyiwzrybdmfvcnkfnieojjfmokrcdjtouywvkcuxnhwcupkpjkbskioaudndpyyfijbncpnqihccglofusqpvklpmrdqgyshcvlqqgcenoomnthqpmtwpcmpugaw
1024,sarah shultz,rjhvtdr@zbngs.com,5536 6391 0293 0479,bend,ca,1720002507083,yhcoszirzjsprlzbpqcktlwfqaxkxpfrrdfzsfhvlxaulgablkpstcuqmrzwrrqxmnhzxhomyroyrstuaelpqezxwlhtztschbutcnmzgqtbpfxsbwr
1025,vicky spencer,tuajqcn@mqppv.com,7186 1902 9939 6999,cheyenne,or,1720002507083,xntrmlatgwckxbovttempsxzwqzhszlmbibdjqxgfludxjkdauvfndeokgssrdorepmfunssivdnolqyygflrpvvvyqlwssicbtddgzbhkrtasvezartfvp
1026,paul noris,tlcwhtd@lrero.com,9203 0630 7217 9649,kent,wy,1720002507083,mbjdxmgbsctwzodoprzliibwaqbyremtdzvzbpmcfqkromjmngfnvreopmjyjaeqlsldyywjcydiofjivxggnxanwureuarecizqrnvopqaxwdihtduxvfeymtjysb
1027,kate noris,bdqblgy@sbbix.com,3815 8845 2714 0720,bend,wa,1720002507083,uqqgsgjbglhhtznkqhbdepmwsbkxzxqtreiqolasffjofyqseyzjcpymylxkxctokklzdixfgypldnlginxepndnvojemeaswlgforddiayrwidllaqbijkiqotwqzz
1028,sarah abrams,yyphbmp@gagpb.com,3008 5625 3550 9255,los angeles,az,1720002507083,sduwmbezjmijvecnbeklgfoqcpptmanmhqkyajpofdwhzmwtmntwfwzepyfololgwnczyecgqvheihgocdbxjkxaqlkdmvsdhcdnmlchlweotoiytkurvkwgbnsaazsmozwduxcxdgucjmztgmm
1029,peter shultz,rdegtbz@uqtxl.com,6980 8538 5700 3760,boise,id,1720002507083,zfffwxesuwimsdgdufmqorgvvgfpozqicbzitlpyfqnqpqnyulzwxsymuapzevjnhrjzspzszlqctgwujsjfggcrviqvhmcevuqlccovaxexaotwywxlfggribcjxkkmhidyj
1030,john abrams,jrjluqd@ddjjk.com,4083 6920 5267 0410,portland,ca,1720002507083,sxocgupnefrwvzwkhskhejolbyplmuqntcaiethvkbbfhtszrtlolqowcqixxnqcyxwelktwsspjatlnuzqyqqjpqrldlhjsackriyqwsmxlaahtkmylvailjnmswqieethxotugjagdkadbyusrzdk
1031,sarah smith,fskqvjc@bfeto.com,9496 0691 3743 6587,boise,ca,1720002507083,keksnlkzrnmcdfnzrsgkizidwqwnixrdzjswkmibpliabhcveqgnlzpskfhbdgtrlkibosqqdyrmjahgsexgczutejmnjtcaolpebbxkolwndtcscybopsvjmkmmsyqvo
1032,paul walton,uxtvbcy@nncbp.com,3570 7326 7932 9874,san francisco,ca,1720002507083,tdlzkyqppeyjlxixoaagrsvgbhkzwglslxmxsznfdkvwxjzyedprnqjpgctrggvlxoqhxsitddgnfluuqaogxorbazbeinztvfzzbsawyvdstmq
1033,sarah shultz,rnrxvow@wkqsa.com,0524 7941 1989 3125,redmond,wa,1720002507083,mfexcyzmvsfgnjlfsppnfnttksmpihgihbsvzuexeubmhhnqfrkntbkecfkcqcgautjxdoeolkfsweeahallrwricgtdhbomgrjgqykywduriozrzzopsiglagjbifdmomeyjhexvytzqlwqwchcunpxfpas
1034,deiter walton,kedshzx@hvgms.com,7807 0464 4307 5859,redmond,ca,1720002507083,jcbfcdqtowlyxwvmdrsmrbjswgnglowughopqtbnzkhzdcdbzujwovzjkndsejzlotegekbpvhwszcbyndawfqoukwhbcgelwebrzcrrhblzunpvyvsxhpeyefojorhtdsxul
1035,paul shultz,itvaotc@kxsdo.com,5798 9404 3901 1995,seattle,or,1720002507083,utboiadhlikiwvqsiombootqkqoefwhkmhwmtoccawvttjdwjogogpumhrxrhymxibrdksfjjjeinuyehftagoxxnpduvptuzyshxrrqfuxjpzpuyjupvovbotqydgopgvkxdzhwtnm
1036,luke shultz,wnmgcpr@ciljh.com,3862 2075 7212 3845,san francisco,id,1720002507083,hkfoskaiuxktxzhovvorigyxgemdsmgxecootwjvmfeyygljeetegmxxdloufxxtbcndbdakudkbqjycueaxqjpcvsdlifdgdbcreqhm
1037,peter smith,bfhusel@esywe.com,5021 8431 4278 4071,los angeles,or,1720002507083,xvwlfxvoergxmumcxfvhfmxvjlfhjqzsraadbkhfkpmavpryligjsolfzhosszfxuvdpzhpwamngeyemqqgkgmefrzzfdjfrajjreqjkgfzykdpdmswwxylqzlujxxplsctgintpbrhyinypyflseeokwtg
1038,saul noris,ueznutl@phcum.com,9378 4477 0823 1791,portland,wa,1720002507083,xqqtvzkgqsdvtbivthiuisqvbhujlfpkpzojqjretawjwwbduyxebqkcykdillxwbqrudcommupzzrxsizgwalhkvtkoiwubidjmwqwnklypgplulqezqclbibahtysynxxxteij
1039,john smith,wkgrcvq@qgsun.com,3883 0562 6242 6600,portland,wy,1720002507083,bzwhmrhsmgadamgmpvdsqmxdzlqkjctxdkwrgngjlehmnfupvdaldapvthcqfqvyvdkjefyfxpnwyhhhoodabqyphhnocgsmhwfqqtghngggzfansitxnwwmlvapswqyjnxkiyvrhk
1040,walter spencer,dfjmczl@zizxn.com,1236 5855 9560 2487,bend,wa,1720002507083,fxmzhjkrmojksqcxieustjtcmirfsydespzzvyueihopyhnivcoksmgemhwvfohcefxulodvjtvcljsrphdowicaggowhaepgsrlvvjayowslfuembqebrfdonceiferblfmxtlnhyxnlupwjlktphiokzrgs
1041,luke walton,fnhpozn@jzerw.com,8570 8931 6477 1508,redmond,ca,1720002507083,xvvxnsjyxdlyogqahcfcrbjwodtuzkpdwblcerkffqqrjgjivfifccotqpnwrskjryzngdbylrunrnkhbykzlgiuxpeaokaiteuxgfdaumhezowwbooerjqudnveujqvyikpyzarabkbjmcphcpjcdyjyefgfxynv
1042,deiter jones,dyacwdh@ivxja.com,4984 8267 1192 4337,portland,ca,1720002507083,jfurfxhaoaxpxqqhywpzqaavoqyvezqhenwbtwtruawjpwgedmjxlhaushugdxhscbwzgwrvrefjmuivikoyscgwiiwlmaukmkejpdmpqoovdkdfehmcdhdawfvldsurhclzloldlyanzpboddgvr
1043,john shultz,liqawzh@gobtu.com,4415 1426 5358 1142,kent,wy,1720002507083,ysrdbobwrytxqguliopjbwwcvvvargrkblewvcrgucfnnzlcdcqsoepdmefnlpuruqviqnshcwuhqdmmobzogmpufmbgvjobbfwfuyruvghydatbsvzxowmczogjjwzwfzobqplpwgslnkcknqdipzuhdqmdnheffeaxj
1044,deiter walton,eljgupx@jvbpw.com,4695 5269 4491 9869,bend,or,1720002507083,pbbjruphnrclhnubfwspjahfordxrenlrbsdlpgvrpzfwtayhemorteszvxrsuvwsqewddowmcfbuipvjuzbydqrmtenewuuubpewvxmlyoefnigtplrmkndozzvlzyccpa
1045,deiter abrams,fbaaned@exqrn.com,3175 0158 9970 9616,portland,wa,1720002507083,ekctqztrhhzfsielwvkqtpslxdreadxgptcwotauyiovnarsejlyhusecidootkxkmwjaxnudvtyewjnywkzeknismfimuxhyzgacfgifzzzaasfjeljspwmyjkfglewalvtiegmnfordiybbpxmtedolwe
1046,kate spencer,wazzoio@gmbct.com,7658 7445 9424 9616,phoenix,or,1720002507083,dlbvizzsolwcqrxbvfehwkbaenzcrbxzpiqynthvvetkwrlzjpkuzoiwuexomtjnqwgnllfhyqlajpdddcpowgbyctxxaijlzyqjrelaxifsscppd
1047,john jones,waxhyim@fybte.com,6559 3312 5385 2579,kent,wa,1720002507083,pfzrfwbswpaocraxanzwytptefqxvznttrldvxgbqwnwlxnninnvdezdyyatmgolsnntkmmjdkqgdiywvcgkvzdxehasgoluphxpzcywuwjqsjplygdptqnzwkissvrohyolzjcpygf
1048,walter spencer,llykrer@wvmhr.com,6493 6413 9055 8649,portland,wy,1720002507083,obtxsmwhiuqnivzyvpbcewbdntniiygibhzumqdvdyuhmznomninldvuenfuonylqkbllewzlwoswfkfxmestxfjjqwmfxspwejzosfvorgnjrgnneohrqytrwjchomqvnlgirbpyhzwnj
1049,walter white,jgqtxis@jfyxn.com,8841 6404 2668 6387,los angeles,wa,1720002507083,skbogawzoojefqvhirqcbmgydorpvklzgaejwfbsuvtfxcvssmilcambzamsdiexglkiuqpxunvdvsfpoyuvzoyerxqnqlaebbcmjyohylmmgvakfyo
1050,john smith,lovoobz@jxpyz.com,1482 6707 7141 3995,seattle,wa,1720002507083,xxsnvkiikdilvstltbnvssxojlxkxolecksxomhkwmrlkanayfjubxjvqkhmtrjpxbcbeuvjaakccxlepzlblpddvaiabenvxiglyjsyxilhtilvxlhsnvgaomxjeksgzrfs
1051,john shultz,wnkmsbm@ctnwp.com,5567 9182 7368 6198,phoenix,az,1720002507083,zrkinkzxfjwzpvumtvlmyjaxwobbyqtsdhbtsmgpqsvoxrqrvepxpegicmhhffnwvbnoittbqpgjprniktexozksqnlhsybrcpgsbibivpktdbjxzfghm
1052,walter shultz,agdrmmp@abymo.com,7937 6829 5859 5041,portland,or,1720002507083,ckxkkmtmcgthdhbryuoirettgqzjmuzmowinnqwlozzbhitogpfuisjqslktctybtablymaufrtwuvrjrggpmvvxlcwmyxhcctgsefifrpgwvytupyklo
1053,luke bartels,tsfffll@rwgpw.com,0760 7055 3638 0048,seattle,or,1720002507083,ueznepxfpcjwkjhzkmibtpalkiorrtcifctnuoqygpglxsnvmcjppagbnlcqcekhxhawbjjiqspcufbisbnvogesasddtgqjqhswrlnfvdwlazffylqfqyqoqpzlnmqwtfsbkgyx
1054,julie smith,wndyhdv@icxnv.com,3154 9377 1140 8461,bend,or,1720002507083,tfsnjefdoggqeepjqcyyxbjaddraxkqiljadwsectvkgslvysapxjimtgpxqyntksekegdjrjqqbafphhmtyvurvsdmqylsadkpzdjwyzjxbhsxladsuztypdeb
1055,paul bartels,ldofkcv@wkffr.com,4914 1439 8190 1251,seattle,id,1720002507083,lxhlhirgunoillprhpxnmuxcnuatgzsenayykzzvxbsbtewbdgzraskrppiixiyullwuzzpqybobrwyadnmillpcozzwvukyfimgfzkxcyasompoymrxwtbkdcijbqvmvjpnnlodmqlglkblgaw
1056,deiter noris,xklkcwv@hakdn.com,1944 2569 5860 5140,los angeles,wa,1720002507083,ptcdwinivousykjlypzmvsnbfjmbrgyqdaxnutlsuofyuizerauvlidvtkhoknouofhipjkhbjtdlkbwloigftwhzyzzbxucbxpzhwtvckygkmywyamqbpxaewhfqeklbgxlmsmlylg
1057,deiter abrams,uvtmofo@nuajb.com,2252 0963 2179 6277,los angeles,az,1720002507083,fmeljopwirxrgrmzrvdmtlppdaqdoyiikejzbamsvzeovtfwylhhnzatcbsknpxmjzkevqeezxjzaoxlxhwnweynbjdysxxeyjbbxwngxckpvwhlqkndxdxbphwirjicmxrighngoztjrmbne
1058,walter abrams,csaymja@ywkst.com,3767 6368 1333 5923,san francisco,id,1720002507083,kfcfitjuuoyejtxtvskxjixqdcydcvncawwaqobsbpevbpiarihdawzxnxdqchdjhdnranybrftzfbfirxejarlpvlzihtbszxsemnreetwmvifkjpstkxanzpauscdawwki
1059,kate jones,vqfygfr@rdkhe.com,3339 1291 5448 4415,bend,wy,1720002507083,ywdmkbmbpqtxgqolplqlzrihgmzwlpnqxrtkbtwtskswanelimtxfkxkjndipgitoxmqqqqjhbdwswvvjgavgpawersulqbwkrznrhpyqaochfyajehgztqclsgzoyxftxsfofibfqrquuivopmemkeckneovcxdhi
1060,sarah jones,qgxzpbs@gcksf.com,0863 0887 6560 5563,cheyenne,wy,1720002507083,fxdljeunhxsmifwoajdeuqhmbnxdfoygiuwxtpiqbhmvzdmhfbvxertbvurqksdklbseaxzmsjdizjotihrjvqppufepoakdymkdxidzzhnarhepuwbvibfotyikpvvjosjjdaiycruslxw
1061,kate abrams,tjqyjux@ogvng.com,2275 7927 2840 7440,bend,wa,1720002507083,bovarxyhxxdubgfozhdmyhnvsjlpkhdmmwldsqkglmzjmglcivkniiptfxklqsflfaqjvjxesiezkeklsssrtxmzepcptpocbseraohbffcshvnqaeiehkxdyskflxyzqztadgc
1062,deiter smith,albrcpe@houfd.com,5666 6114 9526 8044,seattle,ca,1720002507083,oojpijlbuzviniigpfecednjludktugyexppgdhsrkcftcmhybzkgiejpggagjovdlrzqbmquiwqldxcloagvddoqugkcvbndlkjjjipqhrqkwqabcyp
1063,kate abrams,fnxvdgy@kvvsw.com,6562 4307 8323 7659,san francisco,wa,1720002507083,jvbcyxvyashkoxeclnjvqifnpjoxfpjlswkmbwxurnkriydecwreudjlgmdwfloajstbgmrkdoagbyqgozlswnlmixbufyepfqbyvmcxlydcvqaiuxqqgdgvzybekkbvnzzaaetjamluccrmidsta
1064,paul shultz,ogwwghi@oovnk.com,3061 9010 3014 2911,portland,wa,1720002507083,nklpxhydwdcfnenuysjxrczgxfvliqbhflkrgnmbcgkieyuhynaxgsrrnhtecrjnervtixroozvigvbvgwnepinudacorxinbupvjrhfqnpdgfajkgfaoiqdqjwoqtfupcsrqnhytujuorgtmzcdqj
1065,julie shultz,ijcoytg@zytcw.com,0950 7714 2653 2626,san francisco,id,1720002507083,sjatedkpozgibhfdyvdindgaixuxdcvrtddfbuodulffseujurktmxrmuehjjmpwtzcjsswhkmdydsgithfalwftsycbvtrjiuyekbbebgbrtloozvcjaz
1066,walter bartels,tpgrbrf@obkzs.com,9243 0264 8032 6270,los angeles,id,1720002507083,oorejwncoyxwihdpswllgaujtugowffviyhkmmrjjqkfpwzpzqqdajczoxbbisenhdtqxiwtzivcwnmwqsjwulcdcxywzmpndloewas
1067,paul smith,zpuccbb@oflux.com,1808 8741 2079 3988,los angeles,wa,1720002507083,bqzovjcsmnzjcvtdaespewdkygvfuwvtpxviaurzewkoefbvlbmhzsykyedcslkondzzfolmhdrgdqkguqdklminyeijpestfdrdrxztcnnfrtlyhwyfetbinoykcnuofyztoleebgiigywqasvjejcrpxurraj
1068,julie bartels,rfojisp@fvcuv.com,7664 5837 3138 1326,portland,ca,1720002507083,haisimhkvvqqlkwvilwzqqnpsooxygrzqfbkynucohpmwpecfuphbnzqqkwylxnosmgtxntqzkoxghvzyxdfeywuliqxepzzlwgekxxmegh
1069,luke spencer,iheuzqy@tpqxi.com,9697 0284 8247 5164,boise,wa,1720002507083,clsftocrcthllctjxrqhonrqeowctflpvkvisobsdyjiccwozwshdvtawapymmnfelghzzbreblegkczkbfoxbvrzjxdmkfarbnufeadoedmtdyfzkifebglykanegfjbfagstmgcq
1070,luke white,opfwtxb@itlyt.com,7884 8267 3565 7498,redmond,wa,1720002507083,jafzqinghmlubzaauntjrzbrwjwjzqhbpdgyuyjwjwqkrslehhepnfxkkskzyambfxicbomclwsjjfwptciqhaoywiqkdgwvngjauetlbgnzhsgupgfma
1071,walter smith,dsiqwyi@hkrxb.com,7825 2580 5205 0667,portland,wa,1720002507083,eitwhcditaakzyqqangwmjwgjhmewfqrfevyuwflvfxvtvkbrtlhzpdiobtvmomttpkvlfmzcurcxshbghczpnafemzsqeuyfdhqgejhbonhbbjvyfdfkwhst
1072,john shultz,jzxssow@fqjey.com,4715 1746 0172 0271,boise,or,1720002507083,wvwphuheuwdflhmcxigsssqqnlndsmgzuaufzpwisvddvyxhkaitgkbvxuyktiztdrruzsggyuczspbnhgagjpglldfhjnholulhlewfgcwrrdmfcnszmqttfglljdvnqmxtpgjxmycf
1073,luke spencer,xdyvkis@fwxyv.com,2771 8438 8504 2007,seattle,wa,1720002507083,uorwevtwtczihbjhupayqcmxwlvmehosnvcyhkdluzswcqacejhtfqyhahidmsrngvbhvpgfednhxinyffqttshixkslarzphvicbwgieoovuuctmdjmtfjcmgoisyudyutsdbqa
1074,deiter smith,gbxjsgu@eyfre.com,4349 1482 0427 5548,boise,ca,1720002507083,ipisgnzxfjudovselsnchocaaobqykmcnhlhuxzfvywcylnxdeflykzghczkpvpgrnshwfponkcfmotwiczwsyhsqkbecvijrmmaejscuenugbefhavxndterycuntvhawglbcnhktxtrwuicotupmc
1075,kate abrams,rncglci@pbxws.com,2765 9213 4160 3802,portland,az,1720002507083,vllmnsdhvlrdustrrncfprtlfpdzugmghotifzbouzhzlavtktcvaajtpysgjenufiqgwtuigmrppjhygxcljfdbdwcselsbzjetwhfpbsfqjeqtnpbbybjlhodttnpnsvx
1076,saul white,wuopndx@nvned.com,2455 7823 0597 3211,kent,or,1720002507083,zdsqzjbzdnsykwvjnprkqrbdbntnujyegwchkzrodzbkhbclegxfeeukpxcexsacpcvhvyvivmqlywgsdwfbfbskqlpnwyuuhxptsplwxjzhxvhqnhkwqsqszepfgqkrzhf
1077,peter white,rexlfga@kczwz.com,5903 8102 8681 8057,los angeles,az,1720002507083,pfavokdghtntnxgfemwxholezpzcolevxdbollwztpaurnfqqjdadmpwobqliyrbkbqfbtshgxyxqdxffoahytijmisghmycmvuoxolailpewaatcpioqtoqshre
1078,luke smith,onufqom@zibvw.com,6456 1438 4835 7601,portland,az,1720002507083,cujyieitguwbzlohujfzsdsbxfwkyacznkylmuppywubtfxgkgiaoqiqzkpgjmgnowoudfwrdczmevibuqrddwhyxghovupgtnpkbfbaeorpetnoylwrvxpefuauyqi
1079,paul noris,yiysixt@zejla.com,8246 4746 2871 2480,san francisco,ca,1720002507083,ynkmqhxxlupptkpaiddpvqazissiyfnfgeqngdkngalfckuinvaxnysbgvssdcuspvxuvfmpplribybramvapsdbcnlfzswxrqjuderzjpnvwex
1080,julie spencer,zfsvwnf@idrmy.com,1933 7776 3993 3119,boise,az,1720002507083,injhopwkvjabjorqlqciqfewkmzyipxjwisoxblzezymsqcyswteqrfcaexdtqmepfasaqbdtabkaznvmkispeuitvfxibdpqdxwjvtaeerdwxwxutigkzrrciyziqjwvmmtwsonicdnewnifvgn
1081,julie jones,yxiylel@mgsmh.com,9633 9032 8353 9242,kent,or,1720002507083,xdiqbxpmsfgazrdtmqxmnrqaeslzylcwqjayeezmuruwpmzctxqtzqcuhadpmmujvdtnkyvtcvutufgxlopmrnfmiwivkczxffovrnmkbochrckgrjntwday
1082,paul smith,lkkzimx@gixil.com,4149 9813 5213 2764,seattle,wa,1720002507083,xvoxbmbchrhjxaelcieimdahvbpttkmmjluxgzdggteazmgbiemggaporclwdlbgbxqcgepewfkwsldxgabvhttmjbdyxerodyswgjgsmufgmrbeakwspokgjmfitcedfayrpqmbbmtfcruoxnzhhhmljfs
1083,paul bartels,twevaic@krpsg.com,4132 9243 5121 1928,redmond,or,1720002507083,ibaitidgbufimmnbjosjcxjwdblxdzhrfccqbutvgiwngxupetfcqgaubyuypjrrofeobzeukazoumvmzdaifihhzwrrthidacjvfpssaaslceidfocsgpkrfmzzztztgdenztyaalvfobsioyrflrr
1084,paul bartels,trjoslq@hbpjm.com,0217 0487 9003 1234,kent,wy,1720002507083,xwqzubkdlhrcsrpjjnmhbdczraqbjkcikqzxfppkllxuymssdzdlgiahylhpmqyxayatscrkqytfufuaaqjtbewgvgcavukaisrwzcnbwpjjvsidqawslbuvafkakxglxtqbtmdeypqlzvevgljd
1085,walter smith,fmqfmbw@feqjm.com,9846 4003 1745 2496,kent,id,1720002507083,igslvfhsmagqdyrjpjkavuzwelyooynjzsmrupfsgcgvpcovrnkuapfvttvbpjvhfimysxqgllddnebpnhtdrjwiujrcwxfwklokttawuqocsxctfybbakbwlrhqpdsfiitfqkmquejwjmcmlfplzwv
1086,sarah walton,mtzssku@eoifp.com,2233 4608 9205 9217,phoenix,ca,1720002507083,xcstpoqzbszjmialgjpsvrzbooinmtrpvzxdvdxvrblcpuriqnmhrwuaaqnkjxtavuwxppvtivvcuyleeqtsddpykqdnayoovmuthmgzoyphstwadvivkceqitncocatengtpipnifypou
1087,john bartels,jjclttl@rbmpi.com,9791 2487 8770 4374,boise,ca,1720002507083,rlxgczuvzlulbhauiymfvrubevxehqczqohldquphgxarbvdxltfsaipjwpfoxsgsjoojtkobeirerehkhtbuqjroanzisrsxcrozssopkycjpvarryvjytyzrmxnanqqchtqvvxzxyiulsvyyoypvm
1088,saul bartels,jsyrhbv@lanki.com,0019 3341 0538 6550,portland,or,1720002507083,srrrhcuibedszhtuynsfguyohaaykqpwfcpojphojiuwsyxbtqlevysohgrjuahxusnnnwgzuwimtbhschfxihclswmucfxdixssvprwuuedseurdljsjgnnknnrsxsyglccjhdqxhsoukpojaizzdnkksuzqz
1089,kate noris,bajjllr@dkrjo.com,8966 4988 7785 8699,kent,wa,1720002507083,noqnmklpiciszcewpmjrjcadjieguyduidbwehlksygsgrlspawqljqozgmvlmtourkqpmbewygidzhdrflhzaickmvmemoohnfjliwifpqvxrgr
1090,paul bartels,akfwnxs@zioup.com,8005 9242 0088 0661,portland,ca,1720002507083,saayhsmhtpbdzsjkequbvkfwzempodqzlzgniifnewepzajgyoobybmdizktkketsjlevusiulcqjhvhrqeadxzigrlarpwhepgzqhecqctjtr
1091,walter walton,oodpoar@tzfzk.com,3856 5004 2136 8282,redmond,id,1720002507083,pdfpsviwquhwvhxyxutvsmkbsmwptxjkxdgbdzdfkpympfkpoaqsmbjqvbzuheqlpfptehazvvgkngenzthddzbtjddcnqpfmolpnpnbvjnwjyzj
1092,john jones,ywsnybv@neahz.com,6685 3437 3965 7917,kent,az,1720002507083,ogjfampuisskryecslkenfmwuecrnruphrdtpddhragjcmeaqpdlehaabyzhkdhbchlrsaujyasvsfvhiounqdeiolqhxywcjregetmiwpnkdqwqrdkuya
1093,vicky spencer,nkagbrg@tkzqt.com,8952 6091 2397 4157,portland,or,1720002507083,nekgipgaqluvoozldfrctmevkjvwhtjrkwapdvuendwfhoxffquuwyqctksgnmxybpzrdntppemlmwkqjyzxyliitgqyssaxgvigmaaocpjjcrpberpzdutzsjjcphimiii
1094,peter walton,vhtetbu@jhpaj.com,5614 3159 9730 2835,portland,or,1720002507083,pgmkapbysicnvmttmpsjaljdskfmcjozkknvifcqmjsxxwaohnghowfcswkwlspdypqxrabssreefmblpeetuzmcshuxahfdevglpztjjhortxmyrgcoantwxamd
1095,deiter walton,lnuyaqs@yadqo.com,8263 0296 5464 6447,redmond,or,1720002507083,gqygdqtksbdpfwrmcouzpaxbajodipnfwmgsrtgtlbhxxsibkmsswrvqrwasqofflptfaceabojkvuhoyzdkenpuihhikssmddujiizayyllvbretgftuuapwydhjmzlt
1096,kate walton,juzikwq@ergrd.com,3806 3414 5516 7322,redmond,or,1720002507083,sftxenmzfnkbqtsdppgfxqirjzvyzowppanbxdjwzsprhjhjahisruzuzyykgdhlrxqdtfjgnjztugjnjwqbrrlvkvbolorizdpakkhjyowozfqvaarqdnltdhdrvgijfjuxcahsa
1097,vicky smith,traqzpq@ewdmb.com,2646 1229 6967 5990,phoenix,ca,1720002507083,fabcdodccpjzyeyzztwayupzueuatrubznrnjthdywwnqxhcvdtwrbxwmwmkttxsebwckpgevfilovrlxbyeuqyiqiqvrblbhwhydshvzlnwgreuyvfluuzvppnagqzw
1098,deiter bartels,esqwpri@rzjcj.com,5528 4946 2224 1203,kent,wa,1720002507083,uyptdzykknarrdpwtfebfgvbollhrxlgkraitzozbzulspbjkkraggsgvwdtqxyhrpdylpofpwnlndanzgniuqfxrarpfgqjsvbfucvwtsiatpdkojvsiahycitndvqcgokujeqjemxib
1099,deiter abrams,soeenek@juydx.com,3654 0453 8973 2932,los angeles,or,1720002507083,kmbqhxmsdjkitaiywhlxymznnjdmrxmxbqebbbkibyrwsinkzyhwkldurjfpjxqsmitlqefepwmavytatszgplrmrmaarnprsbaisnbsnzitneuhigtubjipglcqymtuhgczsmeyesioiyqmhbjbgaaicog
1100,julie shultz,xficmnj@mwjxi.com,4981 5723 7144 5362,boise,ca,1720002507084,zagwrehxgaljfqnrkkgfxthhukwgdonmgitpcgoobqffbjdacerveglflhfdguqnnomoxplenwbxlnjgxrokfnqxzieihmpruozehhwweqisvlftycbatonevsgaksjuwcbadnwlwgwkxxrptmtnhhhvjbndfa
1101,kate jones,alwmjle@cglem.com,0578 3165 0191 0628,seattle,id,1720002507084,eeidkfgmijxaggteyqtftjrjyqounckogcvkogmaxfwsusahllupeubjmuntswkhxkzxwxkcupparyqhmgamndzjwdkwqaqesrbaiavprrbvkgzxnp
1102,paul white,ujwcwdq@afjzb.com,6946 4581 0897 9174,kent,ca,1720002507084,lknqmakzgipvmqctklzoayzqgtqikpyrmwrwjzihxbxaeqjwulxokorvxiheiacpxwsaiybyafvwhufbsqzzqznfdhegavnfbdsxsnrpopynlqkrbilezekgsbrfjitt
1103,saul noris,rczjnpe@orlpc.com,6080 4370 3696 1191,redmond,wy,1720002507084,xlfiozwwecjyguudsjptzjjcuyqfemegmggqrlhdnwfmgyueupfrtabdefseawvrpdhxzrhxkrfrqojajwvlxmgovytymgjvlualsclsqktvggshjufloeqltsewiikzwnbjnqatnuocsbbsycbdo
1104,walter white,rxsmikd@itjdu.com,2599 5390 1382 7934,san francisco,wy,1720002507084,yfafecjdycdepwaobrhxvevfjzqhwmsdeuveizmqprwrmkmvsadxdbgkvlwvtxeagigzawofrvbpefeetixxinbyjvxfhamwjmryywput
1105,john shultz,mdddcgv@qboys.com,1892 4494 2730 9794,boise,id,1720002507084,zuthpuznifgbkrviqjpkpcbutlzzvhnfadzusqedkodccedbxceakpohgxtgmkowcizrahfdiydjyjnxltvimocwskgktkqnxqedrjrkuobjvgrzcpirxttybufgaxinwejxzshmo
1106,saul shultz,fwdsejr@deyix.com,4274 6759 3885 2018,seattle,ca,1720002507084,zahramegkzsrzbnqkmhxdkzuknhbiashzigsgjqyhdkloxsbbjvlmapyvadukmtdpvdcrfgnxkzxonsjvqyljltaqkjycfkgyrybchrukkqjsjx
1107,julie smith,ukqvekf@pbpqs.com,3835 7142 8387 7550,bend,wa,1720002507084,rfllivvcjcekdribwpranzpeonkwrdvyacmfisehfhezqdulcqpnwtfyhhfvhhxczgubobzoghxwqucnophthldfbkrjnsedjastnyhtybjzyyihhwlugwqqcqzfooqmzfpzeqmfvjlttzxkokvdfeniqrqcbvljcjr
1108,paul spencer,mpuazhb@recpy.com,5756 7320 3306 4842,seattle,or,1720002507084,jsvbmxcxasndmvigmsgedsayzgcvcvgjwgcnihvtgavtoxhyddawdsayzokpwebkipeptggddvhhildwxzxabwoxvvftlqjzeosvygxwpvqicmwoxgjjotkndeqfbgpehrj
1109,luke spencer,ndexhbl@ftkft.com,9510 4817 5133 7446,cheyenne,or,1720002507084,zszychgebvsaqvyjztboaqqsdnlesnfntvymgfihnjmtgczzycmmjzagtavadrenswzeciptagaognvcimzjxdbqyenicheldkkbyukagqpqjedtkfatgdyzjzeqxqkopswbcyopxadorjisrb
1110,peter white,ufienpz@vefho.com,3025 8605 5703 0064,san francisco,id,1720002507084,hzuwyisjljrikzkxafrpwecuszxczowusepsjntqpmxoyhvsixkrzshcjbictkvehqclkttoqxyqmdgosljcfddxsrjrujcvzbniiweikyozdozsjfeqxhdjaipgjmmkllfh
1111,saul walton,hnpwawz@bspzu.com,5787 8192 3802 8266,redmond,or,1720002507084,xygmgyxallkkloyecnilgzyuigypyaawmqymjmfwxkjaxaiqdkuwwphnrslbpqbhjoydefianzhwolaguwwmldoaqagpuuzllhfsjgvnijqcyshryihkcrwtdoxdrvngqrngmblav
1112,peter walton,srylzml@comcj.com,5749 8873 1855 5330,portland,ca,1720002507084,kejmqcmbwcavurvdpunuvxcklowfskwqftkikiwqisnwbwshgansxjnpapnzfhwehshidayowcjjsbgbrgcunmprgilhtxsnnjurulbjjgogllfygxbvfboqnqutax
1113,walter shultz,qrcopbm@ulgba.com,1902 4276 3999 8247,cheyenne,wy,1720002507084,pcdipshxsmugedrripzazcdcxmamerzgeufsdzvmhotnebofvhytbijxbdudrekjcmskceqhqtmnvmwswasvsdkljriwuadnpihrqxtjnkinfkxraklpbnljfna
1114,vicky bartels,dttwzfz@kmosr.com,4080 5949 5440 1123,boise,wy,1720002507084,xodtpnhdjwmujbsbabjasjwwggmuejoeisvaqgfaajdpfoyqlkhwncofmaygkseoknedzyeovlyqyhdslfgtcpqnuddyqsafcdluthlnlfssrlxcxuixxmxvrtwciwtezgjmedmvgeg
1115,luke white,evzeafo@cskmo.com,7795 2928 4429 4632,cheyenne,or,1720002507084,wbyorhojdinifuespzvclgrokuwqmdxjoaxyaiwwgpjnfvtpoqaxtmspozedtizzidkkmmfhtoluhdwqcjumdtqfwlkhqqwmcofetfkztrtrvtstxsegry
1116,deiter white,hbzysue@yqrmu.com,9394 8397 2558 3341,phoenix,wa,1720002507084,qljvsjdeatvtsmzstnrqfhxxcpfedvpnubsejxeiacorrlocjdrzfxzxwzzzhnhrmavkxrqvtlcwrrkpqeayyivhxhdkvxywptthjuhtelgxtqtedeyqtozpudratuzxeqvjeovlkznrbaibyfcpghzmhj
1117,saul walton,wwcmoaw@mrmho.com,8386 5417 3230 5424,redmond,ca,1720002507084,uvwygydnfcaqirhbiedesopkfdswufwbijmsglvaotnzpfdwmplynbpvqftvtytjcrkxdyvnactfdcambycfqlndbqcpmofezaxwjckzmrwvqthksngeuasmqzrflzwfjvkc
1118,vicky white,rlqjowj@rhycy.com,1434 8636 8164 5686,portland,ca,1720002507084,kxvuurerjfxttpmfucduqbktkdpyhoxbqrrmypwbmhcubfwhlcxkikeqlygzndjbqqfpfecurjeohemclhgmjzuuzfpkbeuvwvwnnefoqhqtfnjkuohhouhgqzuibhnhwyeyqdvmlsisjkuczqxteybuartrz
1119,john abrams,cbxhrkn@nojcv.com,4350 4496 8000 1002,portland,id,1720002507084,hzbpcwjvuxcekxoqaixsakkuwjqmjicfctcdbtgtfccbatdpaahqqkyoiauoiotofqvkttivoqwprlqfixzunkprbordjxwwdmdmhlwfiiiqbxdephbxid
1120,kate bartels,lwkzgkf@xctlm.com,1091 0375 5735 6325,seattle,wy,1720002507084,xjcaffxavujukzpjstyvqyqaugtmmhmrmqrudsfbbdovtqdtkfckeenkixdagcqcivqdhxwgmwjsyupvlvnlexngkktkefkaurwczrtodziyewvxsemoxtmcmiwjgxg
1121,kate noris,pbssaai@rdhez.com,3118 6397 2998 1874,los angeles,wy,1720002507084,pprcgemlhxbdvsbumpjrgqqnhkxfwbjvijvcxmcarawftgxowrzuuwwondutjhqnghhtigojogndgqcnuqoqitirpbaafcrrmwutcympstglepcfoiyqryhjxdlqmtjexbdtztberhgxqneyvlwfzjwha
1122,luke jones,xddtlpb@seawm.com,5651 1692 6638 5656,portland,wy,1720002507084,zdkysqjpegsuotrahlkxollhasroznnmluskbujhigvpmeymkntbabgjtaaxbuyozqludirrmmiwtjxcdbwwtbbhzlvgftneyxfhdeuvuyefeplsq
1123,sarah spencer,tdiaepo@bsnds.com,9665 4184 0417 7993,portland,wa,1720002507084,fxmsfdmjmufykmalpniggakaqhlonwnlusvpaghwcpozrcfpqemilikibbscccvigkitdeyswqgfvopopxbqagqznefdajzyyqpcmthhdohmdynabzsogsqrow
1124,paul abrams,wcfcuzh@muacc.com,8658 4854 5948 5626,phoenix,ca,1720002507084,bqqdlfkarszjljjreowykzehaknsspubeppqygdpmenxyfdqcrpmbrlkvnpqigbjksrpswhosaidhgkfgrrquayptxqfaavbchwjezlwyhastgvspdzdslqnkeivbstvaqgx
1125,deiter noris,cbnvxto@hcihe.com,8272 7053 6136 0204,san francisco,id,1720002507084,xwjbqvrqyvtqwxrthlzaljkexkgajxirpfzhilrglplzvolsubslaefjfabijurrwdgkiwxrdehqqsfzpzdygynrsmerfstttoiabpvfyfswxcanfloooeyazxadybtnpbtmbsodokc
1126,kate noris,xhidjeq@cqtha.com,9458 0926 6189 6583,redmond,wy,1720002507084,ttgtfovzufpxrusijajekcuututwlphtigzfgmgdmnlymzvzggnnupirkhdventycrqfjsvvpskaajhvqkogpkmvukwztvlcpmlnsgqswqibthuhxipfobyhecuqnatqjgkibdukixupakutiqtuuvvephkylkrpi
1127,paul smith,alwahzz@tecsm.com,9158 2896 3714 8609,cheyenne,id,1720002507084,nyeprwjrqkqbtbdkbjlezvtdghgsvkkiuwvxyynttfulmismrkoazmzxmktfzrrdoyywrmcuiswlskmkldwmhfrwohchaejankiqijcvhhtkaueqblvwfmrefovqvynsgoopngrpohbxyizugy
1128,paul bartels,xbzmzrc@ljmes.com,7493 3641 0208 8725,portland,wa,1720002507084,kgzlmzeuksyofzijpmutssjktbmiklqjosndrtdopsmyhylrvtqerzuvfhbkmaurmjgwpwehafjtgqcdukidfgtbadhdicxutymxfbkraxfkxfkndaesfitfgdvgu
1129,vicky bartels,kddcbsw@mrozh.com,0918 0011 8447 4017,san francisco,id,1720002507084,rfwkvaedeaspfmxuwouymdddjlnpmyozcapkibfkdirfpyzwtrmddfvrxtepfviptapepzlcnjqwfmwafwfrkayzkvgclbdjzmojpnfzfbwlwidpsqsklevofpnm
1130,john walton,kguxqfp@cenqb.com,8323 8522 8842 8619,los angeles,wy,1720002507084,yqkibfiqngudhltkggjdishxshvcjticqmpucmubvwdweiyblbjvuwyspbmrcmnwkzrwgvuxwcflsoecxyfauresqwwlcttzfozonspeliuruvhshdeyuwnrrotbcpjxblfssegdlacvkc
1131,paul spencer,gwtnkcl@fowin.com,2565 4396 2890 9559,seattle,or,1720002507084,ydlqgnsvkedhwxfpsmmkhfsflvvvkcbarehelsgxcfwtkiclguyltseftpruhjqbeyzfyryidwweoltdxptizognottrlltcomaoiqilupzghyebtaqrbectbtccaxy
1132,john smith,fcxvpph@pcmxu.com,9832 3190 6192 1375,san francisco,wy,1720002507084,tvgkhdecywvrwdteqzfyvvmwddoqrwpcbucoibxiqurupklmoagwyddbgcwsyquojditztxggbwbegyhodrjgrkjhptiayqrtjixmfqscbbum
1133,walter white,cgqpmnt@tejqp.com,3070 7397 8359 1120,redmond,ca,1720002507084,lsixlqpqspvkaftpgjdupufabbvshirmyuvmghftdkzmwwizcidborlfiukedbnwgeryfvuzgcxhwjukxzdkimypoegjowdgqcegimwubqzpnhxugbwj
1134,julie spencer,rbersnw@rkofq.com,9882 6092 6392 3105,phoenix,id,1720002507084,cazzwxtpmrkwmyccoqxiqvqcwqjzkccbwwglvjvhjnckqugenkgyfskygbexbccuakjbgqvfwobvomzlvnrihqpikkowwjichfwpemvscqvstzasdtohhztacjiczfjslerqibuslykkxunbdrjhdxfq
1135,john abrams,wptfmbu@aqewf.com,1776 5024 1655 9127,san francisco,az,1720002507084,enkuasbgpcgtgkowhwvdfxxdmhlbotwvlnnprpzkccwwkfugqckqckigcieyvjhnpsabcyliwwkgvypspppctcbbrmkupcxypmedfanidbflqjsltsyeju
1136,walter white,nwhkuop@zwrvn.com,2481 6755 5721 9016,bend,id,1720002507084,xaaoerejecqnyhnwyyejgppafhgyxgcxowqkpeosyonddlmejvzgnsmzhinbrwdrvttgyldxixscwynqlhdzpirqhafazswttlqkjyupmkofdbinoreullfcahijgvvmjmelnfiocfkohnbflhejnqmmj
1137,vicky smith,zpnbyni@szpah.com,0011 1143 2190 8946,phoenix,wa,1720002507084,ykwlearndcgpkfbolnuapzaaqkiwcjvxjyfjkuvjqqdayusnbwacxebahwjsicviujypdiyyfajqvsgxlhnlpocitvxfcjfqcxkmckzdulerfqjyopzoxqzxgffhp
1138,deiter jones,mjeukjl@tcuea.com,3930 6215 1745 2421,portland,ca,1720002507084,dvgrskdqglqknupiwoeuugqglxszokbdjdxsewcmjdxtyrdwwrdfkprnxmykxjqitymflvhjqjgmpcfivvbwzjviquoclzggmzwnrgkpdjqnzw
1139,deiter bartels,lfokems@mhtgy.com,7345 9286 2736 3735,boise,wy,1720002507084,ypqdbrfrtojwdehhgnqpvcuvkrdzrhkpjbcgcgnbujdbyoyorfclgfruwwdbwhcziylztxcsrcdymawkhzoywrckfvuvcwwlsjfbfbdzkosdwqwffxoybbxamflgwuklfkrtb
1140,luke abrams,mypxtth@fsass.com,7727 7900 5605 7000,cheyenne,wa,1720002507084,ygebqcxtzeaanakkjvqiaxuktjhaiydrrbjuxcollyobdedvmbqbodscvbbuutytxdwczsloptniqfqbpwbpmyaodmlyfrxdrlslgziafdkgsmpipppajzhgggedejolnzhqooiuxiemzmc
1141,paul jones,kmgwhge@yryby.com,0323 7944 5004 6508,portland,wy,1720002507084,vbxctukrqavfplluvruqtdpgikywusyjrqmbdwhjgmpqlenizazpzqtvvgwzjbzuilxtevcskcbbyubrqsgahiulhhsqdordscyjathmszampitrqngqkes
1142,julie walton,xegwkkg@mknkn.com,7889 5567 3469 7300,phoenix,wy,1720002507084,crnyajjzawozqplxuyimdalsvurcfnqjoziyrubapglatkkmwgaksqftgkymanwjfzqqmnssiuutdkmajvonhrhjepajipnuutxxafpttgpgyobxpkxlvprjsydgssrjrawmcjburjqolvlkdwysfnusi
1143,john shultz,tlabztf@aglwm.com,9377 6270 4458 8705,kent,wa,1720002507084,obymkdamcvypjlueashozuyvrqllcnsqgqdhaqxhqjrkkahlgqdduqiuwxzvivpjjrjuurdypnodlrimpklegjmziioxwdptqsrjchikdghlfsumirapau
1144,walter noris,frzlrgw@myifj.com,1549 7185 6268 9790,cheyenne,wy,1720002507084,rqrctgdfxzxmeuyjpdzveixtaqwqqlwgppdvbmkwssnvxfyzytlrqlqcxplbffciqgcfwnfvkssxhxwkmkoqddgudqquwowmtlcwpjmgokqmgzlacmuwpqrnfpfxhygyrvhldltnzwosc
1145,luke walton,neglezm@qfrqk.com,0549 3075 6247 6250,seattle,wa,1720002507084,efhvbyfuesqhaycnncrvzdewxmxcsshguntusembjryqmzmsamfjrfankvhkvfkaygykwswwfnsyadwpdupivwgozinecqloteezqgloqsgikydrkuumthvoqatkrlsgbngswlchkwru
1146,peter bartels,omrnkkj@qqbvs.com,1099 5195 6275 8781,cheyenne,id,1720002507084,jbqovcfqnvbgrbsfovwtsweyborhoebqjvmvzkjqihezkahvbzvxwdbaqplmmicliwccahhzudidhlfcvdcxylkspxhqjjcoaylrjnfcgfkesmncjpan
1147,walter white,ibnmoca@zxsvs.com,3055 9526 5950 3186,redmond,ca,1720002507084,wrhclxvrpasxxcqimezcirnvjdzycxnmomusawokumhoyfjeeseqgtekxyjpoczroyftvsuvrnpuvcjnqpwsywgutkhstvtjuochkgtnsvwjarquybyyvwtmkaouweyuoyced
1148,walter abrams,vafygza@liork.com,3592 9768 4443 3561,boise,or,1720002507084,yeptueoblghafxoswujihplfbsddtvifeblpjlyuapcecghtlqtdquvdzwcwkwfpmieahbsdxjrfxujnjvgahelfajrrerxvaibkswanbgxnlpxwfralzzgcxovmxulshzxnbcldip
1149,luke white,ieadsas@oucly.com,9636 8995 6967 3034,kent,az,1720002507084,rzdpqqtxwyevrjbjelqecvsitdipmgacgtljggokwujzgqeqmpijvuykvssmkuntnifwgbivkvqomtjjhqaivmoaapghkembwepxvtjorsalvbdycrzh
1150,deiter shultz,knzhour@zwyei.com,0514 9424 4543 4539,los angeles,or,1720002507084,mfcexaqgfrpfphcgajvqprelyyundptzxcicurusgplvoohmwlpjilxyfwbgpdzifjwmvnrkgyzgznvfrppvolhluadbqpqzfpwakzpvkgxsyfltfnmheqtzxgglndwloirhnipzxfvuikblfvnenancol
1151,luke noris,xfhexnk@bomny.com,7602 2078 3129 9699,los angeles,az,1720002507084,tbszyvrsfhrozttzixkzfwdaakdiknjuheecfaciwafngjighlzlcuvxduuzvyubyvpcebzmwqnjxcuufieukhbojyxpdbhnabbjbvcttblzrwyqybeswymexvxjepwdcwabffedcldbomdrhaqcrnat
1152,saul walton,jbyaoxa@weumj.com,3963 5955 3826 2313,los angeles,or,1720002507084,xxfvsnjspzrtssjnnjozhvngbecmnzqacqpofrkpqmjqaxzkkmonqyknrrcfidbdtwqervoqonoftepqwhvzfreszlxgiatwzchnewncjrnavuqsrfitcnxgypkglezvejmykrvttreevmytwakbivmgfbzsq
1153,deiter abrams,puipboh@pejum.com,7488 2135 1901 9471,seattle,az,1720002507084,daeynlvjvjkzptwxodyuuyqswxljstlaboeqtajtgdgxyfylmlbuwaholbcuctfgabidjgzjucgnoowrsizyscxreoznglabxxgyrrzeiikmbzeojdjtojldjyenmfverpw
1154,deiter abrams,gbioiky@vknxy.com,0854 3307 1906 2112,bend,or,1720002507084,kxvtxtlmdsljpggjatwxynaqxmcvzbjqayglmcuyyarlghkdeplmyodljozypjwnguwnhgprryaahtscnvlbuvjerljmdvyhzmgcaxvanrfksifjjcaidywygvzuvmujistveswlggwvolprogpo
1155,paul bartels,dhhhvqu@dxome.com,5387 2837 5666 8626,seattle,az,1720002507084,drlkxhigziweoypuxjhkpqcmjucksgmarkxzmmlidfkgpysmkfjeraufzotipnfnkvxczjsmpweujusxxvvknkazbhrzssbktrxbutlshbpfnyuxhyxhgomcjohfmshwyundyksh
1156,walter bartels,gqbzwbp@ptkcd.com,5154 2728 8942 8338,seattle,wa,1720002507084,qcfzogpebzsnnxidsebfagypfqbiklybffcoyuvsgzevxxvhpzyvxzfteprhphurpubtfgdjdsonumqmaxntahwnrexkeojlcwotuvygkjl
1157,kate white,inezttd@qebkl.com,2972 5318 9588 8487,san francisco,id,1720002507084,ykievxirluykeoobkislrzzhxabawtzmlvbllpemgljznrbavphxtltcxveghbztqkmkhgsofjedujaqoxftgixjbquttfzqrsfsicqdjuwaeqvigrtpzvspinnfjhpbytpjbuetwcpheqw
1158,vicky walton,xedlnpk@qptze.com,7083 9149 8031 9198,kent,id,1720002507084,bgsbyiklppadhblxwoxaphgrsenhuwihedndhqqpkuerydewoontdvfnfefhzyartlhwttoskbzxpqrytixvhfvrhvwziqxshojrfyptpzoiuxovyybdtvsbtlyxlyptve
1159,saul jones,pxdyapc@nkxaw.com,9266 0202 7131 5034,los angeles,az,1720002507084,noylqeafnewxbmfukvzfhognccjpmshkprtpbnlotzesqexpifmvkdcyjactegnxsrwfdirotydeprnwupiowahbyzmahqibmrqsezweivnmixgcovcqbhmvunruechjrqiyietxfsyoeattpcwpwgiks
1160,deiter shultz,rwcpgjv@gnlgx.com,3114 2906 4712 1602,seattle,az,1720002507084,ojdcaqrzricrpfumliqitipazwypfeyzcobqhmnsmjuxivqceddtuganrweyvekozdnmqesbpedqemjzwmjsorgfyzazemstqvlcqolizqilwvaiymgrfvywcohmaaxmflobmlerehlmp
1161,vicky shultz,tdrqauq@updvy.com,6864 5381 2635 4963,boise,wy,1720002507084,vmuwpsomzhrqrxijivsrgocbmgvkvixvauurzpmveqvzuktlusejfqaunfqjpryidorpzrbubfolqzxzutgysicoaqialcjrsrnbyeefbbllgprvdnnftkr
1162,walter white,fsneegu@nytdo.com,0854 2567 5179 7049,redmond,wy,1720002507084,ctdhcjpdglhfaglasrmwnwsuhopyrfcualwgjepkaobcqyerdmefjgvzxnpwhajbjetoxfoibocymkvgrwmtitlpyxgpdoobhenhztngigsgghsbxprzvyfehrnjrzgyguossttkzxdepayaikyblml
1163,kate jones,qobbdgb@wnoqj.com,8899 3269 8004 7752,redmond,wa,1720002507084,oleaytkvtpojrhsvgezvgxuvlqiutvkgfziwttskgsknmgnvnkfklprmxwhhrophhgxlkbranmnmkqhrtykunwowolrkvlbbgtgljltthvguqpncypywpdjqvddlzajmvrcacwkfzghcsgbsvalowgudqozsqsswgz
1164,luke abrams,viicscc@maaot.com,1935 5881 7056 8921,san francisco,wa,1720002507084,oywucqepxrwjtqzbjqiszzcabxususuirwgtjqfwybvqmrtdhtjgbojvlqzqdebxzdianewvlkcrijlrbiuxiqqzcceoisuwyzloohgalornpulryrsytapelaewgyhmiloerplszcoyzitxg
1165,deiter white,jrhxutc@qijxa.com,3908 4616 1209 1944,kent,id,1720002507084,lnmghmgpaxhqordurenawydzsydrptrvkuzfddavvnuccldrynvmmlljejcgwnzqfxhsrlfmfzcbzlpsquvfesugxvfocactjydnwtvbqkuslcoiwqftblmw
1166,john noris,bvugmma@xyvij.com,2111 8311 5441 3479,seattle,wa,1720002507084,tbtronltrfmihfgiinhnqvwjsznasbgpnnxnvmuurmjlwighrhcsnvvshydbgxwfteqzrwtqlpzdzukuzqbgtsqtgovhgtugcotiikiakjcqwbgglbwxzywvxkyxfpxmkpsn
1167,walter spencer,oywpphj@uuurx.com,7718 8651 5759 9712,cheyenne,or,1720002507084,jxzslecipfzhnloolmeqntxizgdrgsgrmeefbutvqdzfkptsyahehvcqmabonwbzlnfwgghpdyrvrxlukwhvsxtbhccxsfgvujkinkyzoqedbawgiorybgynaatxxjb
1168,paul walton,zcvpoov@zabao.com,3075 7565 2805 0109,bend,id,1720002507084,biovnlnexqdaueaejiednllsuhhjgmumpjnyeydbulrjbjnextytpudqmkrhstvqcvmhgrevsznepglyuuopspwwgfnxachwztseiyjpzfoaaplqhmcdlauuclehblcyyrjyirypmigenyzdunsdnx
1169,john walton,daasgbc@zcedg.com,3940 4001 5616 1208,cheyenne,or,1720002507084,uhlfidykwmbjpktczctoujcwvumyyaulblipdxcnpdfkmkivxabtemqptipxbeyperykkcdaotyooqitwolmfovgophdodslezpnhpfiqesmwglirnvglr
1170,sarah spencer,xhqgxmh@boqvv.com,5020 7003 4846 4669,redmond,id,1720002507084,wuskutmljgldvfkncnfynonurfzmjdxqfxqurgunaumuofoqhpgtunsrxirkforkbdwszenoewkvcjamqcdkyprmrxzbfmekpjrhnxfcrhcnlsvqviiaeccrvrpiymowmtnr
1171,john jones,hfhxbxj@bleid.com,0490 2908 2282 8668,bend,wy,1720002507084,fmmbakddfrpdruqczxgxojejnqgqclzqfzbzpykekcorsjzsnmoxiikbyqmkkcggafpcqvpchpjacampxxqknugwutunsnuzevlubgzuweytmkjfgyygbxgjhwwzeeljwrlnfjlpvm
1172,saul noris,cnwchzf@vfdwg.com,2812 3983 6389 6899,redmond,or,1720002507084,rlaugxwynqlrplaouznykzazeuvwaqmsbrrbzuybgcjgwcztkykznhincuaqevmgdzlwqklgkhslvnbvmogpbovuznenpsouwhyarrsebvmmdurdizbrcalsjaiywfodcpjlwrkzbqulgscwgiiffqxiurkcuph
1173,sarah bartels,ocmloap@idjxt.com,2544 6956 0521 2279,seattle,or,1720002507084,gichpwvtswalenadmrjnjaorqsuwbyppipmtsvnewixbitsutwamvbngbvcpmmwqmmobtspracvrhfiprkmyowrzxtxptzaxlaboixgrzvospsswpfemzyifwycgiesokmkvpuywx
1174,luke jones,kttwsef@apnrh.com,5882 0038 9769 7883,cheyenne,ca,1720002507084,eksehslunhgyyktvemceakmzzwflchkztgsctdocmediphnmdazwjwobukaqkaqcfidarttikamgfqldescplcksyivleowhsfyvaprdzqkxybhrgwwqerqsorrithjvdjuqalgdbvaqmgdgwfmnrbzpnfckowsmy
1175,walter shultz,wanrhhg@sukdy.com,3724 9235 3855 3215,phoenix,or,1720002507084,bezudkkfrcrjsyksyjqobtlfhzvnckuttmaqlkleukbspixeonfcqlergmvqkjpimblngezykzzssbzrsqgirqnzfwrqeqhfoifyccyense
1176,kate walton,najntfp@bzdml.com,0861 7931 7160 4503,portland,id,1720002507084,jritpyhtazvkipgflnbfpxosnhyrrvijiwhmvsexxudnkondgpvouxlngtouwglmvdatkcaooavlwghcdiyckritvmszavlbfpuodfssizyinhpyzfmazznxtmxfubbgnodrmrhstkmzpryzbwxdtdhic
1177,deiter noris,oeyloqs@dxxul.com,7032 0904 6650 7452,redmond,az,1720002507084,shueorzeglocghojcfllmmhxqmgiabynxdmkusecvlskhnkrojvqszsrljlhozcylwyqggbktpupvlaqdxhlurelgpmptjhucrtimdgzzmnnifkpbdlewsvyrjstwyvdyzqqeughnlzezxdjsvpiqakhenzel
1178,deiter abrams,nwympfd@sugzj.com,7751 9376 3864 9282,los angeles,wa,1720002507084,rzakvdbwgrqzwtinouzzbvwjvujwqgsdltvzbydhpdbjpscojdmdgedtnrrcyoxlrisniitjovjkkngkwvrdwjswbobsnsgmytmhqvutftufnqqdzzrph
1179,john bartels,rijmcsw@mzetu.com,6538 1319 0562 9679,san francisco,wy,1720002507084,ninmszxcgipnejtkhvehuagkyqjcjztdskjetmqapsriygprvdflhqvmzujpuwwpadovcpctgbvlmthnubceiedwwibkghzgdalwmholhaislegyrwfmrwmzuwvivlgxsnzsriziveg
1180,saul white,gqwoevc@kcqzd.com,7138 0978 1778 3055,portland,wa,1720002507084,wbqohcuylwdmqdromaisipakegkcottytuypjfaqylnjzuahrmqmdlavnobzkaypadbnpontymhvauggkjgcnmnsetvftgybfysfzcwetvbxyhrlvelghelgoriwilsbrhqzuhvbouscvnumnolvehifptnajyrygc
1181,julie shultz,dggxywy@njsce.com,5387 4720 3611 0765,redmond,wy,1720002507084,dddtlcmjfbatzxzrodskplgcygsgifbpdvywiknxwceghmzxjlxvabywgwkilpdmdivqsoogvzdgzlxplsbsklzztgchnoorjuzbksghdcmpqrbixxofrpipsfyizqzg
1182,luke noris,crpijgb@cqvrp.com,7484 6114 0722 1373,los angeles,wy,1720002507084,mcgoapgjajxqycmjobulugwnwrzdjkmbrfqxswclwyaswzudcfusqlhmvdkduouoahexxxcxlzxocfphokodyumbbvsmnfpmoznzetjxmkbkgkak
1183,luke smith,iforkzy@cvtgw.com,5156 7465 5006 7777,redmond,or,1720002507084,klfmkgmxfbrwhytuadrmxdvqqlpenozqalrznigrcmceicdyexpepwxxwfgxzcmfmmmvgztuzyvglsiwifwbzwyhmuymcmtvzkfwpebpxckloeyeurtxbezpjmwgdeskyjnvomdgzxahoc
1184,sarah shultz,aibhvpg@rqrad.com,4008 0056 8435 1550,kent,wy,1720002507084,lweolyrquhquehsbdxfezfygtmptxqxryoeybicsjippyprduuyknsoznkgabwuwkvrituzltvvixfawhofmkqpspesjqbrfjmrtxcntlvxrxaibfwzctnekqrjdqduuqtpeyyiytatjpyxdwwxty
1185,kate shultz,jdgcbhx@erqds.com,6175 7894 6306 2690,bend,ca,1720002507084,uoolkxvdivwurocjtffaoxrthkmengbzihgvbdvlntthyvdipjxnryxssxsrxvnwdfkfhjjclpyhtecikzjsunmeepdtxntmwrvcijbggkpeecoljkrfh
1186,deiter spencer,smcmrpo@rjblf.com,5932 3297 8930 3448,redmond,wa,1720002507084,cravslfummulslbdxdfncdcsgfnptgxqsrxnylylnazzsvyzvnqcipgdmaufcuihwjfzsrjebxbwqfktvfolnzljxjhygwetnbeorpdkgilkrpemdusppvujvajchljgebvczp
1187,kate walton,gqhfnif@worik.com,0839 5795 9680 9870,cheyenne,wy,1720002507084,aqjujnnlfzhjockbvocbrbgyaoueazhgwqvsizufwdheodhfwqvervzofkwsuyvbfoyviqqxldwqlsjtmwnsonifhjqkdsywzwcvycrdmkwmmwmblzghvedxmzmgflxrewaymmsngxeexvlk
1188,saul abrams,jrdxatd@lufcc.com,9945 2461 7391 0450,san francisco,id,1720002507084,ptpipmgvdvycpfdjxzqnyiwsruufebrtygfstkdzbroxpgphegfutauuqieeclqnyvpdpruesqmxpqgdlofsjrhsqmzijvqbopdrpfvtqxixlkebpkkrtmunqywispb
1189,walter bartels,sjxkgkx@ecgel.com,7963 9665 6425 3588,san francisco,id,1720002507084,iibiogkonawtunosklktakgbkvwykycxqwxfbecodtvjsoeqqcvzjlkympzzeybkwgvfacgswslwlaomskdlpqcplqurckmjnpsljqhnkxzxxl
1190,kate noris,ymmykfn@skvou.com,1174 0152 0897 5438,redmond,id,1720002507084,prczzkgixxaszxrlmsknkpaztevntjlooiboecxpydztuugxjkdwmsyphrnobaidbfeeonpelljcphjiiyxmngldwysckdlkyfrfcppjcrdkerunrupkmkopeaylievqhwbubywoxpqnfyabl
1191,saul abrams,ahnwnqk@lryng.com,6795 6604 4554 2511,cheyenne,wy,1720002507084,iwlvpulodfeluzgwpujnxljfvtlovbwsxpgvpfbscaqgunaewrwchimurodovwptdaakswtctwfgcsrmzutwxwwcdyeqrlinspgewkwyeyrtwuverhgjowzvoliggslkrdoygllhdwgmqfvicjch
1192,paul white,kyqvjsl@dzlxp.com,8526 4966 9641 0044,bend,or,1720002507084,uinzcoowxqzqekagwecrajdotyoxmmgyweycveygxraoyknydsottkalzwsinnefzmlxrmhnxotmgfplvbgpljdmkqtckhmdhjeynjkrwnrnhrodigvzspaywbyorshkpukhuwrovxaccgxyj
1193,julie abrams,zocnnbq@xtsig.com,0591 8858 8024 9179,seattle,az,1720002507084,asqogcqvfezcgpqqfzhfwtugapgkrngxhxthswvagmnrwgeaewrxdurnowpfdfhvdsdbxbfarlchezklagpmivlkpjmlevcbtjojcwckhtsuqmiqjoxnlnfyzetpltbbksgffnckmvhpfuybjbu
1194,john walton,igyhzii@srkda.com,5689 8596 8488 1363,kent,az,1720002507084,lstsiboumkprinqcbfxgqaqjwrdsvonltxvinyvlkajejtfhmyunioqcacbxvzcfpbostxhvxpoebyejaospdfguuqjiikemhwnygnpnwjftqojzccxhplszmiuubnzgrrugwryrwhvhnscmlukeujdmariduh
1195,peter smith,bmxcqla@zbjff.com,8143 3202 8996 5656,san francisco,id,1720002507084,pkqmyvzemzylowpjtrqfeoayatnpjywwknasesruyivrrzvxyowlsrsybmwizedbveahodzhqpxzodssqrrguliluwqhfcayzimllryopmrxrveutawxlonccrh
1196,paul noris,qbshheb@tjere.com,3624 6395 8307 3843,los angeles,wa,1720002507084,fbcyxqwurbpdwscjfbcqivpvphvmoyydhfltjkuuhpbjyycmvfswsqfkbxggbocplasrrrrqroqxxapxtbfwtzpnwdbjgbmbwqzgrcxywkmnbwwbomboogjrzzpvexhqpfrdpsiuzrvg
1197,kate white,quraohs@awndg.com,8173 1785 5384 3797,cheyenne,wy,1720002507084,xzuzryvqmvsxleqmzgexlwdqhphwbtxqhqvbyosykamlbdxcmayviabaxctcqxzreppmqleavuuxtxwltmzbgsfwtgehbbebginavqbkjekzvnwoooj
1198,julie bartels,yvlbfug@rheaq.com,7873 9306 4975 0227,cheyenne,or,1720002507084,opbvezrvhgvmgilcrhyahinuskznygrounavvaogxbpjbusydjewiiosmljnhgbrgazdddrwfprdlfucojzescmngemxsamwuptumsgvbajxfugsvjl
1199,deiter abrams,hymaqzt@tjndy.com,1135 3069 7105 2992,portland,az,1720002507084,xhrnxixgvggtujysdwzskzefwcdaqxzirqtpvmwtyappsfcbfljmuiojojtzqcutjbpjbfnewctboeexoefcuwpqznapiignljgttvubbbodcdyunesrzfkbdkaaiyxuyrrqurtpsphawlagidilsjdnrq
