level,timestamp,test_name,backend_name,run_count,total_time_s,renoir_compile_time_s,renoir_execute_time_s,ibis_time_s,max_memory_B,table_origin,exception
INFO,2024-06-26 13:21:39.813,test_nullable_filter_filter_select_select,duckdb,-1,0.9573698259191588,-1,-1,-1,131072,csv,None
INFO,2024-06-26 13:21:40.775,test_nullable_filter_filter_select_select,duckdb,0,0.959542257944122,-1,-1,-1,0,csv,None
INFO,2024-06-26 13:21:41.743,test_nullable_filter_filter_select_select,duckdb,1,0.9660572060383856,-1,-1,-1,0,csv,None
INFO,2024-06-26 13:21:42.712,test_nullable_filter_filter_select_select,duckdb,2,0.9658918579807505,-1,-1,-1,0,csv,None
INFO,2024-06-26 13:21:43.675,test_nullable_filter_filter_select_select,duckdb,3,0.9605511520057917,-1,-1,-1,0,csv,None
INFO,2024-06-26 13:21:44.634,test_nullable_filter_filter_select_select,duckdb,4,0.9572142319520935,-1,-1,-1,0,csv,None
INFO,2024-06-26 13:21:58.773,test_nullable_filter_filter_select_select,duckdb,-1,0.06177481799386442,-1,-1,-1,0,cached,None
INFO,2024-06-26 13:21:58.836,test_nullable_filter_filter_select_select,duckdb,0,0.06022630899678916,-1,-1,-1,0,cached,None
INFO,2024-06-26 13:21:58.900,test_nullable_filter_filter_select_select,duckdb,1,0.06108401098754257,-1,-1,-1,0,cached,None
INFO,2024-06-26 13:21:58.963,test_nullable_filter_filter_select_select,duckdb,2,0.060643368982709944,-1,-1,-1,0,cached,None
INFO,2024-06-26 13:21:59.025,test_nullable_filter_filter_select_select,duckdb,3,0.06000279600266367,-1,-1,-1,0,cached,None
INFO,2024-06-26 13:21:59.089,test_nullable_filter_filter_select_select,duckdb,4,0.06124844902660698,-1,-1,-1,0,cached,None
INFO,2024-06-26 13:26:59.285,test_nullable_filter_filter_select_select,polars,-1,-1,-1,-1,-1,-1,csv,run_timed killed function `execute` after timeout of 300s - skipping other runs with same combination of test_case + backend + table_origin
INFO,2024-06-26 13:32:02.108,test_nullable_filter_filter_select_select,polars,-1,-1,-1,-1,-1,-1,cached,run_timed killed function `execute` after timeout of 300s - skipping other runs with same combination of test_case + backend + table_origin
INFO,2024-06-26 13:32:13.555,test_nullable_filter_filter_select_select,flink,-1,5.916239749989472,-1,-1,-1,2745765888,csv,None
INFO,2024-06-26 13:32:19.273,test_nullable_filter_filter_select_select,flink,0,5.715164268971421,-1,-1,-1,93999104,csv,None
INFO,2024-06-26 13:32:23.025,test_nullable_filter_filter_select_select,flink,1,3.7489051460288465,-1,-1,-1,88715264,csv,None
INFO,2024-06-26 13:32:26.661,test_nullable_filter_filter_select_select,flink,2,3.6334943620022386,-1,-1,-1,51851264,csv,None
INFO,2024-06-26 13:32:30.341,test_nullable_filter_filter_select_select,flink,3,3.6774787140311673,-1,-1,-1,16019456,csv,None
INFO,2024-06-26 13:32:35.635,test_nullable_filter_filter_select_select,flink,4,5.2918751949910074,-1,-1,-1,-1126215680,csv,None
INFO,2024-06-26 13:32:46.905,test_nullable_filter_filter_select_select,flink,-1,3.647999653010629,-1,-1,-1,688996352,cached,None
INFO,2024-06-26 13:32:50.560,test_nullable_filter_filter_select_select,flink,0,3.6528394009219483,-1,-1,-1,25116672,cached,None
INFO,2024-06-26 13:32:54.295,test_nullable_filter_filter_select_select,flink,1,3.7321744669461623,-1,-1,-1,49213440,cached,None
INFO,2024-06-26 13:32:57.882,test_nullable_filter_filter_select_select,flink,2,3.582286100019701,-1,-1,-1,778240,cached,None
INFO,2024-06-26 13:33:01.458,test_nullable_filter_filter_select_select,flink,3,3.573561617056839,-1,-1,-1,68419584,cached,None
INFO,2024-06-26 13:33:05.023,test_nullable_filter_filter_select_select,flink,4,3.5625804479932413,-1,-1,-1,17702912,cached,None
INFO,2024-06-26 13:33:10.163,test_nullable_filter_filter_select_select,renoir,-1,1.3157908489229158,0.8965354949468747,0.4020208229776472,-1,0,csv,None
INFO,2024-06-26 13:33:11.374,test_nullable_filter_filter_select_select,renoir,0,1.2085319529287517,0.7902738970005885,0.400304873008281,-1,0,csv,None
INFO,2024-06-26 13:33:12.590,test_nullable_filter_filter_select_select,renoir,1,1.2136849090456963,0.7944078710861504,0.4016726629342884,-1,131072,csv,None
INFO,2024-06-26 13:33:13.816,test_nullable_filter_filter_select_select,renoir,2,1.2231839309679344,0.7967937620123848,0.40669184201397,-1,0,csv,None
INFO,2024-06-26 13:33:15.023,test_nullable_filter_filter_select_select,renoir,3,1.204726360971108,0.7903615899849683,0.3964413480134681,-1,0,csv,None
INFO,2024-06-26 13:33:16.246,test_nullable_filter_filter_select_select,renoir,4,1.220645391033031,0.8010047340067104,0.4004809280158952,-1,0,csv,None
INFO,2024-06-26 13:33:17.537,test_nullable_filter_filter_select_select,renoir,-1,1.2026121359085664,0.7889703169930726,0.39649778592865914,-1,131072,cached,None
INFO,2024-06-26 13:33:18.743,test_nullable_filter_filter_select_select,renoir,0,1.203518738038838,0.7838352870894596,0.40167750196997076,-1,0,cached,None
INFO,2024-06-26 13:33:20.363,test_nullable_filter_filter_select_select,renoir,1,1.617438787012361,0.7815751809393987,0.4001082240138203,-1,0,cached,None
INFO,2024-06-26 13:33:21.566,test_nullable_filter_filter_select_select,renoir,2,1.200832750997506,0.793161433073692,0.3898133079055697,-1,0,cached,None
INFO,2024-06-26 13:33:22.786,test_nullable_filter_filter_select_select,renoir,3,1.21683517890051,0.7965123999165371,0.40222406096290797,-1,0,cached,None
INFO,2024-06-26 13:33:24.004,test_nullable_filter_filter_select_select,renoir,4,1.21588090993464,0.7964771890547127,0.4017583349486813,-1,0,cached,None
INFO,2024-06-26 13:33:25.074,test_nullable_filter_group_mutate,duckdb,-1,0.9818258229643106,-1,-1,-1,0,csv,None
INFO,2024-06-26 13:33:26.055,test_nullable_filter_group_mutate,duckdb,0,0.9782319399528205,-1,-1,-1,0,csv,None
INFO,2024-06-26 13:33:27.032,test_nullable_filter_group_mutate,duckdb,1,0.9752124209189788,-1,-1,-1,0,csv,None
INFO,2024-06-26 13:33:28.014,test_nullable_filter_group_mutate,duckdb,2,0.979180556954816,-1,-1,-1,0,csv,None
INFO,2024-06-26 13:33:28.994,test_nullable_filter_group_mutate,duckdb,3,0.9771316270343959,-1,-1,-1,131072,csv,None
INFO,2024-06-26 13:33:29.973,test_nullable_filter_group_mutate,duckdb,4,0.9763790370197967,-1,-1,-1,0,csv,None
INFO,2024-06-26 13:33:46.703,test_nullable_filter_group_mutate,duckdb,-1,0.25461392395664006,-1,-1,-1,0,cached,None
INFO,2024-06-26 13:33:46.955,test_nullable_filter_group_mutate,duckdb,0,0.24931936000939459,-1,-1,-1,131072,cached,None
INFO,2024-06-26 13:33:47.209,test_nullable_filter_group_mutate,duckdb,1,0.2502385029802099,-1,-1,-1,131072,cached,None
INFO,2024-06-26 13:33:47.461,test_nullable_filter_group_mutate,duckdb,2,0.25033398997038603,-1,-1,-1,0,cached,None
INFO,2024-06-26 13:33:47.713,test_nullable_filter_group_mutate,duckdb,3,0.2492255059769377,-1,-1,-1,131072,cached,None
INFO,2024-06-26 13:33:48.063,test_nullable_filter_group_mutate,duckdb,4,0.34711381793022156,-1,-1,-1,0,cached,None
INFO,2024-06-26 13:38:48.230,test_nullable_filter_group_mutate,polars,-1,-1,-1,-1,-1,-1,csv,run_timed killed function `execute` after timeout of 300s - skipping other runs with same combination of test_case + backend + table_origin
INFO,2024-06-26 13:43:51.106,test_nullable_filter_group_mutate,polars,-1,-1,-1,-1,-1,-1,cached,run_timed killed function `execute` after timeout of 300s - skipping other runs with same combination of test_case + backend + table_origin
INFO,2024-06-26 13:43:58.842,test_nullable_filter_group_mutate,flink,-1,3.907849767943844,-1,-1,-1,70819840,csv,None
INFO,2024-06-26 13:44:03.742,test_nullable_filter_group_mutate,flink,0,4.896775281988084,-1,-1,-1,458186752,csv,None
INFO,2024-06-26 13:44:07.910,test_nullable_filter_group_mutate,flink,1,4.166129692923278,-1,-1,-1,-937672704,csv,None
INFO,2024-06-26 13:44:11.657,test_nullable_filter_group_mutate,flink,2,3.7446959629887715,-1,-1,-1,352628736,csv,None
INFO,2024-06-26 13:44:15.461,test_nullable_filter_group_mutate,flink,3,3.8007468939758837,-1,-1,-1,443777024,csv,None
INFO,2024-06-26 13:44:20.229,test_nullable_filter_group_mutate,flink,4,4.765607037930749,-1,-1,-1,18894848,csv,None
INFO,2024-06-26 13:44:31.418,test_nullable_filter_group_mutate,flink,-1,3.5974216430913657,-1,-1,-1,20738048,cached,None
INFO,2024-06-26 13:44:35.018,test_nullable_filter_group_mutate,flink,0,3.5970541649730876,-1,-1,-1,35422208,cached,None
INFO,2024-06-26 13:44:38.602,test_nullable_filter_group_mutate,flink,1,3.5811024960130453,-1,-1,-1,26198016,cached,None
INFO,2024-06-26 13:44:42.180,test_nullable_filter_group_mutate,flink,2,3.575630859937519,-1,-1,-1,28672000,cached,None
INFO,2024-06-26 13:44:45.759,test_nullable_filter_group_mutate,flink,3,3.576583984075114,-1,-1,-1,1114112,cached,None
INFO,2024-06-26 13:44:49.366,test_nullable_filter_group_mutate,flink,4,3.6044352930039167,-1,-1,-1,23527424,cached,None
INFO,2024-06-26 13:44:55.342,test_nullable_filter_group_mutate,renoir,-1,2.154484349070117,1.7229574410011992,0.3992424800526351,-1,0,csv,None
INFO,2024-06-26 13:44:57.387,test_nullable_filter_group_mutate,renoir,0,2.0432695240015164,1.5725476170191541,0.41009806597139686,-1,-1688125440,csv,None
INFO,2024-06-26 13:44:59.393,test_nullable_filter_group_mutate,renoir,1,2.0034958450123668,1.5676051320042461,0.41500351997092366,-1,0,csv,None
INFO,2024-06-26 13:45:01.401,test_nullable_filter_group_mutate,renoir,2,2.005716494983062,1.5748485840158537,0.40992222202476114,-1,0,csv,None
INFO,2024-06-26 13:45:03.420,test_nullable_filter_group_mutate,renoir,3,2.015888584079221,1.591563546913676,0.4030173890059814,-1,0,csv,None
INFO,2024-06-26 13:45:05.424,test_nullable_filter_group_mutate,renoir,4,2.0018470720387995,1.5788592000026256,0.4019027170725167,-1,131072,csv,None
INFO,2024-06-26 13:45:07.513,test_nullable_filter_group_mutate,renoir,-1,1.9997697859071195,1.57175434299279,0.4073807820677757,-1,0,cached,None
INFO,2024-06-26 13:45:09.521,test_nullable_filter_group_mutate,renoir,0,2.0054212659597397,1.5820343580562621,0.4018759239697829,-1,0,cached,None
INFO,2024-06-26 13:45:11.552,test_nullable_filter_group_mutate,renoir,1,2.028801736072637,1.6041028739418834,0.4037595640402287,-1,0,cached,None
INFO,2024-06-26 13:45:13.561,test_nullable_filter_group_mutate,renoir,2,2.0065058199688792,1.5829531799536198,0.4026938619790599,-1,0,cached,None
INFO,2024-06-26 13:45:16.263,test_nullable_filter_group_mutate,renoir,3,2.69976242701523,1.5678206719458103,0.4100803410401568,-1,-131072,cached,None
INFO,2024-06-26 13:45:18.282,test_nullable_filter_group_mutate,renoir,4,2.015864123008214,1.5766334959771484,0.41797480604145676,-1,0,cached,None
INFO,2024-06-26 13:45:26.528,test_nullable_filter_group_mutate_reduce,duckdb,-1,8.16007828596048,-1,-1,-1,0,csv,None
INFO,2024-06-26 13:45:34.617,test_nullable_filter_group_mutate_reduce,duckdb,0,8.085862530977465,-1,-1,-1,0,csv,None
INFO,2024-06-26 13:45:42.712,test_nullable_filter_group_mutate_reduce,duckdb,1,8.093359966995195,-1,-1,-1,0,csv,None
INFO,2024-06-26 13:45:50.867,test_nullable_filter_group_mutate_reduce,duckdb,2,8.15221820899751,-1,-1,-1,0,csv,None
INFO,2024-06-26 13:45:58.983,test_nullable_filter_group_mutate_reduce,duckdb,3,8.113516202080064,-1,-1,-1,0,csv,None
INFO,2024-06-26 13:46:07.123,test_nullable_filter_group_mutate_reduce,duckdb,4,8.13745131995529,-1,-1,-1,0,csv,None
INFO,2024-06-26 13:46:28.460,test_nullable_filter_group_mutate_reduce,duckdb,-1,7.194135005003773,-1,-1,-1,0,cached,None
INFO,2024-06-26 13:46:35.672,test_nullable_filter_group_mutate_reduce,duckdb,0,7.209063602029346,-1,-1,-1,0,cached,None
INFO,2024-06-26 13:46:42.933,test_nullable_filter_group_mutate_reduce,duckdb,1,7.258683849941008,-1,-1,-1,262144,cached,None
INFO,2024-06-26 13:46:50.190,test_nullable_filter_group_mutate_reduce,duckdb,2,7.254498281981796,-1,-1,-1,-159744,cached,None
INFO,2024-06-26 13:46:57.422,test_nullable_filter_group_mutate_reduce,duckdb,3,7.229905575979501,-1,-1,-1,131072,cached,None
INFO,2024-06-26 13:47:04.638,test_nullable_filter_group_mutate_reduce,duckdb,4,7.213251926936209,-1,-1,-1,0,cached,None
INFO,2024-06-26 13:52:04.829,test_nullable_filter_group_mutate_reduce,polars,-1,-1,-1,-1,-1,-1,csv,run_timed killed function `execute` after timeout of 300s - skipping other runs with same combination of test_case + backend + table_origin
INFO,2024-06-26 13:57:07.657,test_nullable_filter_group_mutate_reduce,polars,-1,-1,-1,-1,-1,-1,cached,run_timed killed function `execute` after timeout of 300s - skipping other runs with same combination of test_case + backend + table_origin
INFO,2024-06-26 14:02:14.626,test_nullable_filter_group_mutate_reduce,flink,-1,-1,-1,-1,-1,-1,csv,run_timed killed function `execute` after timeout of 300s - skipping other runs with same combination of test_case + backend + table_origin
INFO,2024-06-26 14:02:18.340,test_nullable_filter_group_mutate_reduce,renoir,-1,-1,-1,-1,-1,-1,cached,EnvironmentSettings does not exist in the JVM
INFO,2024-06-26 14:02:21.680,test_nullable_filter_group_mutate_reduce,renoir,-1,3.251350317033939,1.774598688003607,1.4438728900859132,-1,0,csv,None
INFO,2024-06-26 14:02:24.785,test_nullable_filter_group_mutate_reduce,renoir,0,3.1022577199619263,1.611620615934953,1.4572240479756147,-1,131072,csv,None
INFO,2024-06-26 14:02:27.976,test_nullable_filter_group_mutate_reduce,renoir,1,3.1888463160721585,1.6983464629156515,1.4573167470516637,-1,0,csv,None
INFO,2024-06-26 14:02:31.087,test_nullable_filter_group_mutate_reduce,renoir,2,3.1081369110615924,1.6331756999716163,1.442248563049361,-1,0,csv,None
INFO,2024-06-26 14:02:34.161,test_nullable_filter_group_mutate_reduce,renoir,3,3.071780381957069,1.5962891669478267,1.4425299790455028,-1,0,csv,None
INFO,2024-06-26 14:02:37.231,test_nullable_filter_group_mutate_reduce,renoir,4,3.0675833700224757,1.6205727679189295,1.4143487008986995,-1,0,csv,None
INFO,2024-06-26 14:02:40.359,test_nullable_filter_group_mutate_reduce,renoir,-1,3.0397351250285283,1.581122903036885,1.425803150050342,-1,0,cached,None
INFO,2024-06-26 14:02:43.448,test_nullable_filter_group_mutate_reduce,renoir,0,3.0867226159898564,1.6321477110031992,1.4216118300100788,-1,0,cached,None
INFO,2024-06-26 14:02:46.564,test_nullable_filter_group_mutate_reduce,renoir,1,3.1134672380285338,1.6128488460090011,1.4672181899659336,-1,0,cached,None
INFO,2024-06-26 14:02:49.655,test_nullable_filter_group_mutate_reduce,renoir,2,3.0885742980754003,1.6100550519768149,1.445124896010384,-1,0,cached,None
INFO,2024-06-26 14:02:52.778,test_nullable_filter_group_mutate_reduce,renoir,3,3.12093746708706,1.6332359439693391,1.454969062935561,-1,0,cached,None
INFO,2024-06-26 14:02:55.891,test_nullable_filter_group_mutate_reduce,renoir,4,3.1099048639880493,1.6231741979718208,1.4532133128959686,-1,131072,cached,None
INFO,2024-06-26 14:02:56.998,test_nullable_filter_group_select,duckdb,-1,1.0207543870201334,-1,-1,-1,0,csv,None
INFO,2024-06-26 14:02:58.021,test_nullable_filter_group_select,duckdb,0,1.020674388972111,-1,-1,-1,0,csv,None
INFO,2024-06-26 14:02:59.024,test_nullable_filter_group_select,duckdb,1,1.0010771170491353,-1,-1,-1,-131072,csv,None
INFO,2024-06-26 14:03:00.046,test_nullable_filter_group_select,duckdb,2,1.019783227937296,-1,-1,-1,0,csv,None
INFO,2024-06-26 14:03:01.066,test_nullable_filter_group_select,duckdb,3,1.0171443780418485,-1,-1,-1,0,csv,None
INFO,2024-06-26 14:03:02.084,test_nullable_filter_group_select,duckdb,4,1.0152506899321452,-1,-1,-1,131072,csv,None
INFO,2024-06-26 14:03:16.468,test_nullable_filter_group_select,duckdb,-1,0.257410352001898,-1,-1,-1,0,cached,None
INFO,2024-06-26 14:03:16.726,test_nullable_filter_group_select,duckdb,0,0.25565962097607553,-1,-1,-1,0,cached,None
INFO,2024-06-26 14:03:17.021,test_nullable_filter_group_select,duckdb,1,0.2924934959737584,-1,-1,-1,0,cached,None
INFO,2024-06-26 14:03:17.281,test_nullable_filter_group_select,duckdb,2,0.257111006998457,-1,-1,-1,0,cached,None
INFO,2024-06-26 14:03:17.540,test_nullable_filter_group_select,duckdb,3,0.2562615320784971,-1,-1,-1,0,cached,None
INFO,2024-06-26 14:03:17.798,test_nullable_filter_group_select,duckdb,4,0.2564029030036181,-1,-1,-1,131072,cached,None
INFO,2024-06-26 14:08:17.970,test_nullable_filter_group_select,polars,-1,-1,-1,-1,-1,-1,csv,run_timed killed function `execute` after timeout of 300s - skipping other runs with same combination of test_case + backend + table_origin
INFO,2024-06-26 14:13:20.931,test_nullable_filter_group_select,polars,-1,-1,-1,-1,-1,-1,cached,run_timed killed function `execute` after timeout of 300s - skipping other runs with same combination of test_case + backend + table_origin
INFO,2024-06-26 14:13:20.932,test_nullable_filter_group_select,renoir,-1,-1,-1,-1,-1,-1,csv,EnvironmentSettings does not exist in the JVM
INFO,2024-06-26 14:13:20.933,test_nullable_filter_group_select,renoir,-1,-1,-1,-1,-1,-1,cached,'c'
INFO,2024-06-26 14:13:23.136,test_nullable_filter_group_select,renoir,-1,2.113067755009979,1.6681219479069114,0.4083590148948133,-1,-561496064,csv,None
INFO,2024-06-26 14:13:25.195,test_nullable_filter_group_select,renoir,0,2.0565684939501807,1.6142738580238074,0.40725294104777277,-1,0,csv,None
INFO,2024-06-26 14:13:27.234,test_nullable_filter_group_select,renoir,1,2.0358859800035134,1.5895716230152175,0.41103206807747483,-1,0,csv,None
INFO,2024-06-26 14:13:29.279,test_nullable_filter_group_select,renoir,2,2.0428866650909185,1.5886186939897016,0.41893580893520266,-1,0,csv,None
INFO,2024-06-26 14:13:32.030,test_nullable_filter_group_select,renoir,3,2.7483594099758193,1.6066973430570215,0.4065253019798547,-1,0,csv,None
INFO,2024-06-26 14:13:34.064,test_nullable_filter_group_select,renoir,4,2.0317760249599814,1.5925079319858924,0.40398634399753064,-1,131072,csv,None
INFO,2024-06-26 14:13:36.220,test_nullable_filter_group_select,renoir,-1,2.0658862980781123,1.6230541879776865,0.4078424370381981,-1,0,cached,None
INFO,2024-06-26 14:13:38.242,test_nullable_filter_group_select,renoir,0,2.019795912085101,1.576460267067887,0.40838507504668087,-1,0,cached,None
INFO,2024-06-26 14:13:40.279,test_nullable_filter_group_select,renoir,1,2.034385352046229,1.5873629089910537,0.4115679820533842,-1,0,cached,None
INFO,2024-06-26 14:13:42.334,test_nullable_filter_group_select,renoir,2,2.0517159750452265,1.6040260130539536,0.4128735149279237,-1,0,cached,None
INFO,2024-06-26 14:13:45.080,test_nullable_filter_group_select,renoir,3,2.7436250960454345,1.598995499080047,0.408539020922035,-1,0,cached,None
INFO,2024-06-26 14:13:47.073,test_nullable_filter_group_select,renoir,4,1.9902837239205837,1.5531965770060197,0.4021430721040815,-1,0,cached,None
INFO,2024-06-26 14:13:48.197,test_nullable_filter_reduce,duckdb,-1,1.036021227017045,-1,-1,-1,0,csv,None
INFO,2024-06-26 14:13:49.208,test_nullable_filter_reduce,duckdb,0,1.0089799630222842,-1,-1,-1,131072,csv,None
INFO,2024-06-26 14:13:50.222,test_nullable_filter_reduce,duckdb,1,1.010826205019839,-1,-1,-1,0,csv,None
INFO,2024-06-26 14:13:51.236,test_nullable_filter_reduce,duckdb,2,1.0115518170641735,-1,-1,-1,0,csv,None
INFO,2024-06-26 14:13:52.248,test_nullable_filter_reduce,duckdb,3,1.009382501943037,-1,-1,-1,0,csv,None
INFO,2024-06-26 14:13:53.258,test_nullable_filter_reduce,duckdb,4,1.0077764169545844,-1,-1,-1,131072,csv,None
INFO,2024-06-26 14:14:10.640,test_nullable_filter_reduce,duckdb,-1,3.2880092289997265,-1,-1,-1,0,cached,None
INFO,2024-06-26 14:14:10.898,test_nullable_filter_reduce,duckdb,0,0.255283210077323,-1,-1,-1,0,cached,None
INFO,2024-06-26 14:14:11.155,test_nullable_filter_reduce,duckdb,1,0.2545281610218808,-1,-1,-1,0,cached,None
INFO,2024-06-26 14:14:11.414,test_nullable_filter_reduce,duckdb,2,0.25667762907687575,-1,-1,-1,0,cached,None
INFO,2024-06-26 14:14:11.675,test_nullable_filter_reduce,duckdb,3,0.2580786539474502,-1,-1,-1,131072,cached,None
INFO,2024-06-26 14:14:11.933,test_nullable_filter_reduce,duckdb,4,0.2554804760729894,-1,-1,-1,0,cached,None
INFO,2024-06-26 14:19:12.077,test_nullable_filter_reduce,polars,-1,-1,-1,-1,-1,-1,csv,run_timed killed function `execute` after timeout of 300s - skipping other runs with same combination of test_case + backend + table_origin
INFO,2024-06-26 14:24:14.917,test_nullable_filter_reduce,polars,-1,-1,-1,-1,-1,-1,cached,run_timed killed function `execute` after timeout of 300s - skipping other runs with same combination of test_case + backend + table_origin
INFO,2024-06-26 14:24:14.917,test_nullable_filter_reduce,renoir,-1,-1,-1,-1,-1,-1,csv,EnvironmentSettings does not exist in the JVM
INFO,2024-06-26 14:24:14.918,test_nullable_filter_reduce,renoir,-1,-1,-1,-1,-1,-1,cached,'c'
INFO,2024-06-26 14:24:17.061,test_nullable_filter_reduce,renoir,-1,2.056306482059881,1.5714947540545836,0.4476978820748627,-1,-561496064,csv,None
INFO,2024-06-26 14:24:19.085,test_nullable_filter_reduce,renoir,0,2.0208692180458456,1.5501965909497812,0.43498603091575205,-1,0,csv,None
INFO,2024-06-26 14:24:21.054,test_nullable_filter_reduce,renoir,1,1.9669088879600167,1.5023296430008486,0.4289041330339387,-1,0,csv,None
INFO,2024-06-26 14:24:23.045,test_nullable_filter_reduce,renoir,2,1.9888680229196325,1.5399214180652052,0.41349861107300967,-1,0,csv,None
INFO,2024-06-26 14:24:25.019,test_nullable_filter_reduce,renoir,3,1.9712277950020507,1.5127303369808942,0.4226577209774405,-1,0,csv,None
INFO,2024-06-26 14:24:27.028,test_nullable_filter_reduce,renoir,4,2.0067386069567874,1.5405990509316325,0.4301069478970021,-1,0,csv,None
INFO,2024-06-26 14:24:29.091,test_nullable_filter_reduce,renoir,-1,1.9757633809931576,1.5199912610696629,0.4204319429118186,-1,0,cached,None
INFO,2024-06-26 14:24:31.068,test_nullable_filter_reduce,renoir,0,1.9741437149932608,1.5121992051135749,0.42607644107192755,-1,0,cached,None
INFO,2024-06-26 14:24:33.059,test_nullable_filter_reduce,renoir,1,1.9885577548993751,1.5321403599809855,0.42066811805125326,-1,0,cached,None
INFO,2024-06-26 14:24:35.060,test_nullable_filter_reduce,renoir,2,1.9987096639815718,1.5357135339872912,0.42698618303984404,-1,0,cached,None
INFO,2024-06-26 14:24:37.055,test_nullable_filter_reduce,renoir,3,1.9922921240795404,1.535971696022898,0.4206912670051679,-1,0,cached,None
INFO,2024-06-26 14:24:39.065,test_nullable_filter_reduce,renoir,4,2.008294032071717,1.5467777160229161,0.4259775689570233,-1,0,cached,None
INFO,2024-06-26 14:24:40.161,test_nullable_filter_select,duckdb,-1,1.009385020006448,-1,-1,-1,131072,csv,None
INFO,2024-06-26 14:24:41.172,test_nullable_filter_select,duckdb,0,1.0079369129380211,-1,-1,-1,0,csv,None
INFO,2024-06-26 14:24:42.185,test_nullable_filter_select,duckdb,1,1.0107251890003681,-1,-1,-1,0,csv,None
INFO,2024-06-26 14:24:43.229,test_nullable_filter_select,duckdb,2,1.0417393799871206,-1,-1,-1,0,csv,None
INFO,2024-06-26 14:24:44.243,test_nullable_filter_select,duckdb,3,1.0116671890718862,-1,-1,-1,0,csv,None
INFO,2024-06-26 14:24:45.253,test_nullable_filter_select,duckdb,4,1.0069101959234104,-1,-1,-1,0,csv,None
INFO,2024-06-26 14:24:59.707,test_nullable_filter_select,duckdb,-1,0.25967014499474317,-1,-1,-1,131072,cached,None
INFO,2024-06-26 14:24:59.966,test_nullable_filter_select,duckdb,0,0.25720507104415447,-1,-1,-1,0,cached,None
INFO,2024-06-26 14:25:00.226,test_nullable_filter_select,duckdb,1,0.2570759580703452,-1,-1,-1,131072,cached,None
INFO,2024-06-26 14:25:00.488,test_nullable_filter_select,duckdb,2,0.2593202641000971,-1,-1,-1,0,cached,None
INFO,2024-06-26 14:25:00.748,test_nullable_filter_select,duckdb,3,0.2575714990962297,-1,-1,-1,131072,cached,None
INFO,2024-06-26 14:25:01.043,test_nullable_filter_select,duckdb,4,0.2922205039067194,-1,-1,-1,0,cached,None
INFO,2024-06-26 14:30:01.217,test_nullable_filter_select,polars,-1,-1,-1,-1,-1,-1,csv,run_timed killed function `execute` after timeout of 300s - skipping other runs with same combination of test_case + backend + table_origin
INFO,2024-06-26 14:35:04.124,test_nullable_filter_select,polars,-1,-1,-1,-1,-1,-1,cached,run_timed killed function `execute` after timeout of 300s - skipping other runs with same combination of test_case + backend + table_origin
INFO,2024-06-26 14:35:04.125,test_nullable_filter_select,renoir,-1,-1,-1,-1,-1,-1,csv,EnvironmentSettings does not exist in the JVM
INFO,2024-06-26 14:35:04.125,test_nullable_filter_select,renoir,-1,-1,-1,-1,-1,-1,cached,'c'
INFO,2024-06-26 14:35:05.516,test_nullable_filter_select,renoir,-1,1.3006540889618918,0.8525741609046236,0.4107003449462354,-1,-561496064,csv,None
INFO,2024-06-26 14:35:06.752,test_nullable_filter_select,renoir,0,1.2340766250854358,0.784538771957159,0.4126473710639402,-1,0,csv,None
INFO,2024-06-26 14:35:07.975,test_nullable_filter_select,renoir,1,1.22012991795782,0.7693024920299649,0.4143159630475566,-1,0,csv,None
INFO,2024-06-26 14:35:09.186,test_nullable_filter_select,renoir,2,1.2086447869660333,0.7665442529832944,0.40525744995102286,-1,0,csv,None
INFO,2024-06-26 14:35:10.411,test_nullable_filter_select,renoir,3,1.2229745090007782,0.7801039170008153,0.4061268769437447,-1,131072,csv,None
INFO,2024-06-26 14:35:11.626,test_nullable_filter_select,renoir,4,1.212465572054498,0.7649091200437397,0.41052650194615126,-1,131072,csv,None
INFO,2024-06-26 14:35:12.927,test_nullable_filter_select,renoir,-1,1.2111475949641317,0.7586637049680576,0.4155262280255556,-1,0,cached,None
INFO,2024-06-26 14:35:14.135,test_nullable_filter_select,renoir,0,1.2059534589061514,0.7632956419838592,0.4055679220473394,-1,0,cached,None
INFO,2024-06-26 14:35:15.358,test_nullable_filter_select,renoir,1,1.2204098540823907,0.7794714010087773,0.40427281300071627,-1,0,cached,None
INFO,2024-06-26 14:35:16.581,test_nullable_filter_select,renoir,2,1.2203629970317706,0.7759246290661395,0.4078442379832268,-1,0,cached,None
INFO,2024-06-26 14:35:17.812,test_nullable_filter_select,renoir,3,1.228127612033859,0.7776041920296848,0.41380303201731294,-1,0,cached,None
INFO,2024-06-26 14:35:19.040,test_nullable_filter_select,renoir,4,1.2254695619922131,0.7763803900452331,0.41192038205917925,-1,-131072,cached,None
INFO,2024-06-26 14:35:24.305,test_nullable_group_reduce_group_reduce_join,duckdb,-1,5.176993976929225,-1,-1,-1,0,csv,None
INFO,2024-06-26 14:35:29.546,test_nullable_group_reduce_group_reduce_join,duckdb,0,5.237722762976773,-1,-1,-1,0,csv,None
INFO,2024-06-26 14:35:34.724,test_nullable_group_reduce_group_reduce_join,duckdb,1,5.176184779033065,-1,-1,-1,0,csv,None
INFO,2024-06-26 14:35:39.877,test_nullable_group_reduce_group_reduce_join,duckdb,2,5.150724346050993,-1,-1,-1,0,csv,None
INFO,2024-06-26 14:35:45.098,test_nullable_group_reduce_group_reduce_join,duckdb,3,5.2178333579795435,-1,-1,-1,0,csv,None
INFO,2024-06-26 14:35:50.260,test_nullable_group_reduce_group_reduce_join,duckdb,4,5.159635717049241,-1,-1,-1,0,csv,None
INFO,2024-06-26 14:36:07.131,test_nullable_group_reduce_group_reduce_join,duckdb,-1,2.862074560020119,-1,-1,-1,0,cached,None
INFO,2024-06-26 14:36:10.030,test_nullable_group_reduce_group_reduce_join,duckdb,0,2.8968927629757673,-1,-1,-1,0,cached,None
INFO,2024-06-26 14:36:12.908,test_nullable_group_reduce_group_reduce_join,duckdb,1,2.875847207964398,-1,-1,-1,0,cached,None
INFO,2024-06-26 14:36:15.784,test_nullable_group_reduce_group_reduce_join,duckdb,2,2.8728783710394055,-1,-1,-1,131072,cached,None
INFO,2024-06-26 14:36:18.656,test_nullable_group_reduce_group_reduce_join,duckdb,3,2.86955385399051,-1,-1,-1,0,cached,None
INFO,2024-06-26 14:36:21.546,test_nullable_group_reduce_group_reduce_join,duckdb,4,2.887503723963164,-1,-1,-1,0,cached,None
INFO,2024-06-26 14:41:21.726,test_nullable_group_reduce_group_reduce_join,polars,-1,-1,-1,-1,-1,-1,csv,run_timed killed function `execute` after timeout of 300s - skipping other runs with same combination of test_case + backend + table_origin
INFO,2024-06-26 14:46:24.540,test_nullable_group_reduce_group_reduce_join,polars,-1,-1,-1,-1,-1,-1,cached,run_timed killed function `execute` after timeout of 300s - skipping other runs with same combination of test_case + backend + table_origin
INFO,2024-06-26 14:46:24.540,test_nullable_group_reduce_group_reduce_join,renoir,-1,-1,-1,-1,-1,-1,csv,EnvironmentSettings does not exist in the JVM
INFO,2024-06-26 14:46:24.541,test_nullable_group_reduce_group_reduce_join,renoir,-1,-1,-1,-1,-1,-1,cached,'c'
INFO,2024-06-26 14:46:31.026,test_nullable_group_reduce_group_reduce_join,renoir,-1,6.3942380079533905,3.5499089780496433,2.805355684948154,-1,0,csv,None
INFO,2024-06-26 14:46:37.313,test_nullable_group_reduce_group_reduce_join,renoir,0,6.284446813049726,3.454178242944181,2.790291388053447,-1,0,csv,None
INFO,2024-06-26 14:46:43.754,test_nullable_group_reduce_group_reduce_join,renoir,1,6.438444539904594,3.555019235936925,2.8435354030225426,-1,0,csv,None
INFO,2024-06-26 14:46:50.100,test_nullable_group_reduce_group_reduce_join,renoir,2,6.34386799193453,3.529899524990469,2.7725220839492977,-1,0,csv,None
INFO,2024-06-26 14:46:56.448,test_nullable_group_reduce_group_reduce_join,renoir,3,6.345203208038583,3.513824747991748,2.791319482959807,-1,0,csv,None
INFO,2024-06-26 14:47:02.736,test_nullable_group_reduce_group_reduce_join,renoir,4,6.285195152973756,3.467409308999777,2.778541104053147,-1,0,csv,None
INFO,2024-06-26 14:47:09.156,test_nullable_group_reduce_group_reduce_join,renoir,-1,6.33092105796095,3.5054189229849726,2.7859279370168224,-1,0,cached,None
INFO,2024-06-26 14:47:15.582,test_nullable_group_reduce_group_reduce_join,renoir,0,6.4230588170466945,3.556014441070147,2.828057826962322,-1,0,cached,None
INFO,2024-06-26 14:47:22.192,test_nullable_group_reduce_group_reduce_join,renoir,1,6.608208823949099,3.7537740300176665,2.8148037350038067,-1,0,cached,None
INFO,2024-06-26 14:47:28.824,test_nullable_group_reduce_group_reduce_join,renoir,2,6.628716091043316,3.802157673984766,2.7873248970136046,-1,0,cached,None
INFO,2024-06-26 14:47:35.361,test_nullable_group_reduce_group_reduce_join,renoir,3,6.534591261064634,3.6739311990095302,2.818403003970161,-1,-131072,cached,None
INFO,2024-06-26 14:47:42.005,test_nullable_group_reduce_group_reduce_join,renoir,4,6.640599200036377,3.757644723984413,2.842554783914238,-1,0,cached,None
INFO,2024-06-26 14:47:46.417,test_nullable_group_reduce_join_mutate,duckdb,-1,4.323557635070756,-1,-1,-1,-131072,csv,None
INFO,2024-06-26 14:47:50.736,test_nullable_group_reduce_join_mutate,duckdb,0,4.316668795072474,-1,-1,-1,0,csv,None
INFO,2024-06-26 14:47:55.079,test_nullable_group_reduce_join_mutate,duckdb,1,4.340798969962634,-1,-1,-1,131072,csv,None
INFO,2024-06-26 14:47:59.398,test_nullable_group_reduce_join_mutate,duckdb,2,4.316213525016792,-1,-1,-1,0,csv,None
INFO,2024-06-26 14:48:03.730,test_nullable_group_reduce_join_mutate,duckdb,3,4.329666714998893,-1,-1,-1,0,csv,None
INFO,2024-06-26 14:48:08.076,test_nullable_group_reduce_join_mutate,duckdb,4,4.343789660953917,-1,-1,-1,0,csv,None
INFO,2024-06-26 14:48:24.360,test_nullable_group_reduce_join_mutate,duckdb,-1,2.237217590911314,-1,-1,-1,131072,cached,None
INFO,2024-06-26 14:48:26.553,test_nullable_group_reduce_join_mutate,duckdb,0,2.1907339489553124,-1,-1,-1,-131072,cached,None
INFO,2024-06-26 14:48:28.744,test_nullable_group_reduce_join_mutate,duckdb,1,2.1888519420754164,-1,-1,-1,0,cached,None
INFO,2024-06-26 14:48:30.959,test_nullable_group_reduce_join_mutate,duckdb,2,2.2119551439536735,-1,-1,-1,0,cached,None
INFO,2024-06-26 14:48:33.198,test_nullable_group_reduce_join_mutate,duckdb,3,2.2365908820647746,-1,-1,-1,131072,cached,None
INFO,2024-06-26 14:48:35.395,test_nullable_group_reduce_join_mutate,duckdb,4,2.1949458880117163,-1,-1,-1,0,cached,None
INFO,2024-06-26 14:53:35.605,test_nullable_group_reduce_join_mutate,polars,-1,-1,-1,-1,-1,-1,csv,run_timed killed function `execute` after timeout of 300s - skipping other runs with same combination of test_case + backend + table_origin
INFO,2024-06-26 14:58:38.519,test_nullable_group_reduce_join_mutate,polars,-1,-1,-1,-1,-1,-1,cached,run_timed killed function `execute` after timeout of 300s - skipping other runs with same combination of test_case + backend + table_origin
INFO,2024-06-26 14:58:38.519,test_nullable_group_reduce_join_mutate,renoir,-1,-1,-1,-1,-1,-1,csv,EnvironmentSettings does not exist in the JVM
INFO,2024-06-26 14:58:38.520,test_nullable_group_reduce_join_mutate,renoir,-1,-1,-1,-1,-1,-1,cached,'c'
INFO,2024-06-26 14:58:44.810,test_nullable_group_reduce_join_mutate,renoir,-1,6.19798509508837,3.631881527020596,2.5260566000360996,-1,0,csv,None
INFO,2024-06-26 14:58:50.857,test_nullable_group_reduce_join_mutate,renoir,0,6.0448013910790905,3.4621035639429465,2.5422054870286956,-1,0,csv,None
INFO,2024-06-26 14:58:56.927,test_nullable_group_reduce_join_mutate,renoir,1,6.067423184053041,3.475679380004294,2.5498647659551352,-1,0,csv,None
INFO,2024-06-26 14:59:03.013,test_nullable_group_reduce_join_mutate,renoir,2,6.082173199974932,3.473382314085029,2.5677800269331783,-1,131072,csv,None
INFO,2024-06-26 14:59:09.122,test_nullable_group_reduce_join_mutate,renoir,3,6.106812250916846,3.548129979055375,2.5175130990101025,-1,0,csv,None
INFO,2024-06-26 14:59:15.200,test_nullable_group_reduce_join_mutate,renoir,4,6.0760918110609055,3.491389369009994,2.544868496945128,-1,0,csv,None
INFO,2024-06-26 14:59:21.347,test_nullable_group_reduce_join_mutate,renoir,-1,6.056271036970429,3.468943729996681,2.5467694039689377,-1,0,cached,None
INFO,2024-06-26 14:59:27.633,test_nullable_group_reduce_join_mutate,renoir,0,6.282483526039869,3.687968462938443,2.554334755986929,-1,131072,cached,None
INFO,2024-06-26 14:59:34.030,test_nullable_group_reduce_join_mutate,renoir,1,6.395248507964425,3.7857652279781178,2.5689589210087433,-1,0,cached,None
INFO,2024-06-26 14:59:40.354,test_nullable_group_reduce_join_mutate,renoir,2,6.321248491993174,3.7109296950511634,2.5694799550110474,-1,0,cached,None
INFO,2024-06-26 14:59:46.645,test_nullable_group_reduce_join_mutate,renoir,3,6.288697381038219,3.673241296899505,2.575338699040003,-1,0,cached,None
INFO,2024-06-26 14:59:52.987,test_nullable_group_reduce_join_mutate,renoir,4,6.339417534996755,3.7503121440531686,2.5483758789487183,-1,0,cached,None
INFO,2024-06-26 14:59:55.125,test_nullable_inner_join_select,duckdb,-1,2.04616738401819,-1,-1,-1,0,csv,None
INFO,2024-06-26 14:59:57.162,test_nullable_inner_join_select,duckdb,0,2.0348267799708992,-1,-1,-1,-131072,csv,None
INFO,2024-06-26 14:59:59.205,test_nullable_inner_join_select,duckdb,1,2.039921491057612,-1,-1,-1,0,csv,None
INFO,2024-06-26 15:00:01.244,test_nullable_inner_join_select,duckdb,2,2.036664320039563,-1,-1,-1,0,csv,None
INFO,2024-06-26 15:00:03.288,test_nullable_inner_join_select,duckdb,3,2.041303931036964,-1,-1,-1,0,csv,None
INFO,2024-06-26 15:00:05.364,test_nullable_inner_join_select,duckdb,4,2.0742228931048885,-1,-1,-1,0,csv,None
INFO,2024-06-26 15:00:19.514,test_nullable_inner_join_select,duckdb,-1,0.10847413202282041,-1,-1,-1,0,cached,None
INFO,2024-06-26 15:00:19.672,test_nullable_inner_join_select,duckdb,0,0.15580132906325161,-1,-1,-1,0,cached,None
INFO,2024-06-26 15:00:19.782,test_nullable_inner_join_select,duckdb,1,0.1068525779992342,-1,-1,-1,0,cached,None
INFO,2024-06-26 15:00:19.891,test_nullable_inner_join_select,duckdb,2,0.10656733403448015,-1,-1,-1,262144,cached,None
INFO,2024-06-26 15:00:20.000,test_nullable_inner_join_select,duckdb,3,0.10741566098295152,-1,-1,-1,0,cached,None
INFO,2024-06-26 15:00:20.110,test_nullable_inner_join_select,duckdb,4,0.10700081300456077,-1,-1,-1,0,cached,None
INFO,2024-06-26 15:05:20.295,test_nullable_inner_join_select,polars,-1,-1,-1,-1,-1,-1,csv,run_timed killed function `execute` after timeout of 300s - skipping other runs with same combination of test_case + backend + table_origin
INFO,2024-06-26 15:10:23.123,test_nullable_inner_join_select,polars,-1,-1,-1,-1,-1,-1,cached,run_timed killed function `execute` after timeout of 300s - skipping other runs with same combination of test_case + backend + table_origin
INFO,2024-06-26 15:10:23.123,test_nullable_inner_join_select,renoir,-1,-1,-1,-1,-1,-1,csv,EnvironmentSettings does not exist in the JVM
INFO,2024-06-26 15:10:23.124,test_nullable_inner_join_select,renoir,-1,-1,-1,-1,-1,-1,cached,'c'
INFO,2024-06-26 15:10:26.622,test_nullable_inner_join_select,renoir,-1,3.4095113310031593,2.348207812057808,1.019043295062147,-1,0,csv,None
INFO,2024-06-26 15:10:29.943,test_nullable_inner_join_select,renoir,0,3.3186964070191607,2.2979140700772405,0.9783704449655488,-1,0,csv,None
INFO,2024-06-26 15:10:33.366,test_nullable_inner_join_select,renoir,1,3.4205384450033307,2.3490104150259867,1.0289674510713667,-1,0,csv,None
INFO,2024-06-26 15:10:36.747,test_nullable_inner_join_select,renoir,2,3.3786027310416102,2.3469829260138795,0.9888326099608094,-1,131072,csv,None
INFO,2024-06-26 15:10:40.135,test_nullable_inner_join_select,renoir,3,3.385427581029944,2.3160824549850076,1.0266978410072625,-1,0,csv,None
INFO,2024-06-26 15:10:43.519,test_nullable_inner_join_select,renoir,4,3.3813659920124337,2.317327980999835,1.0211613200372085,-1,0,csv,None
INFO,2024-06-26 15:10:47.014,test_nullable_inner_join_select,renoir,-1,3.4080839490052313,2.377166292979382,0.9885280639864504,-1,0,cached,None
INFO,2024-06-26 15:10:50.373,test_nullable_inner_join_select,renoir,0,3.3568616919219494,2.2986609740182757,1.0156236611073837,-1,0,cached,None
INFO,2024-06-26 15:10:53.743,test_nullable_inner_join_select,renoir,1,3.3671932090073824,2.3241773339686915,1.0004469139967114,-1,0,cached,None
INFO,2024-06-26 15:10:57.081,test_nullable_inner_join_select,renoir,2,3.3357850110623986,2.3075319200288504,0.9852550119394436,-1,131072,cached,None
INFO,2024-06-26 15:11:00.476,test_nullable_inner_join_select,renoir,3,3.3926574148936197,2.323401003028266,1.0263615440344438,-1,0,cached,None
INFO,2024-06-26 15:11:03.875,test_nullable_inner_join_select,renoir,4,3.396520309965126,2.329562520957552,1.0243828230304644,-1,0,cached,None
INFO,2024-06-26 15:11:08.360,test_nullable_join_group_reduce,duckdb,-1,4.372585023054853,-1,-1,-1,-1339027456,csv,None
INFO,2024-06-26 15:11:12.627,test_nullable_join_group_reduce,duckdb,0,4.2643410640303046,-1,-1,-1,0,csv,None
INFO,2024-06-26 15:11:16.887,test_nullable_join_group_reduce,duckdb,1,4.257366596953943,-1,-1,-1,0,csv,None
INFO,2024-06-26 15:11:21.149,test_nullable_join_group_reduce,duckdb,2,4.2597854300402105,-1,-1,-1,0,csv,None
INFO,2024-06-26 15:11:25.415,test_nullable_join_group_reduce,duckdb,3,4.263823469053023,-1,-1,-1,131072,csv,None
INFO,2024-06-26 15:11:29.666,test_nullable_join_group_reduce,duckdb,4,4.248282482032664,-1,-1,-1,0,csv,None
INFO,2024-06-26 15:11:45.653,test_nullable_join_group_reduce,duckdb,-1,1.8552331429673359,-1,-1,-1,0,cached,None
INFO,2024-06-26 15:11:47.509,test_nullable_join_group_reduce,duckdb,0,1.854104509926401,-1,-1,-1,131072,cached,None
INFO,2024-06-26 15:11:49.406,test_nullable_join_group_reduce,duckdb,1,1.8940088750096038,-1,-1,-1,0,cached,None
INFO,2024-06-26 15:11:51.256,test_nullable_join_group_reduce,duckdb,2,1.847490236046724,-1,-1,-1,0,cached,None
INFO,2024-06-26 15:11:53.118,test_nullable_join_group_reduce,duckdb,3,1.8588861390016973,-1,-1,-1,0,cached,None
INFO,2024-06-26 15:11:55.002,test_nullable_join_group_reduce,duckdb,4,1.881710187997669,-1,-1,-1,131072,cached,None
INFO,2024-06-26 15:16:55.110,test_nullable_join_group_reduce,polars,-1,-1,-1,-1,-1,-1,csv,run_timed killed function `execute` after timeout of 300s - skipping other runs with same combination of test_case + backend + table_origin
INFO,2024-06-26 15:21:58.011,test_nullable_join_group_reduce,polars,-1,-1,-1,-1,-1,-1,cached,run_timed killed function `execute` after timeout of 300s - skipping other runs with same combination of test_case + backend + table_origin
INFO,2024-06-26 15:21:58.012,test_nullable_join_group_reduce,renoir,-1,-1,-1,-1,-1,-1,csv,EnvironmentSettings does not exist in the JVM
INFO,2024-06-26 15:21:58.012,test_nullable_join_group_reduce,renoir,-1,-1,-1,-1,-1,-1,cached,'c'
INFO,2024-06-26 15:22:04.088,test_nullable_join_group_reduce,renoir,-1,5.984494126052596,3.5091601370368153,2.432086989050731,-1,-561496064,csv,None
INFO,2024-06-26 15:22:10.010,test_nullable_join_group_reduce,renoir,0,5.919906851020642,3.4425327490316704,2.4369956629816443,-1,0,csv,None
INFO,2024-06-26 15:22:15.922,test_nullable_join_group_reduce,renoir,1,5.909105885075405,3.4298089139629155,2.4387330000754446,-1,0,csv,None
INFO,2024-06-26 15:22:21.869,test_nullable_join_group_reduce,renoir,2,5.94408993399702,3.4678336480865255,2.435288798995316,-1,0,csv,None
INFO,2024-06-26 15:22:27.955,test_nullable_join_group_reduce,renoir,3,6.08368658402469,3.606406453065574,2.4356839110841975,-1,131072,csv,None
INFO,2024-06-26 15:22:33.923,test_nullable_join_group_reduce,renoir,4,5.9650919219711795,3.458141681039706,2.4657190290745348,-1,0,csv,None
INFO,2024-06-26 15:22:40.003,test_nullable_join_group_reduce,renoir,-1,5.991745405946858,3.495355472085066,2.4556706100702286,-1,0,cached,None
INFO,2024-06-26 15:22:45.984,test_nullable_join_group_reduce,renoir,0,5.977837389917113,3.498406972968951,2.4387522699544206,-1,0,cached,None
INFO,2024-06-26 15:22:52.110,test_nullable_join_group_reduce,renoir,1,6.123057319084182,3.6125042650382966,2.4697432110551745,-1,0,cached,None
INFO,2024-06-26 15:22:58.252,test_nullable_join_group_reduce,renoir,2,6.139479723060504,3.626454727957025,2.4721452990779653,-1,0,cached,None
INFO,2024-06-26 15:23:04.430,test_nullable_join_group_reduce,renoir,3,6.176021608989686,3.68813930102624,2.4444991489872336,-1,0,cached,None
INFO,2024-06-26 15:23:10.674,test_nullable_join_group_reduce,renoir,4,6.2406916349427775,3.7199970479123294,2.478980609914288,-1,131072,cached,None
INFO,2024-06-26 15:23:25.995,test_nullable_left_join,duckdb,-1,15.23164611007087,-1,-1,-1,0,csv,None
INFO,2024-06-26 15:23:41.217,test_nullable_left_join,duckdb,0,15.219881388009526,-1,-1,-1,0,csv,None
INFO,2024-06-26 15:23:56.490,test_nullable_left_join,duckdb,1,15.270938849076629,-1,-1,-1,0,csv,None
INFO,2024-06-26 15:24:11.687,test_nullable_left_join,duckdb,2,15.194097302970476,-1,-1,-1,0,csv,None
INFO,2024-06-26 15:24:26.896,test_nullable_left_join,duckdb,3,15.206847253022715,-1,-1,-1,0,csv,None
INFO,2024-06-26 15:24:42.132,test_nullable_left_join,duckdb,4,15.233866501017474,-1,-1,-1,0,csv,None
INFO,2024-06-26 15:25:09.389,test_nullable_left_join,duckdb,-1,13.219684834009968,-1,-1,-1,131072,cached,None
INFO,2024-06-26 15:25:22.587,test_nullable_left_join,duckdb,0,13.195870078983717,-1,-1,-1,0,cached,None
INFO,2024-06-26 15:25:35.694,test_nullable_left_join,duckdb,1,13.10407764709089,-1,-1,-1,0,cached,None
INFO,2024-06-26 15:25:48.879,test_nullable_left_join,duckdb,2,13.182183381053619,-1,-1,-1,0,cached,None
INFO,2024-06-26 15:26:02.146,test_nullable_left_join,duckdb,3,13.264874423970468,-1,-1,-1,0,cached,None
INFO,2024-06-26 15:26:15.384,test_nullable_left_join,duckdb,4,13.235481651965529,-1,-1,-1,0,cached,None
INFO,2024-06-26 15:31:15.568,test_nullable_left_join,polars,-1,-1,-1,-1,-1,-1,csv,run_timed killed function `execute` after timeout of 300s - skipping other runs with same combination of test_case + backend + table_origin
INFO,2024-06-26 15:36:18.531,test_nullable_left_join,polars,-1,-1,-1,-1,-1,-1,cached,run_timed killed function `execute` after timeout of 300s - skipping other runs with same combination of test_case + backend + table_origin
INFO,2024-06-26 15:36:18.532,test_nullable_left_join,renoir,-1,-1,-1,-1,-1,-1,csv,EnvironmentSettings does not exist in the JVM
INFO,2024-06-26 15:36:18.532,test_nullable_left_join,renoir,-1,-1,-1,-1,-1,-1,cached,'c'
INFO,2024-06-26 15:36:23.609,test_nullable_left_join,renoir,-1,4.988810279057361,2.374967414070852,2.570534828933887,-1,-561496064,csv,None
INFO,2024-06-26 15:36:28.655,test_nullable_left_join,renoir,0,5.043191271019168,2.3599824459524825,2.6412352009210736,-1,0,csv,None
INFO,2024-06-26 15:36:33.620,test_nullable_left_join,renoir,1,4.961889496073127,2.3698398619890213,2.5510035830084234,-1,0,csv,None
INFO,2024-06-26 15:36:38.449,test_nullable_left_join,renoir,2,4.826544260024093,2.217699958011508,2.567541482974775,-1,131072,csv,None
INFO,2024-06-26 15:36:43.342,test_nullable_left_join,renoir,3,4.890949369990267,2.257895584916696,2.588964855996892,-1,0,csv,None
INFO,2024-06-26 15:36:48.278,test_nullable_left_join,renoir,4,4.932802845956758,2.304235129035078,2.5846967299003154,-1,0,csv,None
INFO,2024-06-26 15:36:53.216,test_nullable_left_join,renoir,-1,4.846261396072805,2.2325517860008404,2.5724804820492864,-1,0,cached,None
INFO,2024-06-26 15:36:58.200,test_nullable_left_join,renoir,0,4.9810987749369815,2.363222760031931,2.5753560779849067,-1,0,cached,None
INFO,2024-06-26 15:37:03.147,test_nullable_left_join,renoir,1,4.943754588952288,2.3350635160459206,2.5667716179741547,-1,0,cached,None
INFO,2024-06-26 15:37:08.126,test_nullable_left_join,renoir,2,4.97677377902437,2.3589569920441136,2.575450783013366,-1,0,cached,None
INFO,2024-06-26 15:37:13.289,test_nullable_left_join,renoir,3,5.1601547200698406,2.481636160053313,2.637071724049747,-1,0,cached,None
INFO,2024-06-26 15:37:18.376,test_nullable_left_join,renoir,4,5.085382028017193,2.4217629700433463,2.6188009929610416,-1,0,cached,None
INFO,2024-06-26 15:37:18.558,test_nullable_outer_join,duckdb,-1,0.08964382798876613,-1,-1,-1,0,csv,None
INFO,2024-06-26 15:38:04.518,test_nullable_outer_join,duckdb,0,45.95820804708637,-1,-1,-1,-1330724864,csv,None
INFO,2024-06-26 15:38:50.376,test_nullable_outer_join,duckdb,1,45.8551499939058,-1,-1,-1,131072,csv,None
INFO,2024-06-26 15:39:36.207,test_nullable_outer_join,duckdb,2,45.82906410691794,-1,-1,-1,0,csv,None
INFO,2024-06-26 15:40:22.299,test_nullable_outer_join,duckdb,3,46.08928651397582,-1,-1,-1,0,csv,None
INFO,2024-06-26 15:41:07.941,test_nullable_outer_join,duckdb,4,45.639399072970264,-1,-1,-1,0,csv,None
INFO,2024-06-26 15:42:06.611,test_nullable_outer_join,duckdb,-1,44.31793152401224,-1,-1,-1,262144,cached,None
INFO,2024-06-26 15:42:51.939,test_nullable_outer_join,duckdb,0,45.325195724959485,-1,-1,-1,131072,cached,None
INFO,2024-06-26 15:43:36.509,test_nullable_outer_join,duckdb,1,44.566990931052715,-1,-1,-1,0,cached,None
INFO,2024-06-26 15:44:21.134,test_nullable_outer_join,duckdb,2,44.62281160301063,-1,-1,-1,0,cached,None
INFO,2024-06-26 15:45:08.628,test_nullable_outer_join,duckdb,3,47.49155321600847,-1,-1,-1,0,cached,None
INFO,2024-06-26 15:45:52.951,test_nullable_outer_join,duckdb,4,44.32013124099467,-1,-1,-1,131072,cached,None
INFO,2024-06-26 15:50:53.052,test_nullable_outer_join,polars,-1,-1,-1,-1,-1,-1,csv,run_timed killed function `execute` after timeout of 300s - skipping other runs with same combination of test_case + backend + table_origin
INFO,2024-06-26 15:55:55.985,test_nullable_outer_join,polars,-1,-1,-1,-1,-1,-1,cached,run_timed killed function `execute` after timeout of 300s - skipping other runs with same combination of test_case + backend + table_origin
INFO,2024-06-26 15:55:55.986,test_nullable_outer_join,renoir,-1,-1,-1,-1,-1,-1,csv,EnvironmentSettings does not exist in the JVM
INFO,2024-06-26 15:55:55.987,test_nullable_outer_join,renoir,-1,-1,-1,-1,-1,-1,cached,'c'
INFO,2024-06-26 15:56:01.502,test_nullable_outer_join,renoir,-1,5.422901978017762,2.309079908998683,3.070762076997198,-1,-561496064,csv,None
INFO,2024-06-26 15:56:06.960,test_nullable_outer_join,renoir,0,5.455268773017451,2.326150221982971,3.0875134440138936,-1,0,csv,None
INFO,2024-06-26 15:56:12.367,test_nullable_outer_join,renoir,1,5.404071504017338,2.3233964659739286,3.037437473074533,-1,0,csv,None
INFO,2024-06-26 15:56:17.767,test_nullable_outer_join,renoir,2,5.397043209057301,2.291146749048494,3.063815000001341,-1,131072,csv,None
INFO,2024-06-26 15:56:23.274,test_nullable_outer_join,renoir,3,5.503753660013899,2.3554186419351026,3.1067721070721745,-1,0,csv,None
INFO,2024-06-26 15:56:28.567,test_nullable_outer_join,renoir,4,5.2907685718964785,2.2627158790128306,2.986434266087599,-1,0,csv,None
INFO,2024-06-26 15:56:33.934,test_nullable_outer_join,renoir,-1,5.272690368001349,2.238771706004627,2.9924316910328344,-1,0,cached,None
INFO,2024-06-26 15:56:39.405,test_nullable_outer_join,renoir,0,5.467683458002284,2.339251803001389,3.086141373962164,-1,0,cached,None
INFO,2024-06-26 15:56:44.741,test_nullable_outer_join,renoir,1,5.334221287979744,2.256355126039125,3.035994236008264,-1,0,cached,None
INFO,2024-06-26 15:56:50.230,test_nullable_outer_join,renoir,2,5.485728401923552,2.3152282590745017,3.1271208529360592,-1,0,cached,None
INFO,2024-06-26 15:56:55.735,test_nullable_outer_join,renoir,3,5.50249492994044,2.354149267077446,3.106185312033631,-1,0,cached,None
INFO,2024-06-26 15:57:01.180,test_nullable_outer_join,renoir,4,5.442491548019461,2.332946871058084,3.067822449025698,-1,0,cached,None
INFO,2024-06-26 15:57:06.075,test_nullable_windowing_explicit,duckdb,-1,4.806176245911047,-1,-1,-1,0,csv,None
INFO,2024-06-26 15:57:10.853,test_nullable_windowing_explicit,duckdb,0,4.775612142053433,-1,-1,-1,0,csv,None
INFO,2024-06-26 15:57:15.628,test_nullable_windowing_explicit,duckdb,1,4.771870944998227,-1,-1,-1,131072,csv,None
INFO,2024-06-26 15:57:20.404,test_nullable_windowing_explicit,duckdb,2,4.773509848047979,-1,-1,-1,0,csv,None
INFO,2024-06-26 15:57:25.181,test_nullable_windowing_explicit,duckdb,3,4.775188200059347,-1,-1,-1,-131072,csv,None
INFO,2024-06-26 15:57:29.959,test_nullable_windowing_explicit,duckdb,4,4.775364572997205,-1,-1,-1,131072,csv,None
INFO,2024-06-26 15:57:47.872,test_nullable_windowing_explicit,duckdb,-1,3.902910334058106,-1,-1,-1,131072,cached,None
INFO,2024-06-26 15:57:51.741,test_nullable_windowing_explicit,duckdb,0,3.865895460941829,-1,-1,-1,131072,cached,None
INFO,2024-06-26 15:57:55.612,test_nullable_windowing_explicit,duckdb,1,3.8688469330081716,-1,-1,-1,0,cached,None
INFO,2024-06-26 15:57:59.484,test_nullable_windowing_explicit,duckdb,2,3.8697256490122527,-1,-1,-1,131072,cached,None
INFO,2024-06-26 15:58:03.360,test_nullable_windowing_explicit,duckdb,3,3.8737057719845325,-1,-1,-1,0,cached,None
INFO,2024-06-26 15:58:07.233,test_nullable_windowing_explicit,duckdb,4,3.8698889689985663,-1,-1,-1,131072,cached,None
INFO,2024-06-26 15:58:07.332,test_nullable_windowing_explicit,polars,-1,0.0954636309761554,-1,-1,-1,-131072,csv,None
INFO,2024-06-26 15:58:07.445,test_nullable_windowing_explicit,polars,0,0.11009109497535974,-1,-1,-1,131072,csv,None
INFO,2024-06-26 15:58:07.533,test_nullable_windowing_explicit,polars,1,0.08624203503131866,-1,-1,-1,0,csv,None
INFO,2024-06-26 15:58:07.622,test_nullable_windowing_explicit,polars,2,0.08612100593745708,-1,-1,-1,0,csv,None
INFO,2024-06-26 15:58:07.710,test_nullable_windowing_explicit,polars,3,0.08592831494752318,-1,-1,-1,0,csv,None
INFO,2024-06-26 15:58:07.800,test_nullable_windowing_explicit,polars,4,0.08671221195254475,-1,-1,-1,131072,csv,None
INFO,2024-06-26 15:58:10.611,test_nullable_windowing_explicit,polars,-1,0.08602554094977677,-1,-1,-1,0,cached,None
INFO,2024-06-26 15:58:10.704,test_nullable_windowing_explicit,polars,0,0.09010081191081554,-1,-1,-1,0,cached,None
INFO,2024-06-26 15:58:10.863,test_nullable_windowing_explicit,polars,1,0.1564089860767126,-1,-1,-1,0,cached,None
INFO,2024-06-26 15:58:10.958,test_nullable_windowing_explicit,polars,2,0.0920457299798727,-1,-1,-1,0,cached,None
INFO,2024-06-26 15:58:11.047,test_nullable_windowing_explicit,polars,3,0.08693062094971538,-1,-1,-1,0,cached,None
INFO,2024-06-26 15:58:11.136,test_nullable_windowing_explicit,polars,4,0.08656195097137243,-1,-1,-1,-161513472,cached,None
INFO,2024-06-26 15:58:11.137,test_nullable_windowing_explicit,renoir,-1,-1,-1,-1,-1,-1,csv,EnvironmentSettings does not exist in the JVM
INFO,2024-06-26 15:58:11.138,test_nullable_windowing_explicit,renoir,-1,-1,-1,-1,-1,-1,cached,'c'
INFO,2024-06-26 15:58:14.323,test_nullable_windowing_explicit,renoir,-1,3.098491496988572,1.6198081630282104,1.4357265980215743,-1,-241180672,csv,None
INFO,2024-06-26 15:58:17.329,test_nullable_windowing_explicit,renoir,0,3.0027500819414854,1.646769669954665,1.3121704900404438,-1,-561467392,csv,None
INFO,2024-06-26 15:58:20.424,test_nullable_windowing_explicit,renoir,1,3.0929697320098057,1.629866519011557,1.4203313089674339,-1,0,csv,None
INFO,2024-06-26 15:58:23.440,test_nullable_windowing_explicit,renoir,2,3.0137995629338548,1.635374796926044,1.3360530810896307,-1,0,csv,None
INFO,2024-06-26 15:58:26.491,test_nullable_windowing_explicit,renoir,3,3.0484629969578236,1.6609695040388033,1.3449353519827127,-1,0,csv,None
INFO,2024-06-26 15:58:29.506,test_nullable_windowing_explicit,renoir,4,3.01221967197489,1.6568976839771494,1.3127391260350123,-1,0,csv,None
INFO,2024-06-26 15:58:32.630,test_nullable_windowing_explicit,renoir,-1,3.0361544110346586,1.6486402769805863,1.3450232109753415,-1,0,cached,None
INFO,2024-06-26 15:58:35.702,test_nullable_windowing_explicit,renoir,0,3.0695003420114517,1.7073149109492078,1.3193509669508785,-1,0,cached,None
INFO,2024-06-26 15:58:38.682,test_nullable_windowing_explicit,renoir,1,2.97801702900324,1.6010906209703535,1.334036484011449,-1,0,cached,None
INFO,2024-06-26 15:58:41.763,test_nullable_windowing_explicit,renoir,2,3.078697731019929,1.613757831044495,1.4224229200044647,-1,0,cached,None
INFO,2024-06-26 15:58:44.895,test_nullable_windowing_explicit,renoir,3,3.1292295299936086,1.63668863393832,1.4497378979576752,-1,0,cached,None
INFO,2024-06-26 15:58:47.834,test_nullable_windowing_explicit,renoir,4,2.9357776360120624,1.641043132985942,1.2515195360174403,-1,0,cached,None
INFO,2024-06-26 15:58:58.982,test_nullable_windowing_explicit_group,duckdb,-1,11.059499375987798,-1,-1,-1,-1339723776,csv,None
INFO,2024-06-26 15:59:09.940,test_nullable_windowing_explicit_group,duckdb,0,10.955292966915295,-1,-1,-1,-131072,csv,None
INFO,2024-06-26 15:59:20.955,test_nullable_windowing_explicit_group,duckdb,1,11.012469417997636,-1,-1,-1,0,csv,None
INFO,2024-06-26 15:59:31.943,test_nullable_windowing_explicit_group,duckdb,2,10.985473610111512,-1,-1,-1,131072,csv,None
INFO,2024-06-26 15:59:42.952,test_nullable_windowing_explicit_group,duckdb,3,11.006548239965923,-1,-1,-1,-262144,csv,None
INFO,2024-06-26 15:59:53.889,test_nullable_windowing_explicit_group,duckdb,4,10.935130032012239,-1,-1,-1,0,csv,None
INFO,2024-06-26 16:00:17.652,test_nullable_windowing_explicit_group,duckdb,-1,9.612778277951293,-1,-1,-1,0,cached,None
INFO,2024-06-26 16:00:27.274,test_nullable_windowing_explicit_group,duckdb,0,9.619401375995949,-1,-1,-1,131072,cached,None
INFO,2024-06-26 16:00:36.884,test_nullable_windowing_explicit_group,duckdb,1,9.607339237001725,-1,-1,-1,131072,cached,None
INFO,2024-06-26 16:00:49.493,test_nullable_windowing_explicit_group,duckdb,2,12.60655400401447,-1,-1,-1,131072,cached,None
INFO,2024-06-26 16:00:59.096,test_nullable_windowing_explicit_group,duckdb,3,9.601155276992358,-1,-1,-1,0,cached,None
INFO,2024-06-26 16:01:08.730,test_nullable_windowing_explicit_group,duckdb,4,9.630819750018418,-1,-1,-1,0,cached,None
INFO,2024-06-26 16:01:08.819,test_nullable_windowing_explicit_group,polars,-1,0.08561912691220641,-1,-1,-1,0,csv,None
INFO,2024-06-26 16:01:08.908,test_nullable_windowing_explicit_group,polars,0,0.08586032397579402,-1,-1,-1,0,csv,None
INFO,2024-06-26 16:01:09.053,test_nullable_windowing_explicit_group,polars,1,0.14291530894115567,-1,-1,-1,0,csv,None
INFO,2024-06-26 16:01:09.142,test_nullable_windowing_explicit_group,polars,2,0.08643251692410558,-1,-1,-1,0,csv,None
INFO,2024-06-26 16:01:09.232,test_nullable_windowing_explicit_group,polars,3,0.0876307530561462,-1,-1,-1,0,csv,None
INFO,2024-06-26 16:01:09.321,test_nullable_windowing_explicit_group,polars,4,0.08675157895777375,-1,-1,-1,0,csv,None
INFO,2024-06-26 16:01:12.149,test_nullable_windowing_explicit_group,polars,-1,0.0875772200524807,-1,-1,-1,0,cached,None
INFO,2024-06-26 16:01:12.240,test_nullable_windowing_explicit_group,polars,0,0.08804895600769669,-1,-1,-1,0,cached,None
INFO,2024-06-26 16:01:12.330,test_nullable_windowing_explicit_group,polars,1,0.08811597304884344,-1,-1,-1,-161497088,cached,None
INFO,2024-06-26 16:01:12.420,test_nullable_windowing_explicit_group,polars,2,0.08728026202879846,-1,-1,-1,131072,cached,None
INFO,2024-06-26 16:01:12.511,test_nullable_windowing_explicit_group,polars,3,0.08785173890646547,-1,-1,-1,131072,cached,None
INFO,2024-06-26 16:01:12.601,test_nullable_windowing_explicit_group,polars,4,0.08800372399855405,-1,-1,-1,0,cached,None
INFO,2024-06-26 16:01:12.601,test_nullable_windowing_explicit_group,renoir,-1,-1,-1,-1,-1,-1,csv,EnvironmentSettings does not exist in the JVM
INFO,2024-06-26 16:01:12.602,test_nullable_windowing_explicit_group,renoir,-1,-1,-1,-1,-1,-1,cached,'c'
INFO,2024-06-26 16:01:16.436,test_nullable_windowing_explicit_group,renoir,-1,3.7435394460335374,1.7128253820119426,1.9871051659574732,-1,-241205248,csv,None
INFO,2024-06-26 16:01:21.356,test_nullable_windowing_explicit_group,renoir,0,4.917793418979272,1.6748489870224148,2.0204179220600054,-1,0,csv,None
INFO,2024-06-26 16:01:25.158,test_nullable_windowing_explicit_group,renoir,1,3.799852513941005,1.7269273080164567,2.0298629800090566,-1,0,csv,None
INFO,2024-06-26 16:01:28.874,test_nullable_windowing_explicit_group,renoir,2,3.713568657054566,1.6825370120350271,1.9861556169344112,-1,0,csv,None
INFO,2024-06-26 16:01:32.638,test_nullable_windowing_explicit_group,renoir,3,3.7610322600230575,1.6876950450241566,2.028174028964713,-1,0,csv,None
INFO,2024-06-26 16:01:36.400,test_nullable_windowing_explicit_group,renoir,4,3.759372194064781,1.7172876020194963,1.9987062949221581,-1,0,csv,None
INFO,2024-06-26 16:01:40.253,test_nullable_windowing_explicit_group,renoir,-1,3.7636351350229234,1.7236837990349159,1.9969555860152468,-1,0,cached,None
INFO,2024-06-26 16:01:43.986,test_nullable_windowing_explicit_group,renoir,0,3.730831910041161,1.6618841170566157,2.0252180610550568,-1,0,cached,None
INFO,2024-06-26 16:01:47.775,test_nullable_windowing_explicit_group,renoir,1,3.786481864983216,1.7363682170398533,2.00636217801366,-1,0,cached,None
INFO,2024-06-26 16:01:51.537,test_nullable_windowing_explicit_group,renoir,2,3.759510269970633,1.7170192940393463,1.9988729020114988,-1,0,cached,None
INFO,2024-06-26 16:01:55.294,test_nullable_windowing_explicit_group,renoir,3,3.7539784379769117,1.7094155399827287,2.001510896952823,-1,0,cached,None
INFO,2024-06-26 16:01:59.023,test_nullable_windowing_explicit_group,renoir,4,3.7265502370428294,1.6601230300730094,2.0228141529951245,-1,0,cached,None
INFO,2024-06-26 16:02:04.078,test_nullable_windowing_explicit_window_far,duckdb,-1,4.9665149949723855,-1,-1,-1,0,csv,None
INFO,2024-06-26 16:02:09.090,test_nullable_windowing_explicit_window_far,duckdb,0,5.009677489986643,-1,-1,-1,0,csv,None
INFO,2024-06-26 16:02:14.066,test_nullable_windowing_explicit_window_far,duckdb,1,4.973717426997609,-1,-1,-1,0,csv,None
INFO,2024-06-26 16:02:19.040,test_nullable_windowing_explicit_window_far,duckdb,2,4.97096113092266,-1,-1,-1,131072,csv,None
INFO,2024-06-26 16:02:24.009,test_nullable_windowing_explicit_window_far,duckdb,3,4.96674626506865,-1,-1,-1,-131072,csv,None
INFO,2024-06-26 16:02:28.975,test_nullable_windowing_explicit_window_far,duckdb,4,4.963391701923683,-1,-1,-1,131072,csv,None
INFO,2024-06-26 16:02:47.110,test_nullable_windowing_explicit_window_far,duckdb,-1,4.04238046403043,-1,-1,-1,0,cached,None
INFO,2024-06-26 16:02:51.158,test_nullable_windowing_explicit_window_far,duckdb,0,4.04485034593381,-1,-1,-1,0,cached,None
INFO,2024-06-26 16:02:55.196,test_nullable_windowing_explicit_window_far,duckdb,1,4.036012184922583,-1,-1,-1,131072,cached,None
INFO,2024-06-26 16:02:59.258,test_nullable_windowing_explicit_window_far,duckdb,2,4.059283290058374,-1,-1,-1,0,cached,None
INFO,2024-06-26 16:03:03.297,test_nullable_windowing_explicit_window_far,duckdb,3,4.036660333047621,-1,-1,-1,131072,cached,None
INFO,2024-06-26 16:03:07.361,test_nullable_windowing_explicit_window_far,duckdb,4,4.061193848028779,-1,-1,-1,0,cached,None
INFO,2024-06-26 16:03:07.453,test_nullable_windowing_explicit_window_far,polars,-1,0.08824054105207324,-1,-1,-1,0,csv,None
INFO,2024-06-26 16:03:07.596,test_nullable_windowing_explicit_window_far,polars,0,0.14098809601273388,-1,-1,-1,131072,csv,None
INFO,2024-06-26 16:03:07.687,test_nullable_windowing_explicit_window_far,polars,1,0.08884212200064212,-1,-1,-1,0,csv,None
INFO,2024-06-26 16:03:07.778,test_nullable_windowing_explicit_window_far,polars,2,0.08870692900381982,-1,-1,-1,0,csv,None
INFO,2024-06-26 16:03:07.870,test_nullable_windowing_explicit_window_far,polars,3,0.0887423399835825,-1,-1,-1,0,csv,None
INFO,2024-06-26 16:03:07.961,test_nullable_windowing_explicit_window_far,polars,4,0.08862644399050623,-1,-1,-1,0,csv,None
INFO,2024-06-26 16:03:10.777,test_nullable_windowing_explicit_window_far,polars,-1,0.08950843196362257,-1,-1,-1,0,cached,None
INFO,2024-06-26 16:03:10.869,test_nullable_windowing_explicit_window_far,polars,0,0.08960490894969553,-1,-1,-1,0,cached,None
INFO,2024-06-26 16:03:10.961,test_nullable_windowing_explicit_window_far,polars,1,0.08942704496439546,-1,-1,-1,0,cached,None
INFO,2024-06-26 16:03:11.053,test_nullable_windowing_explicit_window_far,polars,2,0.08938207395840436,-1,-1,-1,0,cached,None
INFO,2024-06-26 16:03:11.145,test_nullable_windowing_explicit_window_far,polars,3,0.08933675906155258,-1,-1,-1,0,cached,None
INFO,2024-06-26 16:03:11.237,test_nullable_windowing_explicit_window_far,polars,4,0.08961832290515304,-1,-1,-1,131072,cached,None
INFO,2024-06-26 16:03:11.237,test_nullable_windowing_explicit_window_far,renoir,-1,-1,-1,-1,-1,-1,csv,EnvironmentSettings does not exist in the JVM
INFO,2024-06-26 16:03:11.238,test_nullable_windowing_explicit_window_far,renoir,-1,-1,-1,-1,-1,-1,cached,'c'
INFO,2024-06-26 16:03:14.301,test_nullable_windowing_explicit_window_far,renoir,-1,2.974547438090667,1.6377291849348694,1.2927308609941974,-1,-241213440,csv,None
INFO,2024-06-26 16:03:17.267,test_nullable_windowing_explicit_window_far,renoir,0,2.9632972120307386,1.6182062429143116,1.2998388910200447,-1,-561463296,csv,None
INFO,2024-06-26 16:03:20.238,test_nullable_windowing_explicit_window_far,renoir,1,2.968292737030424,1.6329424600116909,1.2921060799853876,-1,0,csv,None
INFO,2024-06-26 16:03:23.159,test_nullable_windowing_explicit_window_far,renoir,2,2.918861258076504,1.598528511938639,1.2765677479328588,-1,0,csv,None
INFO,2024-06-26 16:03:26.163,test_nullable_windowing_explicit_window_far,renoir,3,3.001679916982539,1.641557905008085,1.3163577619707212,-1,0,csv,None
INFO,2024-06-26 16:03:29.164,test_nullable_windowing_explicit_window_far,renoir,4,2.9979660459794104,1.6513188909739256,1.3032359370263293,-1,-131072,csv,None
INFO,2024-06-26 16:03:32.177,test_nullable_windowing_explicit_window_far,renoir,-1,2.925642004935071,1.6153281970182434,1.2668992329854518,-1,0,cached,None
INFO,2024-06-26 16:03:35.096,test_nullable_windowing_explicit_window_far,renoir,0,2.916059619979933,1.6451683270279318,1.2091757939197123,-1,-1905995776,cached,None
INFO,2024-06-26 16:03:38.158,test_nullable_windowing_explicit_window_far,renoir,1,3.060313103022054,1.6106645619729534,1.4123033450450748,-1,0,cached,None
INFO,2024-06-26 16:03:41.130,test_nullable_windowing_explicit_window_far,renoir,2,2.9694302930729464,1.6317421849817038,1.2999563490739092,-1,0,cached,None
INFO,2024-06-26 16:03:44.106,test_nullable_windowing_explicit_window_far,renoir,3,2.9733440299751237,1.6343305859481916,1.301584089989774,-1,0,cached,None
INFO,2024-06-26 16:03:47.054,test_nullable_windowing_explicit_window_far,renoir,4,2.9453619279665872,1.6084082439774647,1.299617470940575,-1,0,cached,None
INFO,2024-06-26 16:03:54.247,test_nullable_windowing_implicit_group,duckdb,-1,7.101537045091391,-1,-1,-1,-1048576,csv,None
INFO,2024-06-26 16:04:01.318,test_nullable_windowing_implicit_group,duckdb,0,7.068677945993841,-1,-1,-1,-131072,csv,None
INFO,2024-06-26 16:04:08.406,test_nullable_windowing_implicit_group,duckdb,1,7.085245466092601,-1,-1,-1,131072,csv,None
INFO,2024-06-26 16:04:15.479,test_nullable_windowing_implicit_group,duckdb,2,7.070973269990645,-1,-1,-1,-131072,csv,None
INFO,2024-06-26 16:04:22.598,test_nullable_windowing_implicit_group,duckdb,3,7.116328665055335,-1,-1,-1,131072,csv,None
INFO,2024-06-26 16:04:29.665,test_nullable_windowing_implicit_group,duckdb,4,7.064146941062063,-1,-1,-1,0,csv,None
INFO,2024-06-26 16:04:49.740,test_nullable_windowing_implicit_group,duckdb,-1,5.903216768987477,-1,-1,-1,0,cached,None
INFO,2024-06-26 16:04:55.638,test_nullable_windowing_implicit_group,duckdb,0,5.896085983957164,-1,-1,-1,0,cached,None
INFO,2024-06-26 16:05:01.525,test_nullable_windowing_implicit_group,duckdb,1,5.884348606923595,-1,-1,-1,0,cached,None
INFO,2024-06-26 16:05:07.390,test_nullable_windowing_implicit_group,duckdb,2,5.862415971932933,-1,-1,-1,0,cached,None
INFO,2024-06-26 16:05:13.240,test_nullable_windowing_implicit_group,duckdb,3,5.847898119944148,-1,-1,-1,0,cached,None
INFO,2024-06-26 16:05:19.098,test_nullable_windowing_implicit_group,duckdb,4,5.855142364976928,-1,-1,-1,131072,cached,None
INFO,2024-06-26 16:05:19.189,test_nullable_windowing_implicit_group,polars,-1,0.08708493504673243,-1,-1,-1,0,csv,None
INFO,2024-06-26 16:05:19.279,test_nullable_windowing_implicit_group,polars,0,0.08686766505707055,-1,-1,-1,131072,csv,None
INFO,2024-06-26 16:05:19.368,test_nullable_windowing_implicit_group,polars,1,0.0870158988982439,-1,-1,-1,0,csv,None
INFO,2024-06-26 16:05:19.458,test_nullable_windowing_implicit_group,polars,2,0.08729368296917528,-1,-1,-1,0,csv,None
INFO,2024-06-26 16:05:19.550,test_nullable_windowing_implicit_group,polars,3,0.08951974892988801,-1,-1,-1,131072,csv,None
INFO,2024-06-26 16:05:19.639,test_nullable_windowing_implicit_group,polars,4,0.08705867594107985,-1,-1,-1,0,csv,None
INFO,2024-06-26 16:05:22.492,test_nullable_windowing_implicit_group,polars,-1,0.08874471392482519,-1,-1,-1,0,cached,None
INFO,2024-06-26 16:05:22.583,test_nullable_windowing_implicit_group,polars,0,0.08849298988934606,-1,-1,-1,0,cached,None
INFO,2024-06-26 16:05:22.674,test_nullable_windowing_implicit_group,polars,1,0.08885174198076129,-1,-1,-1,0,cached,None
INFO,2024-06-26 16:05:22.765,test_nullable_windowing_implicit_group,polars,2,0.08883467002306134,-1,-1,-1,0,cached,None
INFO,2024-06-26 16:05:22.911,test_nullable_windowing_implicit_group,polars,3,0.14351843297481537,-1,-1,-1,0,cached,None
INFO,2024-06-26 16:05:23.007,test_nullable_windowing_implicit_group,polars,4,0.09196818096097559,-1,-1,-1,131072,cached,None
INFO,2024-06-26 16:05:23.007,test_nullable_windowing_implicit_group,renoir,-1,-1,-1,-1,-1,-1,csv,EnvironmentSettings does not exist in the JVM
INFO,2024-06-26 16:05:23.008,test_nullable_windowing_implicit_group,renoir,-1,-1,-1,-1,-1,-1,cached,'c'
INFO,2024-06-26 16:05:37.801,test_nullable_windowing_implicit_group,renoir,-1,14.703262761002406,3.771013622987084,10.88893057894893,-1,-802668544,csv,None
INFO,2024-06-26 16:05:52.603,test_nullable_windowing_implicit_group,renoir,0,14.799306568922475,3.804450321942568,10.950658475980163,-1,0,csv,None
INFO,2024-06-26 16:06:07.272,test_nullable_windowing_implicit_group,renoir,1,14.666328868013807,3.7677060730056837,10.854136140900664,-1,0,csv,None
INFO,2024-06-26 16:06:22.013,test_nullable_windowing_implicit_group,renoir,2,14.738528990885243,3.7896536559564993,10.90546270890627,-1,0,csv,None
INFO,2024-06-26 16:06:36.907,test_nullable_windowing_implicit_group,renoir,3,14.892266648006625,3.9431622490519658,10.905024091014639,-1,0,csv,None
INFO,2024-06-26 16:06:51.676,test_nullable_windowing_implicit_group,renoir,4,14.766185258049518,3.733787857927382,10.988872606074437,-1,131072,csv,None
INFO,2024-06-26 16:07:06.554,test_nullable_windowing_implicit_group,renoir,-1,14.789613394998014,3.8590169169474393,10.887038940913044,-1,0,cached,None
INFO,2024-06-26 16:07:21.350,test_nullable_windowing_implicit_group,renoir,0,14.793385986005887,3.7909354380099103,10.958241358981468,-1,0,cached,None
INFO,2024-06-26 16:07:36.065,test_nullable_windowing_implicit_group,renoir,1,14.711735257995315,3.8095464379293844,10.858791499980725,-1,-131072,cached,None
INFO,2024-06-26 16:07:50.988,test_nullable_windowing_implicit_group,renoir,2,14.921328729018569,3.875834448961541,11.0011203980539,-1,0,cached,None
INFO,2024-06-26 16:08:05.790,test_nullable_windowing_implicit_group,renoir,3,14.79928859998472,3.7803933629766107,10.975211172946729,-1,0,cached,None
INFO,2024-06-26 16:08:20.495,test_nullable_windowing_implicit_group,renoir,4,14.701822155970149,3.7944653999293223,10.86382326099556,-1,0,cached,None
INFO,2024-06-26 16:08:24.971,test_nullable_windowing_implicit_mean,duckdb,-1,4.388372340938076,-1,-1,-1,0,csv,None
INFO,2024-06-26 16:08:29.389,test_nullable_windowing_implicit_mean,duckdb,0,4.416126771015115,-1,-1,-1,0,csv,None
INFO,2024-06-26 16:08:33.779,test_nullable_windowing_implicit_mean,duckdb,1,4.387588933925144,-1,-1,-1,-131072,csv,None
INFO,2024-06-26 16:08:38.158,test_nullable_windowing_implicit_mean,duckdb,2,4.376086770906113,-1,-1,-1,0,csv,None
INFO,2024-06-26 16:08:42.539,test_nullable_windowing_implicit_mean,duckdb,3,4.378606221987866,-1,-1,-1,0,csv,None
INFO,2024-06-26 16:08:48.452,test_nullable_windowing_implicit_mean,duckdb,4,5.910631985985674,-1,-1,-1,262144,csv,None
INFO,2024-06-26 16:09:06.329,test_nullable_windowing_implicit_mean,duckdb,-1,3.5271250340156257,-1,-1,-1,131072,cached,None
INFO,2024-06-26 16:09:09.829,test_nullable_windowing_implicit_mean,duckdb,0,3.4973639600211754,-1,-1,-1,131072,cached,None
INFO,2024-06-26 16:09:13.327,test_nullable_windowing_implicit_mean,duckdb,1,3.4952080299844965,-1,-1,-1,0,cached,None
INFO,2024-06-26 16:09:16.828,test_nullable_windowing_implicit_mean,duckdb,2,3.4990089760394767,-1,-1,-1,0,cached,None
INFO,2024-06-26 16:09:20.362,test_nullable_windowing_implicit_mean,duckdb,3,3.530900812940672,-1,-1,-1,0,cached,None
INFO,2024-06-26 16:09:23.901,test_nullable_windowing_implicit_mean,duckdb,4,3.5371754249790683,-1,-1,-1,0,cached,None
INFO,2024-06-26 16:09:23.993,test_nullable_windowing_implicit_mean,polars,-1,0.08828144602011889,-1,-1,-1,131072,csv,None
INFO,2024-06-26 16:09:24.084,test_nullable_windowing_implicit_mean,polars,0,0.08793492405675352,-1,-1,-1,0,csv,None
INFO,2024-06-26 16:09:24.176,test_nullable_windowing_implicit_mean,polars,1,0.08977080299519002,-1,-1,-1,0,csv,None
INFO,2024-06-26 16:09:24.269,test_nullable_windowing_implicit_mean,polars,2,0.08989352302160114,-1,-1,-1,0,csv,None
INFO,2024-06-26 16:09:24.360,test_nullable_windowing_implicit_mean,polars,3,0.08847705798689276,-1,-1,-1,131072,csv,None
INFO,2024-06-26 16:09:24.451,test_nullable_windowing_implicit_mean,polars,4,0.08867761096917093,-1,-1,-1,131072,csv,None
INFO,2024-06-26 16:09:27.278,test_nullable_windowing_implicit_mean,polars,-1,0.08935814909636974,-1,-1,-1,0,cached,None
INFO,2024-06-26 16:09:27.370,test_nullable_windowing_implicit_mean,polars,0,0.08992239099461585,-1,-1,-1,0,cached,None
INFO,2024-06-26 16:09:27.462,test_nullable_windowing_implicit_mean,polars,1,0.08962722995784134,-1,-1,-1,0,cached,None
INFO,2024-06-26 16:09:27.554,test_nullable_windowing_implicit_mean,polars,2,0.08948671293910593,-1,-1,-1,131072,cached,None
INFO,2024-06-26 16:09:27.645,test_nullable_windowing_implicit_mean,polars,3,0.08866418502293527,-1,-1,-1,-131072,cached,None
INFO,2024-06-26 16:09:27.737,test_nullable_windowing_implicit_mean,polars,4,0.08877470798324794,-1,-1,-1,0,cached,None
INFO,2024-06-26 16:09:27.737,test_nullable_windowing_implicit_mean,renoir,-1,-1,-1,-1,-1,-1,csv,EnvironmentSettings does not exist in the JVM
INFO,2024-06-26 16:09:27.738,test_nullable_windowing_implicit_mean,renoir,-1,-1,-1,-1,-1,-1,cached,'c'
INFO,2024-06-26 16:09:33.333,test_nullable_windowing_implicit_mean,renoir,-1,5.503933721105568,3.4689795940648764,1.9908898359863088,-1,0,csv,None
INFO,2024-06-26 16:09:38.867,test_nullable_windowing_implicit_mean,renoir,0,5.531378848943859,3.4880085340701044,1.998521298984997,-1,-561459200,csv,None
INFO,2024-06-26 16:09:44.484,test_nullable_windowing_implicit_mean,renoir,1,5.6144423650112,3.5755134309874848,1.994755674037151,-1,0,csv,None
INFO,2024-06-26 16:09:50.004,test_nullable_windowing_implicit_mean,renoir,2,5.517685674014501,3.4794330389704555,1.9942144060041755,-1,0,csv,None
INFO,2024-06-26 16:09:55.509,test_nullable_windowing_implicit_mean,renoir,3,5.501740309991874,3.4716401250334457,1.986068558995612,-1,0,csv,None
INFO,2024-06-26 16:10:01.102,test_nullable_windowing_implicit_mean,renoir,4,5.59065298398491,3.537542814970948,2.008876511012204,-1,0,csv,None
INFO,2024-06-26 16:10:08.935,test_nullable_windowing_implicit_mean,renoir,-1,7.743077803985216,3.702322066994384,2.006640939041972,-1,0,cached,None
INFO,2024-06-26 16:10:14.509,test_nullable_windowing_implicit_mean,renoir,0,5.5709666720358655,3.520600600983016,2.0065996159100905,-1,0,cached,None
INFO,2024-06-26 16:10:20.231,test_nullable_windowing_implicit_mean,renoir,1,5.7198956980137154,3.6685411810176447,2.0074764520395547,-1,0,cached,None
INFO,2024-06-26 16:10:27.964,test_nullable_windowing_implicit_mean,renoir,2,7.7302309080259874,3.7080555679276586,1.987900089006871,-1,-131072,cached,None
INFO,2024-06-26 16:10:35.458,test_nullable_windowing_implicit_mean,renoir,3,7.492045777034946,3.463155227014795,1.9953091220231727,-1,0,cached,None
INFO,2024-06-26 16:10:42.953,test_nullable_windowing_implicit_mean,renoir,4,7.492372371023521,3.4543000659905374,2.00402369198855,-1,0,cached,None
INFO,2024-06-26 16:10:51.706,test_nullable_windowing_implicit_sum,duckdb,-1,8.664874693960883,-1,-1,-1,0,csv,None
INFO,2024-06-26 16:11:00.388,test_nullable_windowing_implicit_sum,duckdb,0,8.678642631974071,-1,-1,-1,0,csv,None
INFO,2024-06-26 16:11:09.054,test_nullable_windowing_implicit_sum,duckdb,1,8.664046782068908,-1,-1,-1,131072,csv,None
INFO,2024-06-26 16:11:17.674,test_nullable_windowing_implicit_sum,duckdb,2,8.617209229036234,-1,-1,-1,0,csv,None
INFO,2024-06-26 16:11:26.315,test_nullable_windowing_implicit_sum,duckdb,3,8.638992515043356,-1,-1,-1,0,csv,None
INFO,2024-06-26 16:11:34.933,test_nullable_windowing_implicit_sum,duckdb,4,8.615277840057388,-1,-1,-1,0,csv,None
INFO,2024-06-26 16:11:59.741,test_nullable_windowing_implicit_sum,duckdb,-1,10.741086951922625,-1,-1,-1,0,cached,None
INFO,2024-06-26 16:12:07.489,test_nullable_windowing_implicit_sum,duckdb,0,7.745441715000197,-1,-1,-1,0,cached,None
INFO,2024-06-26 16:12:15.239,test_nullable_windowing_implicit_sum,duckdb,1,7.7480120890541,-1,-1,-1,0,cached,None
INFO,2024-06-26 16:12:22.971,test_nullable_windowing_implicit_sum,duckdb,2,7.729376344010234,-1,-1,-1,0,cached,None
INFO,2024-06-26 16:12:30.715,test_nullable_windowing_implicit_sum,duckdb,3,7.740882426965982,-1,-1,-1,131072,cached,None
INFO,2024-06-26 16:12:38.474,test_nullable_windowing_implicit_sum,duckdb,4,7.7573017929680645,-1,-1,-1,131072,cached,None
INFO,2024-06-26 16:12:38.569,test_nullable_windowing_implicit_sum,polars,-1,0.09007886401377618,-1,-1,-1,0,csv,None
INFO,2024-06-26 16:12:38.661,test_nullable_windowing_implicit_sum,polars,0,0.08997572492808104,-1,-1,-1,0,csv,None
INFO,2024-06-26 16:12:38.754,test_nullable_windowing_implicit_sum,polars,1,0.09067157108802348,-1,-1,-1,0,csv,None
INFO,2024-06-26 16:12:38.847,test_nullable_windowing_implicit_sum,polars,2,0.0904915559804067,-1,-1,-1,131072,csv,None
INFO,2024-06-26 16:12:38.941,test_nullable_windowing_implicit_sum,polars,3,0.09059694304596633,-1,-1,-1,0,csv,None
INFO,2024-06-26 16:12:39.034,test_nullable_windowing_implicit_sum,polars,4,0.09088957402855158,-1,-1,-1,0,csv,None
INFO,2024-06-26 16:12:41.946,test_nullable_windowing_implicit_sum,polars,-1,0.09117658308241516,-1,-1,-1,0,cached,None
INFO,2024-06-26 16:12:42.039,test_nullable_windowing_implicit_sum,polars,0,0.09007634804584086,-1,-1,-1,0,cached,None
INFO,2024-06-26 16:12:42.132,test_nullable_windowing_implicit_sum,polars,1,0.09028241399209946,-1,-1,-1,0,cached,None
INFO,2024-06-26 16:12:42.224,test_nullable_windowing_implicit_sum,polars,2,0.0900236259913072,-1,-1,-1,0,cached,None
INFO,2024-06-26 16:12:42.320,test_nullable_windowing_implicit_sum,polars,3,0.09290116094052792,-1,-1,-1,131072,cached,None
INFO,2024-06-26 16:12:42.413,test_nullable_windowing_implicit_sum,polars,4,0.09123938495758921,-1,-1,-1,0,cached,None
INFO,2024-06-26 16:12:42.414,test_nullable_windowing_implicit_sum,renoir,-1,-1,-1,-1,-1,-1,csv,EnvironmentSettings does not exist in the JVM
INFO,2024-06-26 16:12:42.414,test_nullable_windowing_implicit_sum,renoir,-1,-1,-1,-1,-1,-1,cached,'c'
INFO,2024-06-26 16:12:47.943,test_nullable_windowing_implicit_sum,renoir,-1,5.44063471397385,3.5263255400350317,1.8697719509946182,-1,-241192960,csv,None
INFO,2024-06-26 16:12:53.318,test_nullable_windowing_implicit_sum,renoir,0,5.373003166983835,3.4527746780076995,1.8760743730235845,-1,0,csv,None
INFO,2024-06-26 16:12:58.664,test_nullable_windowing_implicit_sum,renoir,1,5.342868534964509,3.418081365060061,1.8804552899673581,-1,0,csv,None
INFO,2024-06-26 16:13:04.051,test_nullable_windowing_implicit_sum,renoir,2,5.384415014064871,3.467747341026552,1.872345746960491,-1,0,csv,None
INFO,2024-06-26 16:13:09.505,test_nullable_windowing_implicit_sum,renoir,3,5.452011676970869,3.5350495069287717,1.8727956759976223,-1,0,csv,None
INFO,2024-06-26 16:13:14.914,test_nullable_windowing_implicit_sum,renoir,4,5.406869281898253,3.4758848120691255,1.8863709039287642,-1,0,csv,None
INFO,2024-06-26 16:13:20.635,test_nullable_windowing_implicit_sum,renoir,-1,5.634206501068547,3.690141833969392,1.899835632997565,-1,0,cached,None
INFO,2024-06-26 16:13:26.304,test_nullable_windowing_implicit_sum,renoir,0,5.6659702709876,3.7202144399052486,1.9009733780985698,-1,0,cached,None
INFO,2024-06-26 16:13:31.907,test_nullable_windowing_implicit_sum,renoir,1,5.6010690570110455,3.662421262008138,1.8936251429840922,-1,0,cached,None
INFO,2024-06-26 16:13:37.512,test_nullable_windowing_implicit_sum,renoir,2,5.60180148400832,3.6818064900580794,1.875068441964686,-1,0,cached,None
INFO,2024-06-26 16:13:43.060,test_nullable_windowing_implicit_sum,renoir,3,5.546050355071202,3.605321637005545,1.8958837050013244,-1,0,cached,None
INFO,2024-06-26 16:13:48.696,test_nullable_windowing_implicit_sum,renoir,4,5.633031573030166,3.697685559047386,1.890908763045445,-1,0,cached,None
INFO,2024-06-26 16:13:51.791,test_nexmark_query_1,duckdb,-1,2.864567063981667,-1,-1,-1,131072,csv,None
INFO,2024-06-26 16:13:54.661,test_nexmark_query_1,duckdb,0,2.8674010870745406,-1,-1,-1,0,csv,None
INFO,2024-06-26 16:13:57.541,test_nexmark_query_1,duckdb,1,2.8777538050198928,-1,-1,-1,0,csv,None
INFO,2024-06-26 16:14:00.399,test_nexmark_query_1,duckdb,2,2.8551670679589733,-1,-1,-1,-131072,csv,None
INFO,2024-06-26 16:14:03.275,test_nexmark_query_1,duckdb,3,2.8737487730104476,-1,-1,-1,-131072,csv,None
INFO,2024-06-26 16:14:06.147,test_nexmark_query_1,duckdb,4,2.8696813109563664,-1,-1,-1,131072,csv,None
INFO,2024-06-26 16:14:44.976,test_nexmark_query_1,duckdb,-1,0.6879833800485358,-1,-1,-1,-36409344,cached,None
INFO,2024-06-26 16:14:45.662,test_nexmark_query_1,duckdb,0,0.6834187130443752,-1,-1,-1,0,cached,None
INFO,2024-06-26 16:14:46.344,test_nexmark_query_1,duckdb,1,0.6794382269727066,-1,-1,-1,0,cached,None
INFO,2024-06-26 16:14:47.027,test_nexmark_query_1,duckdb,2,0.6807103110477328,-1,-1,-1,0,cached,None
INFO,2024-06-26 16:14:47.741,test_nexmark_query_1,duckdb,3,0.712019169004634,-1,-1,-1,131072,cached,None
INFO,2024-06-26 16:14:48.418,test_nexmark_query_1,duckdb,4,0.6736236209981143,-1,-1,-1,0,cached,None
INFO,2024-06-26 16:19:48.602,test_nexmark_query_1,polars,-1,-1,-1,-1,-1,-1,csv,run_timed killed function `execute` after timeout of 300s - skipping other runs with same combination of test_case + backend + table_origin
INFO,2024-06-26 16:24:54.858,test_nexmark_query_1,polars,-1,-1,-1,-1,-1,-1,cached,run_timed killed function `execute` after timeout of 300s - skipping other runs with same combination of test_case + backend + table_origin
INFO,2024-06-26 16:24:54.858,test_nexmark_query_1,renoir,-1,-1,-1,-1,-1,-1,csv,EnvironmentSettings does not exist in the JVM
INFO,2024-06-26 16:24:54.859,test_nexmark_query_1,renoir,-1,-1,-1,-1,-1,-1,cached,'c'
INFO,2024-06-26 16:24:56.787,test_nexmark_query_1,renoir,-1,1.679367199074477,0.8316885760286823,0.7714553710538894,-1,0,csv,None
INFO,2024-06-26 16:24:58.438,test_nexmark_query_1,renoir,0,1.648549842997454,0.8078112209914252,0.7640888500027359,-1,0,csv,None
INFO,2024-06-26 16:25:00.106,test_nexmark_query_1,renoir,1,1.665206897072494,0.8169764030026272,0.7710638439748436,-1,0,csv,None
INFO,2024-06-26 16:25:01.763,test_nexmark_query_1,renoir,2,1.654642604989931,0.8008105789776891,0.7768058970104903,-1,0,csv,None
INFO,2024-06-26 16:25:03.972,test_nexmark_query_1,renoir,3,2.2065544109791517,0.8120332169346511,0.778011568938382,-1,0,csv,None
INFO,2024-06-26 16:25:05.632,test_nexmark_query_1,renoir,4,1.6569386000046507,0.8157480340451002,0.7644857380073518,-1,0,csv,None
INFO,2024-06-26 16:25:07.519,test_nexmark_query_1,renoir,-1,1.6503520589321852,0.8111286821076646,0.7631207819795236,-1,131072,cached,None
INFO,2024-06-26 16:25:09.169,test_nexmark_query_1,renoir,0,1.6483883139444515,0.799630208988674,0.7713181250728667,-1,0,cached,None
INFO,2024-06-26 16:25:10.817,test_nexmark_query_1,renoir,1,1.6448891769396141,0.7966605180408806,0.7711789219174534,-1,-131072,cached,None
INFO,2024-06-26 16:25:12.483,test_nexmark_query_1,renoir,2,1.6636753580532968,0.8258779849857092,0.760721770930104,-1,0,cached,None
INFO,2024-06-26 16:25:14.162,test_nexmark_query_1,renoir,3,1.676634146948345,0.8386687240563333,0.7612224030308425,-1,0,cached,None
INFO,2024-06-26 16:25:15.840,test_nexmark_query_1,renoir,4,1.675772299990058,0.828334853053093,0.7705741659738123,-1,0,cached,None
INFO,2024-06-26 16:25:16.232,test_nexmark_query_2,duckdb,-1,0.15887225104961544,-1,-1,-1,0,csv,None
INFO,2024-06-26 16:25:16.391,test_nexmark_query_2,duckdb,0,0.15671984700020403,-1,-1,-1,-131072,csv,None
INFO,2024-06-26 16:25:18.721,test_nexmark_query_2,duckdb,1,2.3274303490761667,-1,-1,-1,-775847936,csv,None
INFO,2024-06-26 16:25:20.968,test_nexmark_query_2,duckdb,2,2.244897324941121,-1,-1,-1,0,csv,None
INFO,2024-06-26 16:25:23.213,test_nexmark_query_2,duckdb,3,2.242285514017567,-1,-1,-1,-131072,csv,None
INFO,2024-06-26 16:25:25.454,test_nexmark_query_2,duckdb,4,2.2382009921129793,-1,-1,-1,131072,csv,None
INFO,2024-06-26 16:26:03.326,test_nexmark_query_2,duckdb,-1,0.29674560599960387,-1,-1,-1,0,cached,None
INFO,2024-06-26 16:26:03.618,test_nexmark_query_2,duckdb,0,0.28912970097735524,-1,-1,-1,0,cached,None
INFO,2024-06-26 16:26:03.914,test_nexmark_query_2,duckdb,1,0.293772274046205,-1,-1,-1,0,cached,None
INFO,2024-06-26 16:26:04.204,test_nexmark_query_2,duckdb,2,0.2882258329773322,-1,-1,-1,0,cached,None
INFO,2024-06-26 16:26:04.495,test_nexmark_query_2,duckdb,3,0.2884358689188957,-1,-1,-1,131072,cached,None
INFO,2024-06-26 16:26:04.787,test_nexmark_query_2,duckdb,4,0.28864588390570134,-1,-1,-1,131072,cached,None
INFO,2024-06-26 16:31:05.046,test_nexmark_query_2,polars,-1,-1,-1,-1,-1,-1,csv,run_timed killed function `execute` after timeout of 300s - skipping other runs with same combination of test_case + backend + table_origin
INFO,2024-06-26 16:36:11.478,test_nexmark_query_2,polars,-1,-1,-1,-1,-1,-1,cached,run_timed killed function `execute` after timeout of 300s - skipping other runs with same combination of test_case + backend + table_origin
INFO,2024-06-26 16:36:11.479,test_nexmark_query_2,renoir,-1,-1,-1,-1,-1,-1,csv,EnvironmentSettings does not exist in the JVM
INFO,2024-06-26 16:36:11.479,test_nexmark_query_2,renoir,-1,-1,-1,-1,-1,-1,cached,'c'
INFO,2024-06-26 16:36:13.482,test_nexmark_query_2,renoir,-1,1.7498254720121622,0.8897251109592617,0.7555185579694808,-1,0,csv,None
INFO,2024-06-26 16:36:15.147,test_nexmark_query_2,renoir,0,1.662960740039125,0.7977730709826574,0.759529537986964,-1,0,csv,None
INFO,2024-06-26 16:36:16.795,test_nexmark_query_2,renoir,1,1.6452552580740303,0.7835779379820451,0.7554082839051262,-1,0,csv,None
INFO,2024-06-26 16:36:18.444,test_nexmark_query_2,renoir,2,1.6462062849896029,0.7834642879897729,0.7580046489601955,-1,0,csv,None
INFO,2024-06-26 16:36:20.101,test_nexmark_query_2,renoir,3,1.6545855869771913,0.7938197400653735,0.7550462109502405,-1,0,csv,None
INFO,2024-06-26 16:36:21.756,test_nexmark_query_2,renoir,4,1.6525975139811635,0.7964363869978115,0.7512482950696722,-1,0,csv,None
INFO,2024-06-26 16:36:23.654,test_nexmark_query_2,renoir,-1,1.6637094429461285,0.8031368610681966,0.756175956921652,-1,0,cached,None
INFO,2024-06-26 16:36:25.663,test_nexmark_query_2,renoir,0,2.0066900389501825,0.7868927889503539,0.7584190589841455,-1,-3656044544,cached,None
INFO,2024-06-26 16:36:27.314,test_nexmark_query_2,renoir,1,1.6484092179453,0.8122252409812063,0.7551616630516946,-1,-82690048,cached,None
INFO,2024-06-26 16:36:29.523,test_nexmark_query_2,renoir,2,2.2059496549190953,0.8274212219985202,0.7550590210594237,-1,0,cached,None
INFO,2024-06-26 16:36:31.152,test_nexmark_query_2,renoir,3,1.6265625610249117,0.7855754930060357,0.7591324590612203,-1,0,cached,None
INFO,2024-06-26 16:36:32.781,test_nexmark_query_2,renoir,4,1.6268880830612034,0.7917814330430701,0.7545828989241272,-1,0,cached,None
INFO,2024-06-26 16:36:33.488,test_nexmark_query_3,duckdb,-1,0.47395588795188814,-1,-1,-1,0,csv,None
INFO,2024-06-26 16:36:33.964,test_nexmark_query_3,duckdb,0,0.4735411580186337,-1,-1,-1,131072,csv,None
INFO,2024-06-26 16:36:34.439,test_nexmark_query_3,duckdb,1,0.47329207696020603,-1,-1,-1,0,csv,None
INFO,2024-06-26 16:36:34.915,test_nexmark_query_3,duckdb,2,0.4730331420432776,-1,-1,-1,0,csv,None
INFO,2024-06-26 16:36:35.388,test_nexmark_query_3,duckdb,3,0.4710770290112123,-1,-1,-1,0,csv,None
INFO,2024-06-26 16:36:35.865,test_nexmark_query_3,duckdb,4,0.47436392202507704,-1,-1,-1,0,csv,None
INFO,2024-06-26 16:37:14.275,test_nexmark_query_3,duckdb,-1,0.8448754230048507,-1,-1,-1,0,cached,None
INFO,2024-06-26 16:37:15.118,test_nexmark_query_3,duckdb,0,0.8401646929560229,-1,-1,-1,0,cached,None
INFO,2024-06-26 16:37:16.036,test_nexmark_query_3,duckdb,1,0.9153485540300608,-1,-1,-1,0,cached,None
INFO,2024-06-26 16:37:16.918,test_nexmark_query_3,duckdb,2,0.8802864589961246,-1,-1,-1,0,cached,None
INFO,2024-06-26 16:37:17.756,test_nexmark_query_3,duckdb,3,0.8356658939737827,-1,-1,-1,0,cached,None
INFO,2024-06-26 16:37:18.597,test_nexmark_query_3,duckdb,4,0.8381421790691093,-1,-1,-1,-131072,cached,None
INFO,2024-06-26 16:42:18.924,test_nexmark_query_3,polars,-1,-1,-1,-1,-1,-1,csv,run_timed killed function `execute` after timeout of 300s - skipping other runs with same combination of test_case + backend + table_origin
INFO,2024-06-26 16:47:25.376,test_nexmark_query_3,polars,-1,-1,-1,-1,-1,-1,cached,run_timed killed function `execute` after timeout of 300s - skipping other runs with same combination of test_case + backend + table_origin
INFO,2024-06-26 16:47:25.376,test_nexmark_query_3,renoir,-1,-1,-1,-1,-1,-1,csv,EnvironmentSettings does not exist in the JVM
INFO,2024-06-26 16:47:25.377,test_nexmark_query_3,renoir,-1,-1,-1,-1,-1,-1,cached,'c'
INFO,2024-06-26 16:47:28.877,test_nexmark_query_3,renoir,-1,2.829645916004665,2.4210825640475377,0.33448227494955063,-1,-1728978944,csv,None
INFO,2024-06-26 16:47:31.707,test_nexmark_query_3,renoir,0,2.8267012699507177,2.426191795966588,0.3261563630076125,-1,0,csv,None
INFO,2024-06-26 16:47:34.483,test_nexmark_query_3,renoir,1,2.7737403019564226,2.372598012094386,0.32657498703338206,-1,0,csv,None
INFO,2024-06-26 16:47:37.297,test_nexmark_query_3,renoir,2,2.8120723699685186,2.4054474299773574,0.33170471992343664,-1,0,csv,None
INFO,2024-06-26 16:47:40.099,test_nexmark_query_3,renoir,3,2.799294039956294,2.3987702230224386,0.3253826160216704,-1,0,csv,None
INFO,2024-06-26 16:47:42.879,test_nexmark_query_3,renoir,4,2.7777826730161905,2.37517992395442,0.3279556209454313,-1,0,csv,None
INFO,2024-06-26 16:47:45.904,test_nexmark_query_3,renoir,-1,2.7912195649696514,2.3923580589471385,0.32442350103519857,-1,0,cached,None
INFO,2024-06-26 16:47:48.668,test_nexmark_query_3,renoir,0,2.761953503009863,2.3569067710777745,0.33078411198221147,-1,0,cached,None
INFO,2024-06-26 16:47:51.493,test_nexmark_query_3,renoir,1,2.8224633670179173,2.4217083679977804,0.3261806379305199,-1,0,cached,None
INFO,2024-06-26 16:47:54.296,test_nexmark_query_3,renoir,2,2.799844268942252,2.4003047270234674,0.32414377201348543,-1,0,cached,None
INFO,2024-06-26 16:47:57.050,test_nexmark_query_3,renoir,3,2.751787317916751,2.3544186500366777,0.32244339992757887,-1,0,cached,None
INFO,2024-06-26 16:47:59.841,test_nexmark_query_3,renoir,4,2.7881637059617788,2.388765575014986,0.32428716495633125,-1,0,cached,None
INFO,2024-06-26 16:48:03.309,test_nexmark_query_4,duckdb,-1,3.2342716910643503,-1,-1,-1,0,csv,None
INFO,2024-06-26 16:48:06.510,test_nexmark_query_4,duckdb,0,3.198116081999615,-1,-1,-1,0,csv,None
INFO,2024-06-26 16:48:09.707,test_nexmark_query_4,duckdb,1,3.19528852798976,-1,-1,-1,0,csv,None
INFO,2024-06-26 16:48:12.948,test_nexmark_query_4,duckdb,2,3.23762887599878,-1,-1,-1,0,csv,None
INFO,2024-06-26 16:48:16.150,test_nexmark_query_4,duckdb,3,3.199762125965208,-1,-1,-1,0,csv,None
INFO,2024-06-26 16:48:19.347,test_nexmark_query_4,duckdb,4,3.1945844610454515,-1,-1,-1,0,csv,None
INFO,2024-06-26 16:48:57.796,test_nexmark_query_4,duckdb,-1,0.6983109379652888,-1,-1,-1,0,cached,None
INFO,2024-06-26 16:48:58.492,test_nexmark_query_4,duckdb,0,0.6937389379600063,-1,-1,-1,0,cached,None
INFO,2024-06-26 16:48:59.190,test_nexmark_query_4,duckdb,1,0.6954031529603526,-1,-1,-1,0,cached,None
INFO,2024-06-26 16:48:59.892,test_nexmark_query_4,duckdb,2,0.6994637870229781,-1,-1,-1,-131072,cached,None
INFO,2024-06-26 16:49:00.596,test_nexmark_query_4,duckdb,3,0.7023591429460794,-1,-1,-1,0,cached,None
INFO,2024-06-26 16:49:01.293,test_nexmark_query_4,duckdb,4,0.6944746089866385,-1,-1,-1,131072,cached,None
INFO,2024-06-26 16:54:01.578,test_nexmark_query_4,polars,-1,-1,-1,-1,-1,-1,csv,run_timed killed function `execute` after timeout of 300s - skipping other runs with same combination of test_case + backend + table_origin
INFO,2024-06-26 16:54:07.807,test_nexmark_query_4,polars,-1,0.2072711819782853,-1,-1,-1,-22581248,cached,None
INFO,2024-06-26 16:54:08.015,test_nexmark_query_4,polars,0,0.20523697510361671,-1,-1,-1,0,cached,None
INFO,2024-06-26 16:54:08.222,test_nexmark_query_4,polars,1,0.20528422400821,-1,-1,-1,0,cached,None
INFO,2024-06-26 16:54:08.429,test_nexmark_query_4,polars,2,0.20431843702681363,-1,-1,-1,-22401024,cached,None
INFO,2024-06-26 16:54:08.637,test_nexmark_query_4,polars,3,0.2048661489970982,-1,-1,-1,131072,cached,None
INFO,2024-06-26 16:54:08.844,test_nexmark_query_4,polars,4,0.20504664396867156,-1,-1,-1,-131072,cached,None
INFO,2024-06-26 16:54:08.845,test_nexmark_query_4,renoir,-1,-1,-1,-1,-1,-1,csv,EnvironmentSettings does not exist in the JVM
INFO,2024-06-26 16:54:08.845,test_nexmark_query_4,renoir,-1,-1,-1,-1,-1,-1,cached,'c'
INFO,2024-06-26 16:54:16.549,test_nexmark_query_4,renoir,-1,7.469323421944864,3.8386043589562178,3.5262441301019862,-1,-19972096,csv,None
INFO,2024-06-26 16:54:24.056,test_nexmark_query_4,renoir,0,7.505504435976036,3.891809639055282,3.510028881020844,-1,0,csv,None
INFO,2024-06-26 16:54:31.627,test_nexmark_query_4,renoir,1,7.568168311030604,3.91213420801796,3.552111753029749,-1,0,csv,None
INFO,2024-06-26 16:54:39.243,test_nexmark_query_4,renoir,2,7.612988409004174,3.9491098900325596,3.5587718930328265,-1,0,csv,None
INFO,2024-06-26 16:54:46.842,test_nexmark_query_4,renoir,3,7.597371213021688,3.8972809240221977,3.5845379799138755,-1,-2271973376,csv,None
INFO,2024-06-26 16:54:54.813,test_nexmark_query_4,renoir,4,7.967820376041345,4.098889966960996,3.7722319959430024,-1,0,csv,None
INFO,2024-06-26 16:55:02.870,test_nexmark_query_4,renoir,-1,7.821637977962382,4.09163429599721,3.6341955879470333,-1,0,cached,None
INFO,2024-06-26 16:55:10.725,test_nexmark_query_4,renoir,0,7.852119283983484,4.077698690001853,3.6788706340594217,-1,131072,cached,None
INFO,2024-06-26 16:55:18.534,test_nexmark_query_4,renoir,1,7.806925509008579,4.074294222984463,3.6368981789564714,-1,0,cached,None
INFO,2024-06-26 16:55:26.596,test_nexmark_query_4,renoir,2,8.059704894083552,4.086744946078397,3.8771486850455403,-1,0,cached,None
INFO,2024-06-26 16:55:34.491,test_nexmark_query_4,renoir,3,7.891711784992367,4.115759938023984,3.6798467428889126,-1,-131072,cached,None
INFO,2024-06-26 16:55:42.578,test_nexmark_query_4,renoir,4,8.084793669055216,4.156248564948328,3.8330095899291337,-1,0,cached,None
INFO,2024-06-26 16:55:46.181,test_nexmark_query_6,duckdb,-1,3.3714599160011858,-1,-1,-1,0,csv,None
INFO,2024-06-26 16:55:50.743,test_nexmark_query_6,duckdb,0,4.559453831985593,-1,-1,-1,0,csv,None
INFO,2024-06-26 16:55:54.123,test_nexmark_query_6,duckdb,1,3.3777242470532656,-1,-1,-1,0,csv,None
INFO,2024-06-26 16:55:57.534,test_nexmark_query_6,duckdb,2,3.4086391569580883,-1,-1,-1,131072,csv,None
INFO,2024-06-26 16:56:00.918,test_nexmark_query_6,duckdb,3,3.381536014028825,-1,-1,-1,0,csv,None
INFO,2024-06-26 16:56:04.304,test_nexmark_query_6,duckdb,4,3.3837081419769675,-1,-1,-1,0,csv,None
INFO,2024-06-26 16:56:43.076,test_nexmark_query_6,duckdb,-1,0.9067558090901002,-1,-1,-1,0,cached,None
INFO,2024-06-26 16:56:43.971,test_nexmark_query_6,duckdb,0,0.8924779050284997,-1,-1,-1,0,cached,None
INFO,2024-06-26 16:56:44.866,test_nexmark_query_6,duckdb,1,0.8926635619718581,-1,-1,-1,0,cached,None
INFO,2024-06-26 16:56:45.759,test_nexmark_query_6,duckdb,2,0.8902730490081012,-1,-1,-1,131072,cached,None
INFO,2024-06-26 16:56:46.659,test_nexmark_query_6,duckdb,3,0.8973949589999393,-1,-1,-1,0,cached,None
INFO,2024-06-26 16:56:47.839,test_nexmark_query_6,duckdb,4,1.177147326990962,-1,-1,-1,0,cached,None
INFO,2024-06-26 16:56:48.088,test_nexmark_query_6,polars,-1,0.24495654995553195,-1,-1,-1,0,csv,None
INFO,2024-06-26 16:56:48.339,test_nexmark_query_6,polars,0,0.24818435800261796,-1,-1,-1,0,csv,None
INFO,2024-06-26 16:56:48.584,test_nexmark_query_6,polars,1,0.2428946429863572,-1,-1,-1,0,csv,None
INFO,2024-06-26 16:56:48.831,test_nexmark_query_6,polars,2,0.24385776300914586,-1,-1,-1,0,csv,None
INFO,2024-06-26 16:56:49.076,test_nexmark_query_6,polars,3,0.24270354595500976,-1,-1,-1,0,csv,None
INFO,2024-06-26 16:56:49.325,test_nexmark_query_6,polars,4,0.24684645398519933,-1,-1,-1,0,csv,None
INFO,2024-06-26 16:56:55.615,test_nexmark_query_6,polars,-1,0.26425904396455735,-1,-1,-1,-2674688,cached,None
INFO,2024-06-26 16:56:56.132,test_nexmark_query_6,polars,0,0.5152842059032992,-1,-1,-1,-1365008384,cached,None
INFO,2024-06-26 16:56:56.366,test_nexmark_query_6,polars,1,0.23063267907127738,-1,-1,-1,-22351872,cached,None
INFO,2024-06-26 16:56:56.595,test_nexmark_query_6,polars,2,0.22730114904697984,-1,-1,-1,0,cached,None
INFO,2024-06-26 16:56:56.825,test_nexmark_query_6,polars,3,0.22719941404648125,-1,-1,-1,-1425408,cached,None
INFO,2024-06-26 16:56:57.058,test_nexmark_query_6,polars,4,0.23016764398198575,-1,-1,-1,-43307008,cached,None
INFO,2024-06-26 16:56:57.058,test_nexmark_query_6,renoir,-1,-1,-1,-1,-1,-1,csv,EnvironmentSettings does not exist in the JVM
INFO,2024-06-26 16:56:57.059,test_nexmark_query_6,renoir,-1,-1,-1,-1,-1,-1,cached,'c'
INFO,2024-06-26 16:57:04.861,test_nexmark_query_6,renoir,-1,7.569162543048151,3.7477396639296785,3.704837985918857,-1,-3215360,csv,None
INFO,2024-06-26 16:57:12.437,test_nexmark_query_6,renoir,0,7.572775639011525,3.802129718940705,3.6539738110732287,-1,0,csv,None
INFO,2024-06-26 16:57:20.189,test_nexmark_query_6,renoir,1,7.749650280922651,3.8216610259842128,3.8111958879744634,-1,0,csv,None
INFO,2024-06-26 16:57:28.046,test_nexmark_query_6,renoir,2,7.854825561051257,3.8239962009247392,3.9139362460700795,-1,0,csv,None
INFO,2024-06-26 16:57:38.717,test_nexmark_query_6,renoir,3,10.668583575985394,4.142248557996936,3.8259492709767073,-1,131072,csv,None
INFO,2024-06-26 16:57:46.280,test_nexmark_query_6,renoir,4,7.560609241947532,3.7929358280962333,3.6514999869978055,-1,0,csv,None
INFO,2024-06-26 16:57:54.314,test_nexmark_query_6,renoir,-1,7.80028184200637,3.975299990037456,3.7083985639037564,-1,0,cached,None
INFO,2024-06-26 16:58:02.241,test_nexmark_query_6,renoir,0,7.924922358011827,4.072688463958912,3.736478938953951,-1,0,cached,None
INFO,2024-06-26 16:58:10.215,test_nexmark_query_6,renoir,1,7.971768351038918,4.038774910965003,3.8160093299811706,-1,0,cached,None
INFO,2024-06-26 16:58:18.154,test_nexmark_query_6,renoir,2,7.936033401987515,4.13333867106121,3.6864138119854033,-1,-131072,cached,None
INFO,2024-06-26 16:58:25.985,test_nexmark_query_6,renoir,3,7.828530029975809,4.037400019005872,3.673772632027976,-1,0,cached,None
INFO,2024-06-26 16:58:33.836,test_nexmark_query_6,renoir,4,7.848592755035497,4.040469449013472,3.69150318892207,-1,0,cached,None
