level,timestamp,test_name,backend_name,run_count,total_time_s,renoir_compile_time_s,renoir_execute_time_s,ibis_time_s,max_memory_B,table_origin
INFO,2024-06-25 16:33:17.427,test_nullable_filter_filter_select_select,duckdb,-1,0.02401858600023843,-1,-1,-1,2490368,csv
INFO,2024-06-25 16:33:17.450,test_nullable_filter_filter_select_select,duckdb,0,0.019349659998624702,-1,-1,-1,262144,csv
INFO,2024-06-25 16:33:17.562,test_nullable_filter_filter_select_select,duckdb,-1,0.016513488999407855,-1,-1,-1,0,cached
INFO,2024-06-25 16:33:17.584,test_nullable_filter_filter_select_select,duckdb,0,0.01854323400038993,-1,-1,-1,0,cached
INFO,2024-06-25 16:33:17.643,test_nullable_filter_filter_select_select,polars,-1,0.01212185300028068,-1,-1,-1,8257536,csv
INFO,2024-06-25 16:33:17.658,test_nullable_filter_filter_select_select,polars,0,0.010793016999741667,-1,-1,-1,131072,csv
INFO,2024-06-25 16:33:17.677,test_nullable_filter_filter_select_select,polars,-1,0.010949798999718041,-1,-1,-1,131072,cached
INFO,2024-06-25 16:33:17.692,test_nullable_filter_filter_select_select,polars,0,0.011002072000337648,-1,-1,-1,131072,cached
INFO,2024-06-25 16:33:23.486,test_nullable_filter_filter_select_select,flink,-1,3.475300886999321,-1,-1,-1,345227264,csv
INFO,2024-06-25 16:33:24.663,test_nullable_filter_filter_select_select,flink,0,1.1732783249990462,-1,-1,-1,118304768,csv
INFO,2024-06-25 16:33:25.851,test_nullable_filter_filter_select_select,flink,-1,1.0337995619993308,-1,-1,-1,18984960,cached
INFO,2024-06-25 16:33:26.910,test_nullable_filter_filter_select_select,flink,0,1.053678268001022,-1,-1,-1,85016576,cached
INFO,2024-06-25 16:33:28.211,test_nullable_filter_filter_select_select,renoir,-1,1.279430794998916,1.181903766000687,0.0919574300005479,-1,-176128,csv
INFO,2024-06-25 16:33:29.531,test_nullable_filter_filter_select_select,renoir,0,1.315999878999719,1.2156378060008137,0.09471966300043277,-1,0,csv
INFO,2024-06-25 16:33:30.918,test_nullable_filter_filter_select_select,renoir,-1,1.3688148509991152,1.2627024079993134,0.10050244400008523,-1,0,cached
INFO,2024-06-25 16:33:32.324,test_nullable_filter_filter_select_select,renoir,0,1.4019458330003545,1.298384650999651,0.09811589800119691,-1,0,cached
INFO,2024-06-25 16:33:32.365,test_nullable_filter_group_mutate,duckdb,-1,0.02209074999882432,-1,-1,-1,3145728,csv
INFO,2024-06-25 16:33:32.389,test_nullable_filter_group_mutate,duckdb,0,0.020350759999928414,-1,-1,-1,2199552,csv
INFO,2024-06-25 16:33:32.501,test_nullable_filter_group_mutate,duckdb,-1,0.016985092999675544,-1,-1,-1,393216,cached
INFO,2024-06-25 16:33:32.525,test_nullable_filter_group_mutate,duckdb,0,0.020781502998943324,-1,-1,-1,0,cached
INFO,2024-06-25 16:33:32.544,test_nullable_filter_group_mutate,polars,-1,0.013901616999646649,-1,-1,-1,1310720,csv
INFO,2024-06-25 16:33:32.565,test_nullable_filter_group_mutate,polars,0,0.016488702000060584,-1,-1,-1,131072,csv
INFO,2024-06-25 16:33:32.585,test_nullable_filter_group_mutate,polars,-1,0.01139641099871369,-1,-1,-1,131072,cached
INFO,2024-06-25 16:33:32.602,test_nullable_filter_group_mutate,polars,0,0.01270188000125927,-1,-1,-1,0,cached
INFO,2024-06-25 16:33:34.830,test_nullable_filter_group_mutate,flink,-1,2.0334183350005333,-1,-1,-1,53207040,csv
INFO,2024-06-25 16:33:35.971,test_nullable_filter_group_mutate,flink,0,1.1348671989999275,-1,-1,-1,34422784,csv
INFO,2024-06-25 16:33:37.253,test_nullable_filter_group_mutate,flink,-1,1.1405128679998597,-1,-1,-1,30068736,cached
INFO,2024-06-25 16:33:38.417,test_nullable_filter_group_mutate,flink,0,1.159501870000895,-1,-1,-1,45654016,cached
INFO,2024-06-25 16:33:41.108,test_nullable_filter_group_mutate,renoir,-1,2.668366287000026,2.570760742000857,0.09167657100078941,-1,0,csv
INFO,2024-06-25 16:33:43.766,test_nullable_filter_group_mutate,renoir,0,2.6551306330002262,2.557059675998971,0.09230080999986967,-1,-22097920,csv
INFO,2024-06-25 16:33:46.823,test_nullable_filter_group_mutate,renoir,-1,3.0373456659999647,2.9397089480007708,0.092038055001467,-1,0,cached
INFO,2024-06-25 16:33:49.600,test_nullable_filter_group_mutate,renoir,0,2.7732619070011424,2.664196671001264,0.10312648999934027,-1,0,cached
INFO,2024-06-25 16:33:49.660,test_nullable_filter_group_mutate_reduce,duckdb,-1,0.033665847000520444,-1,-1,-1,1966080,csv
INFO,2024-06-25 16:33:49.699,test_nullable_filter_group_mutate_reduce,duckdb,0,0.03179087299940875,-1,-1,-1,1048576,csv
INFO,2024-06-25 16:33:49.842,test_nullable_filter_group_mutate_reduce,duckdb,-1,0.028304004999881727,-1,-1,-1,-6193152,cached
INFO,2024-06-25 16:33:49.868,test_nullable_filter_group_mutate_reduce,duckdb,0,0.021888072000365355,-1,-1,-1,1048576,cached
INFO,2024-06-25 16:33:49.888,test_nullable_filter_group_mutate_reduce,polars,-1,0.014490661000309046,-1,-1,-1,262144,csv
INFO,2024-06-25 16:33:49.909,test_nullable_filter_group_mutate_reduce,polars,0,0.01659119599935366,-1,-1,-1,0,csv
INFO,2024-06-25 16:33:49.940,test_nullable_filter_group_mutate_reduce,polars,-1,0.01830183999845758,-1,-1,-1,131072,cached
INFO,2024-06-25 16:33:49.965,test_nullable_filter_group_mutate_reduce,polars,0,0.018610244000228704,-1,-1,-1,0,cached
INFO,2024-06-25 16:33:51.313,test_nullable_filter_group_mutate_reduce,flink,-1,1.1398144599988882,-1,-1,-1,24870912,csv
INFO,2024-06-25 16:33:52.309,test_nullable_filter_group_mutate_reduce,flink,0,0.9920849270001781,-1,-1,-1,29556736,csv
INFO,2024-06-25 16:33:53.443,test_nullable_filter_group_mutate_reduce,flink,-1,0.9605256630002259,-1,-1,-1,20406272,cached
INFO,2024-06-25 16:33:54.480,test_nullable_filter_group_mutate_reduce,flink,0,1.0323935430005804,-1,-1,-1,19103744,cached
INFO,2024-06-25 16:33:57.346,test_nullable_filter_group_mutate_reduce,renoir,-1,2.8396561270001257,2.7255855149996933,0.10574968600121792,-1,-143360,csv
INFO,2024-06-25 16:34:00.234,test_nullable_filter_group_mutate_reduce,renoir,0,2.881533481000588,2.7798029290006525,0.09387928099931742,-1,-5361664,csv
INFO,2024-06-25 16:34:04.046,test_nullable_filter_group_mutate_reduce,renoir,-1,3.7947326530011196,3.6819873029999144,0.10722556700056884,-1,0,cached
INFO,2024-06-25 16:34:06.897,test_nullable_filter_group_mutate_reduce,renoir,0,2.8473794549991,2.745596631999433,0.09600939400115749,-1,0,cached
INFO,2024-06-25 16:34:06.939,test_nullable_filter_group_select,duckdb,-1,0.022230635999221704,-1,-1,-1,-643072,csv
INFO,2024-06-25 16:34:06.962,test_nullable_filter_group_select,duckdb,0,0.019250618001024122,-1,-1,-1,1310720,csv
INFO,2024-06-25 16:34:07.053,test_nullable_filter_group_select,duckdb,-1,0.01648041199950967,-1,-1,-1,393216,cached
INFO,2024-06-25 16:34:07.074,test_nullable_filter_group_select,duckdb,0,0.017034119999152608,-1,-1,-1,131072,cached
INFO,2024-06-25 16:34:07.092,test_nullable_filter_group_select,polars,-1,0.011824527999124257,-1,-1,-1,0,csv
INFO,2024-06-25 16:34:07.108,test_nullable_filter_group_select,polars,0,0.011603822998949909,-1,-1,-1,0,csv
INFO,2024-06-25 16:34:07.127,test_nullable_filter_group_select,polars,-1,0.011403422999137547,-1,-1,-1,0,cached
INFO,2024-06-25 16:34:07.143,test_nullable_filter_group_select,polars,0,0.011905531000593328,-1,-1,-1,0,cached
INFO,2024-06-25 16:34:08.369,test_nullable_filter_group_select,flink,-1,1.0526042500005133,-1,-1,-1,26025984,csv
INFO,2024-06-25 16:34:09.436,test_nullable_filter_group_select,flink,0,1.063727465001648,-1,-1,-1,45178880,csv
INFO,2024-06-25 16:34:10.604,test_nullable_filter_group_select,flink,-1,0.9929051159997471,-1,-1,-1,24961024,cached
INFO,2024-06-25 16:34:11.596,test_nullable_filter_group_select,flink,0,0.9879217470006552,-1,-1,-1,18522112,cached
INFO,2024-06-25 16:34:14.538,test_nullable_filter_group_select,renoir,-1,2.917755345999467,2.817520222000894,0.09483948500019324,-1,0,csv
INFO,2024-06-25 16:34:17.270,test_nullable_filter_group_select,renoir,0,2.728434044000096,2.6310884960003023,0.09206070999971416,-1,0,csv
INFO,2024-06-25 16:34:20.512,test_nullable_filter_group_select,renoir,-1,3.221321053999418,3.1184830109996255,0.09718702799909806,-1,0,cached
INFO,2024-06-25 16:34:23.185,test_nullable_filter_group_select,renoir,0,2.6691430880000553,2.569982719998734,0.09366999600024428,-1,0,cached
INFO,2024-06-25 16:34:23.221,test_nullable_filter_reduce,duckdb,-1,0.016971777999060578,-1,-1,-1,131072,csv
INFO,2024-06-25 16:34:23.241,test_nullable_filter_reduce,duckdb,0,0.016475804999572574,-1,-1,-1,0,csv
INFO,2024-06-25 16:34:23.329,test_nullable_filter_reduce,duckdb,-1,0.01403583899991645,-1,-1,-1,-131072,cached
INFO,2024-06-25 16:34:23.348,test_nullable_filter_reduce,duckdb,0,0.014654653001343831,-1,-1,-1,0,cached
INFO,2024-06-25 16:34:23.363,test_nullable_filter_reduce,polars,-1,0.010593502998744952,-1,-1,-1,262144,csv
INFO,2024-06-25 16:34:23.378,test_nullable_filter_reduce,polars,0,0.010282352999638533,-1,-1,-1,0,csv
INFO,2024-06-25 16:34:23.397,test_nullable_filter_reduce,polars,-1,0.010529626000788994,-1,-1,-1,0,cached
INFO,2024-06-25 16:34:23.412,test_nullable_filter_reduce,polars,0,0.010575645999779226,-1,-1,-1,0,cached
INFO,2024-06-25 16:34:24.533,test_nullable_filter_reduce,flink,-1,0.9375453899992863,-1,-1,-1,23785472,csv
INFO,2024-06-25 16:34:25.496,test_nullable_filter_reduce,flink,0,0.9599957339996763,-1,-1,-1,26816512,csv
INFO,2024-06-25 16:34:26.704,test_nullable_filter_reduce,flink,-1,1.0014465540007222,-1,-1,-1,38776832,cached
INFO,2024-06-25 16:34:27.652,test_nullable_filter_reduce,flink,0,0.9422564809992764,-1,-1,-1,18800640,cached
INFO,2024-06-25 16:34:30.246,test_nullable_filter_reduce,renoir,-1,2.5755425479983387,2.4792854040006205,0.09146499300004507,-1,0,csv
INFO,2024-06-25 16:34:32.887,test_nullable_filter_reduce,renoir,0,2.6371560099996714,2.540265936999276,0.09105871799874876,-1,0,csv
INFO,2024-06-25 16:34:36.142,test_nullable_filter_reduce,renoir,-1,3.2356599699996877,3.1358320159997675,0.09486613599983684,-1,0,cached
INFO,2024-06-25 16:34:38.780,test_nullable_filter_reduce,renoir,0,2.6340473070013104,2.5365132980005,0.09258597900043242,-1,0,cached
INFO,2024-06-25 16:34:38.815,test_nullable_filter_select,duckdb,-1,0.016424896000899025,-1,-1,-1,0,csv
INFO,2024-06-25 16:34:38.835,test_nullable_filter_select,duckdb,0,0.016042686000218964,-1,-1,-1,0,csv
INFO,2024-06-25 16:34:38.923,test_nullable_filter_select,duckdb,-1,0.013776087000223924,-1,-1,-1,0,cached
INFO,2024-06-25 16:34:38.943,test_nullable_filter_select,duckdb,0,0.01598854899930302,-1,-1,-1,-1425408,cached
INFO,2024-06-25 16:34:38.958,test_nullable_filter_select,polars,-1,0.010016239000833593,-1,-1,-1,0,csv
INFO,2024-06-25 16:34:38.972,test_nullable_filter_select,polars,0,0.010014059998866287,-1,-1,-1,0,csv
INFO,2024-06-25 16:34:38.992,test_nullable_filter_select,polars,-1,0.010999312999047106,-1,-1,-1,0,cached
INFO,2024-06-25 16:34:39.006,test_nullable_filter_select,polars,0,0.009930283000358031,-1,-1,-1,0,cached
INFO,2024-06-25 16:34:40.157,test_nullable_filter_select,flink,-1,0.965347010998812,-1,-1,-1,25235456,csv
INFO,2024-06-25 16:34:41.149,test_nullable_filter_select,flink,0,0.9882818789992598,-1,-1,-1,20344832,csv
INFO,2024-06-25 16:34:42.360,test_nullable_filter_select,flink,-1,1.0189768420004839,-1,-1,-1,26865664,cached
INFO,2024-06-25 16:34:43.334,test_nullable_filter_select,flink,0,0.9702619640011108,-1,-1,-1,12120064,cached
INFO,2024-06-25 16:34:44.612,test_nullable_filter_select,renoir,-1,1.2578730549994361,1.1551079300006677,0.0970929109989811,-1,0,csv
INFO,2024-06-25 16:34:45.878,test_nullable_filter_select,renoir,0,1.2625719210009265,1.1650569720004569,0.09297175899882859,-1,131072,csv
INFO,2024-06-25 16:34:47.154,test_nullable_filter_select,renoir,-1,1.255671128999893,1.1581352960001823,0.09297646800041548,-1,0,cached
INFO,2024-06-25 16:34:48.413,test_nullable_filter_select,renoir,0,1.255527589999474,1.1592164329995285,0.09177685199938423,-1,-7376896,cached
INFO,2024-06-25 16:34:48.456,test_nullable_group_reduce_group_reduce_join,duckdb,-1,0.024126628999511013,-1,-1,-1,4395008,csv
INFO,2024-06-25 16:34:48.484,test_nullable_group_reduce_group_reduce_join,duckdb,0,0.023955814000146347,-1,-1,-1,2752512,csv
INFO,2024-06-25 16:34:48.588,test_nullable_group_reduce_group_reduce_join,duckdb,-1,0.021881253000174183,-1,-1,-1,-5128192,cached
INFO,2024-06-25 16:34:48.614,test_nullable_group_reduce_group_reduce_join,duckdb,0,0.022032262000720948,-1,-1,-1,131072,cached
INFO,2024-06-25 16:34:48.631,test_nullable_group_reduce_group_reduce_join,polars,-1,0.012374310999803129,-1,-1,-1,1310720,csv
INFO,2024-06-25 16:34:48.647,test_nullable_group_reduce_group_reduce_join,polars,0,0.011657125000056112,-1,-1,-1,0,csv
INFO,2024-06-25 16:34:48.666,test_nullable_group_reduce_group_reduce_join,polars,-1,0.01098473899946839,-1,-1,-1,0,cached
INFO,2024-06-25 16:34:48.682,test_nullable_group_reduce_group_reduce_join,polars,0,0.011749646999305696,-1,-1,-1,0,cached
INFO,2024-06-25 16:34:50.359,test_nullable_group_reduce_group_reduce_join,flink,-1,1.478224370001044,-1,-1,-1,32436224,csv
INFO,2024-06-25 16:34:51.743,test_nullable_group_reduce_group_reduce_join,flink,0,1.3803296429996408,-1,-1,-1,49594368,csv
INFO,2024-06-25 16:34:53.174,test_nullable_group_reduce_group_reduce_join,flink,-1,1.1932061389998125,-1,-1,-1,36405248,cached
INFO,2024-06-25 16:34:54.475,test_nullable_group_reduce_group_reduce_join,flink,0,1.2970716639993043,-1,-1,-1,26816512,cached
INFO,2024-06-25 16:35:00.977,test_nullable_group_reduce_group_reduce_join,renoir,-1,6.481334099000378,6.36615500300104,0.10814524899979006,-1,-25665536,csv
INFO,2024-06-25 16:35:07.444,test_nullable_group_reduce_group_reduce_join,renoir,0,6.4629687659999036,6.354435245000786,0.10288657599994622,-1,0,csv
INFO,2024-06-25 16:35:14.340,test_nullable_group_reduce_group_reduce_join,renoir,-1,6.874664538001525,6.77491973999895,0.09404514400011976,-1,131072,cached
INFO,2024-06-25 16:35:21.951,test_nullable_group_reduce_group_reduce_join,renoir,0,7.607389991000673,7.50691758100038,0.09487742700002855,-1,131072,cached
INFO,2024-06-25 16:35:22.003,test_nullable_group_reduce_join_mutate,duckdb,-1,0.030135863000396057,-1,-1,-1,3801088,csv
INFO,2024-06-25 16:35:22.033,test_nullable_group_reduce_join_mutate,duckdb,0,0.026486938000743976,-1,-1,-1,1441792,csv
INFO,2024-06-25 16:35:22.128,test_nullable_group_reduce_join_mutate,duckdb,-1,0.021691589001420652,-1,-1,-1,262144,cached
INFO,2024-06-25 16:35:22.156,test_nullable_group_reduce_join_mutate,duckdb,0,0.02375945699895965,-1,-1,-1,0,cached
INFO,2024-06-25 16:35:22.175,test_nullable_group_reduce_join_mutate,polars,-1,0.013935855000454467,-1,-1,-1,0,csv
INFO,2024-06-25 16:35:22.194,test_nullable_group_reduce_join_mutate,polars,0,0.01456277599936584,-1,-1,-1,393216,csv
INFO,2024-06-25 16:35:22.218,test_nullable_group_reduce_join_mutate,polars,-1,0.014659882999694673,-1,-1,-1,0,cached
INFO,2024-06-25 16:35:22.236,test_nullable_group_reduce_join_mutate,polars,0,0.014203198999894084,-1,-1,-1,0,cached
INFO,2024-06-25 16:35:23.851,test_nullable_group_reduce_join_mutate,flink,-1,1.3597954779997963,-1,-1,-1,26931200,csv
INFO,2024-06-25 16:35:25.313,test_nullable_group_reduce_join_mutate,flink,0,1.4579139919987938,-1,-1,-1,25317376,csv
INFO,2024-06-25 16:35:26.950,test_nullable_group_reduce_join_mutate,flink,-1,1.4048869039997953,-1,-1,-1,34312192,cached
INFO,2024-06-25 16:35:28.350,test_nullable_group_reduce_join_mutate,flink,0,1.3961679399999412,-1,-1,-1,12087296,cached
INFO,2024-06-25 16:35:36.100,test_nullable_group_reduce_join_mutate,renoir,-1,7.726551326000845,7.612889350000842,0.10653807100061385,-1,0,csv
INFO,2024-06-25 16:35:43.882,test_nullable_group_reduce_join_mutate,renoir,0,7.777142660999743,7.671866093000062,0.09920007499931671,-1,0,csv
INFO,2024-06-25 16:35:50.875,test_nullable_group_reduce_join_mutate,renoir,-1,6.974612320998858,6.867786134000198,0.10044085499976063,-1,0,cached
INFO,2024-06-25 16:35:57.923,test_nullable_group_reduce_join_mutate,renoir,0,7.0438026409992744,6.93891419800093,0.09830319799948484,-1,131072,cached
INFO,2024-06-25 16:35:57.979,test_nullable_inner_join_select,duckdb,-1,0.03423954100071569,-1,-1,-1,131072,csv
INFO,2024-06-25 16:35:58.016,test_nullable_inner_join_select,duckdb,0,0.033482948998425854,-1,-1,-1,0,csv
INFO,2024-06-25 16:35:58.132,test_nullable_inner_join_select,duckdb,-1,0.03461122600128874,-1,-1,-1,-4939776,cached
INFO,2024-06-25 16:35:58.168,test_nullable_inner_join_select,duckdb,0,0.03195632300048601,-1,-1,-1,0,cached
INFO,2024-06-25 16:35:58.191,test_nullable_inner_join_select,polars,-1,0.016566845999477664,-1,-1,-1,131072,csv
INFO,2024-06-25 16:35:58.210,test_nullable_inner_join_select,polars,0,0.014616610000302899,-1,-1,-1,131072,csv
INFO,2024-06-25 16:35:58.232,test_nullable_inner_join_select,polars,-1,0.01393086100142682,-1,-1,-1,0,cached
INFO,2024-06-25 16:35:58.250,test_nullable_inner_join_select,polars,0,0.013513733998479438,-1,-1,-1,0,cached
INFO,2024-06-25 16:35:59.675,test_nullable_inner_join_select,flink,-1,1.1710715760000312,-1,-1,-1,24072192,csv
INFO,2024-06-25 16:36:00.864,test_nullable_inner_join_select,flink,0,1.1852497399995627,-1,-1,-1,22573056,csv
INFO,2024-06-25 16:36:02.379,test_nullable_inner_join_select,flink,-1,1.2339488960005838,-1,-1,-1,28057600,cached
INFO,2024-06-25 16:36:03.590,test_nullable_inner_join_select,flink,0,1.2073057399993559,-1,-1,-1,32231424,cached
INFO,2024-06-25 16:36:07.785,test_nullable_inner_join_select,renoir,-1,4.170121716999347,4.067076952000207,0.09386560100028873,-1,0,csv
INFO,2024-06-25 16:36:13.410,test_nullable_inner_join_select,renoir,0,5.620731924000211,5.510941784999886,0.10212357699856511,-1,-9478144,csv
INFO,2024-06-25 16:36:18.304,test_nullable_inner_join_select,renoir,-1,4.8576241610007855,4.753518127001371,0.09292526500030363,-1,0,cached
INFO,2024-06-25 16:36:22.624,test_nullable_inner_join_select,renoir,0,4.316715064000164,4.216067530998771,0.09311668700138398,-1,0,cached
INFO,2024-06-25 16:36:22.668,test_nullable_join_group_reduce,duckdb,-1,0.023087169000064023,-1,-1,-1,1966080,csv
INFO,2024-06-25 16:36:22.695,test_nullable_join_group_reduce,duckdb,0,0.02290175999951316,-1,-1,-1,1441792,csv
INFO,2024-06-25 16:36:22.787,test_nullable_join_group_reduce,duckdb,-1,0.018245281999043073,-1,-1,-1,0,cached
INFO,2024-06-25 16:36:22.818,test_nullable_join_group_reduce,duckdb,0,0.02750056299919379,-1,-1,-1,-6164480,cached
INFO,2024-06-25 16:36:22.834,test_nullable_join_group_reduce,polars,-1,0.011459213999842177,-1,-1,-1,0,csv
INFO,2024-06-25 16:36:22.850,test_nullable_join_group_reduce,polars,0,0.011622721000094316,-1,-1,-1,0,csv
INFO,2024-06-25 16:36:22.869,test_nullable_join_group_reduce,polars,-1,0.011592233000556007,-1,-1,-1,0,cached
INFO,2024-06-25 16:36:22.885,test_nullable_join_group_reduce,polars,0,0.011849184000311652,-1,-1,-1,0,cached
INFO,2024-06-25 16:36:24.535,test_nullable_join_group_reduce,flink,-1,1.3728200549994654,-1,-1,-1,25116672,csv
INFO,2024-06-25 16:36:25.942,test_nullable_join_group_reduce,flink,0,1.4032702339991374,-1,-1,-1,27172864,csv
INFO,2024-06-25 16:36:27.626,test_nullable_join_group_reduce,flink,-1,1.398144909999246,-1,-1,-1,24363008,cached
INFO,2024-06-25 16:36:29.026,test_nullable_join_group_reduce,flink,0,1.3954036450013518,-1,-1,-1,29667328,cached
INFO,2024-06-25 16:36:36.447,test_nullable_join_group_reduce,renoir,-1,7.401309695000236,7.264970429001551,0.1310694349995174,-1,-188416,csv
INFO,2024-06-25 16:36:43.953,test_nullable_join_group_reduce,renoir,0,7.501263680000193,7.3827871100002085,0.11111149000134901,-1,0,csv
INFO,2024-06-25 16:36:51.605,test_nullable_join_group_reduce,renoir,-1,7.6313018669989106,7.5312655609996,0.09466219099886075,-1,0,cached
INFO,2024-06-25 16:36:58.584,test_nullable_join_group_reduce,renoir,0,6.975405015999058,6.875497930001075,0.09447065899985319,-1,131072,cached
INFO,2024-06-25 16:36:58.625,test_nullable_left_join,duckdb,-1,0.020959420000508544,-1,-1,-1,385024,csv
INFO,2024-06-25 16:36:58.651,test_nullable_left_join,duckdb,0,0.021862625999347074,-1,-1,-1,0,csv
INFO,2024-06-25 16:36:58.742,test_nullable_left_join,duckdb,-1,0.017926665001141373,-1,-1,-1,-114688,cached
INFO,2024-06-25 16:36:58.765,test_nullable_left_join,duckdb,0,0.019637438999779988,-1,-1,-1,0,cached
INFO,2024-06-25 16:36:58.782,test_nullable_left_join,polars,-1,0.011475199999040342,-1,-1,-1,655360,csv
INFO,2024-06-25 16:36:58.799,test_nullable_left_join,polars,0,0.013257320000775508,-1,-1,-1,0,csv
INFO,2024-06-25 16:36:58.821,test_nullable_left_join,polars,-1,0.01230332399973122,-1,-1,-1,0,cached
INFO,2024-06-25 16:36:58.836,test_nullable_left_join,polars,0,0.010896714000409702,-1,-1,-1,0,cached
INFO,2024-06-25 16:37:00.957,test_nullable_left_join,flink,-1,1.8250149739997141,-1,-1,-1,14225408,csv
INFO,2024-06-25 16:37:02.475,test_nullable_left_join,flink,0,1.5143128120016627,-1,-1,-1,17584128,csv
INFO,2024-06-25 16:37:04.288,test_nullable_left_join,flink,-1,1.5339742220003245,-1,-1,-1,19365888,cached
INFO,2024-06-25 16:37:05.816,test_nullable_left_join,flink,0,1.5233122860008734,-1,-1,-1,20250624,cached
INFO,2024-06-25 16:37:10.045,test_nullable_left_join,renoir,-1,4.2097054309997475,4.111809100000755,0.09253275299852248,-1,0,csv
INFO,2024-06-25 16:37:15.562,test_nullable_left_join,renoir,0,5.513208599999416,5.401777252998727,0.10618695699849923,-1,0,csv
INFO,2024-06-25 16:37:20.140,test_nullable_left_join,renoir,-1,4.555451465999795,4.446635751999565,0.1013176399992517,-1,131072,cached
INFO,2024-06-25 16:37:24.716,test_nullable_left_join,renoir,0,4.569680685999629,4.469173862000389,0.09481395699913264,-1,0,cached
INFO,2024-06-25 16:37:24.759,test_nullable_outer_join,duckdb,-1,0.020787903000382357,-1,-1,-1,131072,csv
INFO,2024-06-25 16:37:24.784,test_nullable_outer_join,duckdb,0,0.02121970600092027,-1,-1,-1,131072,csv
INFO,2024-06-25 16:37:24.875,test_nullable_outer_join,duckdb,-1,0.01845683499959705,-1,-1,-1,131072,cached
INFO,2024-06-25 16:37:24.898,test_nullable_outer_join,duckdb,0,0.019238384000345832,-1,-1,-1,131072,cached
INFO,2024-06-25 16:37:24.916,test_nullable_outer_join,polars,-1,0.012085345000741654,-1,-1,-1,524288,csv
INFO,2024-06-25 16:37:24.943,test_nullable_outer_join,polars,0,0.021080967999296263,-1,-1,-1,0,csv
INFO,2024-06-25 16:37:24.975,test_nullable_outer_join,polars,-1,0.014722362999236793,-1,-1,-1,0,cached
INFO,2024-06-25 16:37:24.993,test_nullable_outer_join,polars,0,0.012187639000330819,-1,-1,-1,0,cached
INFO,2024-06-25 16:37:26.843,test_nullable_outer_join,flink,-1,1.537834015000044,-1,-1,-1,24326144,csv
INFO,2024-06-25 16:37:28.443,test_nullable_outer_join,flink,0,1.5967148349991476,-1,-1,-1,24412160,csv
INFO,2024-06-25 16:37:30.331,test_nullable_outer_join,flink,-1,1.5709524779995263,-1,-1,-1,19939328,cached
INFO,2024-06-25 16:37:31.914,test_nullable_outer_join,flink,0,1.579921980999643,-1,-1,-1,19660800,cached
INFO,2024-06-25 16:37:35.962,test_nullable_outer_join,renoir,-1,4.028598210001292,3.924529428999449,0.09645661700051278,-1,0,csv
INFO,2024-06-25 16:37:41.218,test_nullable_outer_join,renoir,0,5.249964918000842,5.070129466999788,0.1711360240005888,-1,0,csv
INFO,2024-06-25 16:37:45.829,test_nullable_outer_join,renoir,-1,4.578065372999845,4.47928748600134,0.09246181300113676,-1,0,cached
INFO,2024-06-25 16:37:50.294,test_nullable_outer_join,renoir,0,4.46178309500101,4.361042099999395,0.09406004100128484,-1,0,cached
INFO,2024-06-25 16:37:50.336,test_nullable_windowing_explicit,duckdb,-1,0.020286123999539996,-1,-1,-1,262144,csv
INFO,2024-06-25 16:37:50.358,test_nullable_windowing_explicit,duckdb,0,0.018205939999461407,-1,-1,-1,262144,csv
INFO,2024-06-25 16:37:50.452,test_nullable_windowing_explicit,duckdb,-1,0.015324126001360128,-1,-1,-1,131072,cached
INFO,2024-06-25 16:37:50.474,test_nullable_windowing_explicit,duckdb,0,0.018097348000083002,-1,-1,-1,0,cached
INFO,2024-06-25 16:37:50.488,test_nullable_windowing_explicit,polars,-1,-1,-1,-1,-1,0,csv
INFO,2024-06-25 16:37:50.502,test_nullable_windowing_explicit,polars,0,-1,-1,-1,-1,0,csv
INFO,2024-06-25 16:37:50.519,test_nullable_windowing_explicit,polars,-1,-1,-1,-1,-1,0,cached
INFO,2024-06-25 16:37:50.532,test_nullable_windowing_explicit,polars,0,-1,-1,-1,-1,0,cached
INFO,2024-06-25 16:37:50.912,test_nullable_windowing_explicit,flink,-1,-1,-1,-1,-1,0,csv
INFO,2024-06-25 16:37:50.926,test_nullable_windowing_explicit,flink,0,-1,-1,-1,-1,0,csv
INFO,2024-06-25 16:37:51.272,test_nullable_windowing_explicit,flink,-1,-1,-1,-1,-1,0,cached
INFO,2024-06-25 16:37:51.287,test_nullable_windowing_explicit,flink,0,-1,-1,-1,-1,0,cached
INFO,2024-06-25 16:37:54.246,test_nullable_windowing_explicit,renoir,-1,2.93661791500017,2.839199621001171,0.09219788699920173,-1,0,csv
INFO,2024-06-25 16:37:57.223,test_nullable_windowing_explicit,renoir,0,2.9737587710005755,2.8752555339997343,0.09323504399981175,-1,131072,csv
INFO,2024-06-25 16:38:00.164,test_nullable_windowing_explicit,renoir,-1,2.921456374000627,2.8224595339997904,0.09361465199981467,-1,0,cached
INFO,2024-06-25 16:38:03.095,test_nullable_windowing_explicit,renoir,0,2.9269425269994827,2.828647076999914,0.09273934100019687,-1,0,cached
INFO,2024-06-25 16:38:03.135,test_nullable_windowing_explicit_group,duckdb,-1,0.021134353999514133,-1,-1,-1,1392640,csv
INFO,2024-06-25 16:38:03.160,test_nullable_windowing_explicit_group,duckdb,0,0.021053595000921632,-1,-1,-1,782336,csv
INFO,2024-06-25 16:38:03.256,test_nullable_windowing_explicit_group,duckdb,-1,0.018485470000086934,-1,-1,-1,262144,cached
INFO,2024-06-25 16:38:03.280,test_nullable_windowing_explicit_group,duckdb,0,0.020093167999220896,-1,-1,-1,131072,cached
INFO,2024-06-25 16:38:03.296,test_nullable_windowing_explicit_group,polars,-1,-1,-1,-1,-1,0,csv
INFO,2024-06-25 16:38:03.311,test_nullable_windowing_explicit_group,polars,0,-1,-1,-1,-1,0,csv
INFO,2024-06-25 16:38:03.330,test_nullable_windowing_explicit_group,polars,-1,-1,-1,-1,-1,0,cached
INFO,2024-06-25 16:38:03.345,test_nullable_windowing_explicit_group,polars,0,-1,-1,-1,-1,0,cached
INFO,2024-06-25 16:38:03.682,test_nullable_windowing_explicit_group,flink,-1,-1,-1,-1,-1,0,csv
INFO,2024-06-25 16:38:03.697,test_nullable_windowing_explicit_group,flink,0,-1,-1,-1,-1,0,csv
INFO,2024-06-25 16:38:04.082,test_nullable_windowing_explicit_group,flink,-1,-1,-1,-1,-1,0,cached
INFO,2024-06-25 16:38:04.097,test_nullable_windowing_explicit_group,flink,0,-1,-1,-1,-1,0,cached
INFO,2024-06-25 16:38:06.872,test_nullable_windowing_explicit_group,renoir,-1,2.7555674180002825,2.6533399090003513,0.09571228200002224,-1,0,csv
INFO,2024-06-25 16:38:09.671,test_nullable_windowing_explicit_group,renoir,0,2.7952567060001456,2.6949768949998543,0.09386251999967499,-1,0,csv
INFO,2024-06-25 16:38:12.467,test_nullable_windowing_explicit_group,renoir,-1,2.7778854709995358,2.673821937998582,0.09779336999963562,-1,0,cached
INFO,2024-06-25 16:38:15.833,test_nullable_windowing_explicit_group,renoir,0,3.361678540999492,3.263066534000245,0.09245870799895783,-1,0,cached
INFO,2024-06-25 16:38:15.875,test_nullable_windowing_explicit_window_far,duckdb,-1,0.021756631998869125,-1,-1,-1,-2584576,csv
INFO,2024-06-25 16:38:15.898,test_nullable_windowing_explicit_window_far,duckdb,0,0.019341068000358064,-1,-1,-1,262144,csv
INFO,2024-06-25 16:38:15.987,test_nullable_windowing_explicit_window_far,duckdb,-1,0.01627793300031044,-1,-1,-1,131072,cached
INFO,2024-06-25 16:38:16.010,test_nullable_windowing_explicit_window_far,duckdb,0,0.019170731999111013,-1,-1,-1,-135168,cached
INFO,2024-06-25 16:38:16.025,test_nullable_windowing_explicit_window_far,polars,-1,-1,-1,-1,-1,0,csv
INFO,2024-06-25 16:38:16.039,test_nullable_windowing_explicit_window_far,polars,0,-1,-1,-1,-1,0,csv
INFO,2024-06-25 16:38:16.057,test_nullable_windowing_explicit_window_far,polars,-1,-1,-1,-1,-1,0,cached
INFO,2024-06-25 16:38:16.071,test_nullable_windowing_explicit_window_far,polars,0,-1,-1,-1,-1,0,cached
INFO,2024-06-25 16:38:16.464,test_nullable_windowing_explicit_window_far,flink,-1,-1,-1,-1,-1,0,csv
INFO,2024-06-25 16:38:16.478,test_nullable_windowing_explicit_window_far,flink,0,-1,-1,-1,-1,0,csv
INFO,2024-06-25 16:38:16.903,test_nullable_windowing_explicit_window_far,flink,-1,-1,-1,-1,-1,0,cached
INFO,2024-06-25 16:38:16.917,test_nullable_windowing_explicit_window_far,flink,0,-1,-1,-1,-1,0,cached
INFO,2024-06-25 16:38:20.110,test_nullable_windowing_explicit_window_far,renoir,-1,3.173199453000052,3.0757384480002656,0.09177009099948918,-1,0,csv
INFO,2024-06-25 16:38:23.115,test_nullable_windowing_explicit_window_far,renoir,0,3.0017450989998906,2.898847308999393,0.09725715400054469,-1,0,csv
INFO,2024-06-25 16:38:26.119,test_nullable_windowing_explicit_window_far,renoir,-1,2.983833545999005,2.884989302001486,0.09287111300000106,-1,0,cached
INFO,2024-06-25 16:38:29.283,test_nullable_windowing_explicit_window_far,renoir,0,3.1607178550002573,3.0635126220004167,0.09144821899826638,-1,0,cached
INFO,2024-06-25 16:38:29.328,test_nullable_windowing_implicit_group,duckdb,-1,0.02363548900029855,-1,-1,-1,-3448832,csv
INFO,2024-06-25 16:38:29.353,test_nullable_windowing_implicit_group,duckdb,0,0.021214779999354505,-1,-1,-1,131072,csv
INFO,2024-06-25 16:38:29.449,test_nullable_windowing_implicit_group,duckdb,-1,0.016340521000529407,-1,-1,-1,262144,cached
INFO,2024-06-25 16:38:29.472,test_nullable_windowing_implicit_group,duckdb,0,0.018685286000618362,-1,-1,-1,131072,cached
INFO,2024-06-25 16:38:29.487,test_nullable_windowing_implicit_group,polars,-1,-1,-1,-1,-1,0,csv
INFO,2024-06-25 16:38:29.502,test_nullable_windowing_implicit_group,polars,0,-1,-1,-1,-1,0,csv
INFO,2024-06-25 16:38:29.520,test_nullable_windowing_implicit_group,polars,-1,-1,-1,-1,-1,0,cached
INFO,2024-06-25 16:38:29.533,test_nullable_windowing_implicit_group,polars,0,-1,-1,-1,-1,0,cached
INFO,2024-06-25 16:38:29.952,test_nullable_windowing_implicit_group,flink,-1,-1,-1,-1,-1,0,csv
INFO,2024-06-25 16:38:29.968,test_nullable_windowing_implicit_group,flink,0,-1,-1,-1,-1,0,csv
INFO,2024-06-25 16:38:30.387,test_nullable_windowing_implicit_group,flink,-1,-1,-1,-1,-1,0,cached
INFO,2024-06-25 16:38:30.404,test_nullable_windowing_implicit_group,flink,0,-1,-1,-1,-1,0,cached
INFO,2024-06-25 16:38:37.844,test_nullable_windowing_implicit_group,renoir,-1,7.420466587000192,7.307030734000364,0.1076849309993122,-1,131072,csv
INFO,2024-06-25 16:38:45.500,test_nullable_windowing_implicit_group,renoir,0,7.65195407399915,7.531269102999431,0.11406189599983918,-1,0,csv
INFO,2024-06-25 16:38:53.548,test_nullable_windowing_implicit_group,renoir,-1,8.02238238300015,7.869683323000572,0.14667249100057234,-1,0,cached
INFO,2024-06-25 16:39:01.198,test_nullable_windowing_implicit_group,renoir,0,7.6457464340001025,7.542167593001068,0.09695793100036099,-1,0,cached
INFO,2024-06-25 16:39:01.235,test_nullable_windowing_implicit_mean,duckdb,-1,0.016985580999971717,-1,-1,-1,114688,csv
INFO,2024-06-25 16:39:01.256,test_nullable_windowing_implicit_mean,duckdb,0,0.01723570799913432,-1,-1,-1,-4096,csv
INFO,2024-06-25 16:39:01.343,test_nullable_windowing_implicit_mean,duckdb,-1,0.015318666000894154,-1,-1,-1,131072,cached
INFO,2024-06-25 16:39:01.364,test_nullable_windowing_implicit_mean,duckdb,0,0.01769135200083838,-1,-1,-1,0,cached
INFO,2024-06-25 16:39:01.379,test_nullable_windowing_implicit_mean,polars,-1,-1,-1,-1,-1,0,csv
INFO,2024-06-25 16:39:01.392,test_nullable_windowing_implicit_mean,polars,0,-1,-1,-1,-1,0,csv
INFO,2024-06-25 16:39:01.409,test_nullable_windowing_implicit_mean,polars,-1,-1,-1,-1,-1,0,cached
INFO,2024-06-25 16:39:01.423,test_nullable_windowing_implicit_mean,polars,0,-1,-1,-1,-1,0,cached
INFO,2024-06-25 16:39:01.871,test_nullable_windowing_implicit_mean,flink,-1,-1,-1,-1,-1,0,csv
INFO,2024-06-25 16:39:01.886,test_nullable_windowing_implicit_mean,flink,0,-1,-1,-1,-1,0,csv
INFO,2024-06-25 16:39:02.335,test_nullable_windowing_implicit_mean,flink,-1,-1,-1,-1,-1,0,cached
INFO,2024-06-25 16:39:02.349,test_nullable_windowing_implicit_mean,flink,0,-1,-1,-1,-1,0,cached
INFO,2024-06-25 16:39:08.981,test_nullable_windowing_implicit_mean,renoir,-1,6.604980562000492,6.50570510399848,0.09394436399998085,-1,0,csv
INFO,2024-06-25 16:39:15.752,test_nullable_windowing_implicit_mean,renoir,0,6.767094459000873,6.66248760399867,0.09925201599980937,-1,0,csv
INFO,2024-06-25 16:39:22.827,test_nullable_windowing_implicit_mean,renoir,-1,7.054337363999366,6.938058128000193,0.1106715180012543,-1,0,cached
INFO,2024-06-25 16:39:29.814,test_nullable_windowing_implicit_mean,renoir,0,6.982337590001407,6.881868925998788,0.09483802899922011,-1,0,cached
INFO,2024-06-25 16:39:29.851,test_nullable_windowing_implicit_sum,duckdb,-1,0.016799805000118795,-1,-1,-1,131072,csv
INFO,2024-06-25 16:39:29.870,test_nullable_windowing_implicit_sum,duckdb,0,0.01607879800030787,-1,-1,-1,0,csv
INFO,2024-06-25 16:39:29.959,test_nullable_windowing_implicit_sum,duckdb,-1,0.01418485599970154,-1,-1,-1,-139264,cached
INFO,2024-06-25 16:39:29.979,test_nullable_windowing_implicit_sum,duckdb,0,0.01633548000063456,-1,-1,-1,131072,cached
INFO,2024-06-25 16:39:29.994,test_nullable_windowing_implicit_sum,polars,-1,-1,-1,-1,-1,0,csv
INFO,2024-06-25 16:39:30.007,test_nullable_windowing_implicit_sum,polars,0,-1,-1,-1,-1,0,csv
INFO,2024-06-25 16:39:30.024,test_nullable_windowing_implicit_sum,polars,-1,-1,-1,-1,-1,0,cached
INFO,2024-06-25 16:39:30.037,test_nullable_windowing_implicit_sum,polars,0,-1,-1,-1,-1,0,cached
INFO,2024-06-25 16:39:30.506,test_nullable_windowing_implicit_sum,flink,-1,-1,-1,-1,-1,0,csv
INFO,2024-06-25 16:39:30.520,test_nullable_windowing_implicit_sum,flink,0,-1,-1,-1,-1,0,csv
INFO,2024-06-25 16:39:31.006,test_nullable_windowing_implicit_sum,flink,-1,-1,-1,-1,-1,0,cached
INFO,2024-06-25 16:39:31.020,test_nullable_windowing_implicit_sum,flink,0,-1,-1,-1,-1,0,cached
INFO,2024-06-25 16:39:37.450,test_nullable_windowing_implicit_sum,renoir,-1,6.410437454000203,6.308838954000748,0.0960437699995964,-1,0,csv
INFO,2024-06-25 16:39:43.985,test_nullable_windowing_implicit_sum,renoir,0,6.531401367999933,6.4338141519983765,0.09277197600022191,-1,0,csv
INFO,2024-06-25 16:39:50.408,test_nullable_windowing_implicit_sum,renoir,-1,6.4021324519999325,6.301480891999745,0.09557550300087314,-1,0,cached
INFO,2024-06-25 16:39:57.153,test_nullable_windowing_implicit_sum,renoir,0,6.741204776000814,6.64213430000018,0.09415127700049197,-1,131072,cached
INFO,2024-06-25 16:39:57.223,test_nexmark_query_1,duckdb,-1,0.02561819099901186,-1,-1,-1,204800,csv
INFO,2024-06-25 16:39:57.254,test_nexmark_query_1,duckdb,0,0.02761638199990557,-1,-1,-1,139264,csv
INFO,2024-06-25 16:39:57.409,test_nexmark_query_1,duckdb,-1,0.018527553998865187,-1,-1,-1,0,cached
INFO,2024-06-25 16:39:57.433,test_nexmark_query_1,duckdb,0,0.01986666199991305,-1,-1,-1,0,cached
INFO,2024-06-25 16:39:57.450,test_nexmark_query_1,polars,-1,0.011589785999603919,-1,-1,-1,262144,csv
INFO,2024-06-25 16:39:57.467,test_nexmark_query_1,polars,0,0.012852023000959889,-1,-1,-1,131072,csv
INFO,2024-06-25 16:39:57.493,test_nexmark_query_1,polars,-1,0.012126552001063828,-1,-1,-1,0,cached
INFO,2024-06-25 16:39:57.508,test_nexmark_query_1,polars,0,0.011225591999391327,-1,-1,-1,131072,cached
INFO,2024-06-25 16:40:01.117,test_nexmark_query_1,flink,-1,2.1181650159996934,-1,-1,-1,17657856,csv
INFO,2024-06-25 16:40:03.217,test_nexmark_query_1,flink,0,2.095785834999333,-1,-1,-1,16179200,csv
INFO,2024-06-25 16:40:06.822,test_nexmark_query_1,flink,-1,2.1415865429989935,-1,-1,-1,16424960,cached
INFO,2024-06-25 16:40:09.134,test_nexmark_query_1,flink,0,2.3076498880000145,-1,-1,-1,11239424,cached
INFO,2024-06-25 16:40:10.472,test_nexmark_query_1,renoir,-1,1.3011496199997055,1.2031853279986535,0.0927491780003038,-1,0,csv
INFO,2024-06-25 16:40:11.767,test_nexmark_query_1,renoir,0,1.2920294270006707,1.1951240260004852,0.09150813500127697,-1,0,csv
INFO,2024-06-25 16:40:13.097,test_nexmark_query_1,renoir,-1,1.2915195309997216,1.1949004319994856,0.0912884680001298,-1,0,cached
INFO,2024-06-25 16:40:14.945,test_nexmark_query_1,renoir,0,1.8448844470003678,1.682861810999384,0.1565005080010451,-1,0,cached
INFO,2024-06-25 16:40:15.018,test_nexmark_query_2,duckdb,-1,0.03375350299938873,-1,-1,-1,163840,csv
INFO,2024-06-25 16:40:15.061,test_nexmark_query_2,duckdb,0,0.03877136399933079,-1,-1,-1,-5677056,csv
INFO,2024-06-25 16:40:15.259,test_nexmark_query_2,duckdb,-1,0.025542245999531588,-1,-1,-1,131072,cached
INFO,2024-06-25 16:40:15.289,test_nexmark_query_2,duckdb,0,0.02470833000006678,-1,-1,-1,0,cached
INFO,2024-06-25 16:40:15.317,test_nexmark_query_2,polars,-1,0.01922488499985775,-1,-1,-1,131072,csv
INFO,2024-06-25 16:40:15.338,test_nexmark_query_2,polars,0,0.015547720999165904,-1,-1,-1,131072,csv
INFO,2024-06-25 16:40:15.372,test_nexmark_query_2,polars,-1,0.014889422000123886,-1,-1,-1,0,cached
INFO,2024-06-25 16:40:15.389,test_nexmark_query_2,polars,0,0.012343803000476328,-1,-1,-1,0,cached
INFO,2024-06-25 16:40:18.591,test_nexmark_query_2,flink,-1,1.426407871000265,-1,-1,-1,15937536,csv
INFO,2024-06-25 16:40:20.000,test_nexmark_query_2,flink,0,1.4052837689996522,-1,-1,-1,15015936,csv
INFO,2024-06-25 16:40:22.995,test_nexmark_query_2,flink,-1,1.4358086339998408,-1,-1,-1,15495168,cached
INFO,2024-06-25 16:40:24.382,test_nexmark_query_2,flink,0,1.3840100299985352,-1,-1,-1,20631552,cached
INFO,2024-06-25 16:40:25.711,test_nexmark_query_2,renoir,-1,1.2907349160013837,1.1905548100003216,0.09475570799986599,-1,0,csv
INFO,2024-06-25 16:40:27.033,test_nexmark_query_2,renoir,0,1.317834593999578,1.2111910719995649,0.10061704799954896,-1,0,csv
INFO,2024-06-25 16:40:28.445,test_nexmark_query_2,renoir,-1,1.3738502169999265,1.271985367000525,0.09617527400041581,-1,0,cached
INFO,2024-06-25 16:40:29.849,test_nexmark_query_2,renoir,0,1.4011748299999454,1.2629016779992526,0.13256435100083763,-1,0,cached
INFO,2024-06-25 16:40:29.933,test_nexmark_query_3,duckdb,-1,0.040388960000200314,-1,-1,-1,131072,csv
INFO,2024-06-25 16:40:29.986,test_nexmark_query_3,duckdb,0,0.046956190999480896,-1,-1,-1,131072,csv
INFO,2024-06-25 16:40:30.210,test_nexmark_query_3,duckdb,-1,0.04536838199965132,-1,-1,-1,0,cached
INFO,2024-06-25 16:40:30.263,test_nexmark_query_3,duckdb,0,0.04701935999946727,-1,-1,-1,0,cached
INFO,2024-06-25 16:40:30.297,test_nexmark_query_3,polars,-1,0.025735445000464097,-1,-1,-1,262144,csv
INFO,2024-06-25 16:40:30.328,test_nexmark_query_3,polars,0,0.0248514310005703,-1,-1,-1,0,csv
INFO,2024-06-25 16:40:30.371,test_nexmark_query_3,polars,-1,0.02243492300112848,-1,-1,-1,0,cached
INFO,2024-06-25 16:40:30.404,test_nexmark_query_3,polars,0,0.026216161999400356,-1,-1,-1,0,cached
INFO,2024-06-25 16:40:33.488,test_nexmark_query_3,flink,-1,0.9984050189996196,-1,-1,-1,41111552,csv
INFO,2024-06-25 16:40:34.446,test_nexmark_query_3,flink,0,0.9545180990007793,-1,-1,-1,17420288,csv
INFO,2024-06-25 16:40:37.087,test_nexmark_query_3,flink,-1,0.9854535570011649,-1,-1,-1,18685952,cached
INFO,2024-06-25 16:40:38.041,test_nexmark_query_3,flink,0,0.9494258060003631,-1,-1,-1,32227328,cached
INFO,2024-06-25 16:40:42.487,test_nexmark_query_3,renoir,-1,4.405491004999931,4.303222578000714,0.09272812699964561,-1,-22212608,csv
INFO,2024-06-25 16:40:47.919,test_nexmark_query_3,renoir,0,5.428244221000568,5.310571418000109,0.10707053000078304,-1,0,csv
INFO,2024-06-25 16:40:52.143,test_nexmark_query_3,renoir,-1,4.181674681000004,4.076186115000382,0.09617411799990805,-1,131072,cached
INFO,2024-06-25 16:40:56.377,test_nexmark_query_3,renoir,0,4.230341520000366,4.1256675259992335,0.09481399300057092,-1,0,cached
INFO,2024-06-25 16:40:56.471,test_nexmark_query_4,duckdb,-1,0.05766294800014293,-1,-1,-1,12410880,csv
INFO,2024-06-25 16:40:56.525,test_nexmark_query_4,duckdb,0,0.05066594199888641,-1,-1,-1,2633728,csv
INFO,2024-06-25 16:40:56.680,test_nexmark_query_4,duckdb,-1,0.03139873000145599,-1,-1,-1,0,cached
INFO,2024-06-25 16:40:56.719,test_nexmark_query_4,duckdb,0,0.03534619099991687,-1,-1,-1,0,cached
INFO,2024-06-25 16:40:56.741,test_nexmark_query_4,polars,-1,-1,-1,-1,-1,-139264,csv
INFO,2024-06-25 16:40:56.762,test_nexmark_query_4,polars,0,-1,-1,-1,-1,0,csv
INFO,2024-06-25 16:40:56.793,test_nexmark_query_4,polars,-1,-1,-1,-1,-1,0,cached
INFO,2024-06-25 16:40:56.818,test_nexmark_query_4,polars,0,-1,-1,-1,-1,0,cached
INFO,2024-06-25 16:41:00.313,test_nexmark_query_4,flink,-1,1.6963531050005258,-1,-1,-1,18579456,csv
INFO,2024-06-25 16:41:01.956,test_nexmark_query_4,flink,0,1.6389641639998445,-1,-1,-1,16211968,csv
INFO,2024-06-25 16:41:05.436,test_nexmark_query_4,flink,-1,1.691949048999959,-1,-1,-1,-15155200,cached
INFO,2024-06-25 16:41:07.141,test_nexmark_query_4,flink,0,1.700636358000338,-1,-1,-1,96296960,cached
INFO,2024-06-25 16:41:14.668,test_nexmark_query_4,renoir,-1,7.489361096999346,7.361566126999605,0.11380558199925872,-1,-196608,csv
INFO,2024-06-25 16:41:21.963,test_nexmark_query_4,renoir,0,7.287964290999298,7.175366854999083,0.09431394199964416,-1,0,csv
INFO,2024-06-25 16:41:28.670,test_nexmark_query_4,renoir,-1,6.6712535730002855,6.565865888998815,0.09378489399932732,-1,0,cached
INFO,2024-06-25 16:41:35.886,test_nexmark_query_4,renoir,0,7.211812704999829,7.102674980000302,0.09609274499962339,-1,0,cached
INFO,2024-06-25 16:41:35.971,test_nexmark_query_6,duckdb,-1,0.04887601600057678,-1,-1,-1,745472,csv
INFO,2024-06-25 16:41:36.027,test_nexmark_query_6,duckdb,0,0.052133465998849715,-1,-1,-1,2318336,csv
INFO,2024-06-25 16:41:36.210,test_nexmark_query_6,duckdb,-1,0.0350650839991431,-1,-1,-1,1310720,cached
INFO,2024-06-25 16:41:36.252,test_nexmark_query_6,duckdb,0,0.03732442200089281,-1,-1,-1,131072,cached
INFO,2024-06-25 16:41:36.275,test_nexmark_query_6,polars,-1,-1,-1,-1,-1,0,csv
INFO,2024-06-25 16:41:36.297,test_nexmark_query_6,polars,0,-1,-1,-1,-1,0,csv
INFO,2024-06-25 16:41:36.327,test_nexmark_query_6,polars,-1,-1,-1,-1,-1,0,cached
INFO,2024-06-25 16:41:36.349,test_nexmark_query_6,polars,0,-1,-1,-1,-1,0,cached
INFO,2024-06-25 16:41:38.241,test_nexmark_query_6,flink,-1,-1,-1,-1,-1,0,csv
INFO,2024-06-25 16:41:38.266,test_nexmark_query_6,flink,0,-1,-1,-1,-1,0,csv
INFO,2024-06-25 16:41:40.449,test_nexmark_query_6,flink,-1,-1,-1,-1,-1,0,cached
INFO,2024-06-25 16:41:40.474,test_nexmark_query_6,flink,0,-1,-1,-1,-1,0,cached
INFO,2024-06-25 16:41:47.586,test_nexmark_query_6,renoir,-1,7.075160734000747,6.9602830140011065,0.10133383300126297,-1,0,csv
INFO,2024-06-25 16:41:55.487,test_nexmark_query_6,renoir,0,7.897053042001062,7.790054848999716,0.09390436000103364,-1,0,csv
INFO,2024-06-25 16:42:03.062,test_nexmark_query_6,renoir,-1,7.519521910000549,7.402888128999621,0.1009247370002413,-1,0,cached
INFO,2024-06-25 16:42:11.067,test_nexmark_query_6,renoir,0,8.000913545000003,7.8907105660000525,0.09678572499979055,-1,-212992,cached
